aaa	T R IH P AH L EY
aaliyah	AA L IY AA
aaron	EH R AH N
aba	EY B IY EY
abandon	AH B AE N D AH N
abandoned	AH B AE N D AH N D
abatement	AH B EY T M AH N T
abba	AE B AH
abbey	AE B IY
abbott	AE B AH T
abbreviation	AH B R IY V IY EY SH AH N
abby	AE B IY
abc	EY B IY S IY
abdominal	AE B D AA M AH N AH L
abdul	AE B D UW L
abe	EY B
aberdeen	AE B ER D IY N
abide	AH B AY D
abigail	AE B AH G EY L
abilities	AH B IH L AH T IY Z
ability	AH B IH L AH T IY
able	EY B AH L
abnormal	AE B N AO R M AH L
aboard	AH B AO R D
aboriginal	AE B ER IH JH AH N AH L
abortion	AH B AO R SH AH N
about	AH B AW T
above	AH B AH V
abraham	EY B R AH HH AE M
abroad	AH B R AO D
abs	EY B IY EH S
absence	AE B S AH N S
absent	AE B S AH N T
absolute	AE B S AH L UW T
absolutely	AE B S AH L UW T L IY
absorb	AH B Z AO R B
absorbed	AH B Z AO R B D
absorbing	AH B Z AO R B IH NG
absorption	AH B Z AO R P SH AH N
abstract	AE B S T R AE K T
abstraction	AE B S T R AE K SH AH N
abstracts	AE B S T R AE K T S
absurd	AH B S ER D
abt	AE B T
abu	AE B UW
abundance	AH B AH N D AH N S
abundant	AH B AH N D AH N T
abuse	AH B Y UW S
abused	AH B Y UW Z D
abuses	AH B Y UW S IH Z
abusive	AH B Y UW S IH V
aca	AE K AH
academia	AE K AH D IY M IY AH
academic	AE K AH D EH M IH K
academics	AE K AH D EH M IH K S
academies	AH K AE D AH M IY Z
academy	AH K AE D AH M IY
acapulco	AE K AH P UH L K OW
acc	AY S IY S IY
accel	AH K S EH L
accelerate	AE K S EH L ER EY T
accelerated	AE K S EH L ER EY T IH D
acceleration	AE K S EH L ER EY SH AH N
accelerator	AE K S EH L ER EY T ER
accent	AH K S EH N T
accents	AE K S EH N T S
accept	AE K S EH P T
acceptable	AE K S EH P T AH B AH L
acceptance	AE K S EH P T AH N S
accepted	AE K S EH P T IH D
accepting	AE K S EH P T IH NG
accepts	AE K S EH P T S
access	AE K S EH S
accessed	AE K S EH S T
accessible	AE K S EH S AH B AH L
accessing	AE K S EH S IH NG
accession	AH K S EH SH AH N
accessories	AE K S EH S ER IY Z
accessory	AE K S EH S ER IY
accident	AE K S AH D AH N T
accidental	AE K S AH D EH N T AH L
accidentally	AE K S AH D EH N T AH L IY
accidents	AE K S AH D AH N T S
acclaim	AH K L EY M
acclaimed	AH K L EY M D
accolades	AE K AH L EY D Z
accommodate	AH K AA M AH D EY T
accompanied	AH K AH M P AH N IY D
accompany	AH K AH M P AH N IY
accompanying	AH K AH M P AH N IY IH NG
accomplish	AH K AA M P L IH SH
accomplished	AH K AA M P L IH SH T
accord	AH K AO R D
accordance	AH K AO R D AH N S
according	AH K AO R D IH NG
accordingly	AH K AO R D IH NG L IY
account	AH K AW N T
accountable	AH K AW N T AH B AH L
accountancy	AH K AW N T AH N S IY
accountant	AH K AW N T AH N T
accountants	AH K AW N T AH N T S
accounted	AH K AW N T IH D
accounting	AH K AW N T IH NG
accounts	AH K AW N T S
accredited	AH K R EH D IH T IH D
accrued	AH K R UW D
accumulate	AH K Y UW M Y AH L EY T
accumulated	AH K Y UW M Y AH L EY T IH D
accumulation	AH K Y UW M Y AH L EY SH AH N
accuracy	AE K Y ER AH S IY
accurate	AE K Y ER AH T
accurately	AE K Y ER AH T L IY
accused	AH K Y UW Z D
accustomed	AH K AH S T AH M D
ace	EY S
acer	EY S ER
aces	EY S IH Z
acetate	AE S AH T EY T
achieve	AH CH IY V
achieved	AH CH IY V D
achievement	AH CH IY V M AH N T
achievements	AH CH IY V M AH N T S
achieves	AH CH IY V Z
achieving	AH CH IY V IH NG
acid	AE S AH D
acids	AE S AH D Z
ack	AE K
acknowledge	AE K N AA L IH JH
acknowledged	AE K N AA L IH JH D
acknowledges	AE K N AA L IH JH IH Z
acm	EY S IY EH M
acme	AE K M IY
acne	AE K N IY
acorn	EY K AO R N
acoustic	AH K UW S T IH K
acoustics	AH K UW S T IH K S
acquire	AH K W AY ER
acquired	AH K W AY ER D
acquires	AH K W AY ER Z
acquiring	AH K W AY R IH NG
acquisition	AE K W AH Z IH SH AH N
acquisitions	AE K W AH Z IH SH AH N Z
acre	EY K ER
acreage	EY K ER IH JH
acres	EY K ER Z
acrobat	AE K R AH B AE T
acronym	AE K R AH N IH M
acronyms	AE K R AH N IH M Z
across	AH K R AO S
acrylic	AH K R IH L IH K
act	AE K T
acta	AE K T AA
acted	AE K T IH D
acting	AE K T IH NG
action	AE K SH AH N
actions	AE K SH AH N Z
activate	AE K T AH V EY T
activated	AE K T AH V EY T IH D
activation	AE K T AH V EY SH AH N
active	AE K T IH V
actively	AE K T IH V L IY
activism	AE K T IH V IH Z AH M
activist	AE K T AH V AH S T
activists	AE K T AH V AH S T S
activities	AE K T IH V AH T IY Z
activity	AE K T IH V AH T IY
actor	AE K T ER
actors	AE K T ER Z
actress	AE K T R AH S
actresses	AE K T R AH S IH Z
acts	AE K T S
actual	AE K CH AH W AH L
actually	AE K CH UW AH L IY
actuarial	AE K CH UW EH R IY AH L
acupuncture	AE K Y UW P AH NG K CH ER
acura	AE K Y ER AH
acute	AH K Y UW T
ada	EY D AH
adam	AE D AH M
adams	AE D AH M Z
adapt	AH D AE P T
adaptation	AE D AH P T EY SH AH N
adaptec	AH D AE P T EH K
adapted	AH D AE P T IH D
adapter	AH D AE P T ER
adapters	AH D AE P T ER Z
adaptive	AH D AE P T IH V
adaptor	AH D AE P T ER
adaptors	AH D AE P T ER Z
add	AE D
added	AE D AH D
addendum	AH D EH N D AH M
addict	AH D IH K T
addicted	AH D IH K T IH D
addiction	AH D IH K SH AH N
addictive	AH D IH K T IH V
adding	AE D IH NG
addison	AE D AH S AH N
addition	AH D IH SH AH N
additional	AH D IH SH AH N AH L
additionally	AH D IH SH AH N AH L IY
additions	AH D IH SH AH N Z
additive	AE D AH T IH V
additives	AE D AH T IH V Z
address	AE D R EH S
addressed	AH D R EH S T
addresses	AE D R EH S IH Z
addressing	AH D R EH S IH NG
adds	AE D Z
adelaide	AE D AH L EY D
adept	AH D EH P T
adequacy	AE D AH K W AH S IY
adequate	AE D AH K W AH T
adequately	AE D AH K W AH T L IY
adhd	EY D IY EY CH D IY
adhere	AH D HH IH R
adherence	AH D HH IH R AH N S
adhesion	AE D HH IY ZH AH N
adhesive	AE D HH IY S IH V
adhesives	AE D HH IY S IH V Z
adidas	AH D IY D AH S
adjacent	AH JH EY S AH N T
adjoining	AH JH OY N IH NG
adjourned	AH JH ER N D
adjunct	AE JH AH NG K T
adjust	AH JH AH S T
adjustable	AH JH AH S T AH B AH L
adjusted	AH JH AH S T IH D
adjusting	AH JH AH S T IH NG
adjustment	AH JH AH S T M AH N T
adjustments	AH JH AH S T M AH N T S
adler	AE D L ER
admin	AE D M IH N
administer	AH D M IH N AH S T ER
administered	AH D M IH N AH S T ER D
admins	AH D M IH N Z
admiral	AE D M ER AH L
admire	AE D M AY R
admission	AE D M IH SH AH N
admissions	AE D M IH SH AH N Z
admit	AH D M IH T
admits	AH D M IH T S
admitted	AH D M IH T IH D
adobe	AH D OW B IY
adolescent	AE D AH L EH S AH N T
adolescents	AE D AH L EH S AH N T S
adopt	AH D AA P T
adopted	AH D AA P T IH D
adopting	AH D AA P T IH NG
adoption	AH D AA P SH AH N
adorable	AH D AO R AH B AH L
adrenaline	AH D R EH N AH L AH N
adrian	EY D R IY AH N
ads	AE D Z
adsl	EY D IY EH S EH L
adult	AH D AH L T
adults	AH D AH L T S
advance	AH D V AE N S
advanced	AH D V AE N S T
advancement	AH D V AE N S M AH N T
advances	AH D V AE N S AH Z
advancing	AH D V AE N S IH NG
advantage	AE D V AE N T IH JH
advantages	AE D V AE N T IH JH IH Z
advent	AE D V EH N T
adventure	AE D V EH N CH ER
adventures	AE D V EH N CH ER Z
adverse	AE D V ER S
adversely	AE D V ER S L IY
advert	AE D V ER T
advertise	AE D V ER T AY Z
advertised	AE D V ER T AY Z D
advertiser	AE D V ER T AY Z ER
advertisers	AE D V ER T AY Z ER Z
advertising	AE D V ER T AY Z IH NG
advice	AE D V AY S
advise	AE D V AY Z
advised	AE D V AY Z D
adviser	AE D V AY Z ER
advisers	AE D V AY Z ER Z
advises	AE D V AY Z IH Z
advising	AE D V AY Z IH NG
advisor	AE D V AY Z ER
advisories	AH D V AY Z ER IY Z
advisors	AE D V AY Z ER Z
advisory	AE D V AY Z ER IY
advocacy	AE D V AH K AH S IY
advocate	AE D V AH K AH T
advocates	AE D V AH K AH T S
aerial	EH R IY AH L
aero	EH R OW
aerobic	EH R OW B IH K
aerosmith	EH R OW S M IH TH
aerosol	EH R AH S AA L
aerospace	EH R OW S P EY S
aesthetic	EH S TH EH T IH K
aesthetics	EH S TH EH T IH K S
affair	AH F EH R
affairs	AH F EH R Z
affect	AH F EH K T
affected	AH F EH K T IH D
affecting	AH F EH K T IH NG
affection	AH F EH K SH AH N
affects	AH F EH K T S
affidavit	AE F AH D EY V AH T
affiliate	AH F IH L IY EY T
affiliated	AH F IH L IY EY T IH D
affiliates	AH F IH L IY AH T S
affiliation	AH F IH L IY EY SH AH N
affiliations	AH F IH L IY EY SH AH N Z
affinity	AH F IH N AH T IY
affirm	AH F ER M
affirmative	AH F ER M AH T IH V
affirmed	AH F ER M D
afford	AH F AO R D
affordable	AH F AO R D AH B AH L
afforded	AH F AO R D AH D
afghan	AE F G AE N
afghanistan	AE F G AE N AH S T AE N
afl	EY EH F EH L
afraid	AH F R EY D
africa	AE F R AH K AA
african	AE F R AH K AH N
afro	AE F R OW
aft	AE F T
after	AE F T ER
aftermarket	AE F T ER M AA R K IH T
aftermath	AE F T ER M AE TH
afternoon	AE F T ER N UW N
afterwards	AE F T ER W ER D Z
again	AH G EH N
against	AH G EH N S T
agate	AE G AH T
age	EY JH
aged	EY JH D
agencies	EY JH AH N S IY Z
agency	EY JH AH N S IY
agenda	AH JH EH N D AH
agendas	AH JH EH N D AH Z
agent	EY JH AH N T
agents	EY JH AH N T S
ages	EY JH AH Z
aggregate	AE G R AH G AH T
aggregation	AE G R AH G EY SH AH N
aggression	AH G R EH SH AH N
aggressive	AH G R EH S IH V
agile	AE JH AH L
agility	AH JH IH L AH T IY
aging	EY JH IH NG
agnes	AE G N IH S
ago	AH G OW
agora	AE G ER AH
agree	AH G R IY
agreed	AH G R IY D
agreeing	AH G R IY IH NG
agreement	AH G R IY M AH N T
agreements	AH G R IY M AH N T S
agrees	AH G R IY Z
agri	AE G R IY
agricultural	AE G R AH K AH L CH ER AH L
agriculture	AE G R IH K AH L CH ER
aguilera	AA G W IY L EH R AH
ahead	AH HH EH D
ahmad	AA M AA D
ahmed	AA M AH D
aid	EY D
aide	EY D
aided	EY D AH D
aides	EY D Z
aids	EY D Z
aim	EY M
aimed	EY M D
aiming	EY M IH NG
aims	EY M Z
air	EH R
airborne	EH R B AO R N
aircraft	EH R K R AE F T
aired	EH R D
aires	EH R IY Z
airfare	EH R F EH R
airfares	EH R F EH R Z
airline	EH R L AY N
airlines	EH R L AY N Z
airmail	EH R M EY L
airplane	EH R P L EY N
airplanes	EH R P L EY N Z
airport	EH R P AO R T
airports	EH R P AO R T S
airways	EH R W EY Z
airy	EH R IY
aisle	AY L
aix	EH K S
ajax	EY JH AE K S
aka	AA K AH
akin	AH K IH N
akron	AE K R AH N
ala	AE L AH
alabama	AE L AH B AE M AH
aladdin	AE L AE D IH N
alain	AH L EY N
alameda	AE L AH M IY D AH
alamo	AE L AH M OW
alan	AE L AH N
alarm	AH L AA R M
alarms	AH L AA R M Z
alas	AH L AE S
alaska	AH L AE S K AH
alaskan	AH L AE S K AH N
alba	AE L B AH
albania	AE L B EY N IY AH
albanian	AE L B EY N IY AH N
albany	AO L B AH N IY
albeit	AO L B IY IH T
albert	AE L B ER T
alberta	AE L B ER T AH
alberto	AE L B ER T OW
albion	AE L B IY AH N
album	AE L B AH M
albums	AE L B AH M Z
albuquerque	AE L B AH K ER K IY
alcatel	AE L K AH T EH L
alchemy	AE L K AH M IY
alcohol	AE L K AH HH AA L
alcoholic	AE L K AH HH AA L IH K
alcoholism	AE L K AH HH AO L IH Z AH M
alcove	AE L K OW V
alder	AO L D ER
ale	EY L
alec	AE L IH K
alert	AH L ER T
alerts	AH L ER T S
alex	AE L AH K S
alexa	AH L EH K S AH
alexander	AE L AH G Z AE N D ER
alexandra	AE L EH G Z AE N D R AH
alexandre	AE L IH K S AA N D ER
alexandria	AE L AH G Z AE N D R IY AH
alexis	AH L EH K S IH S
alfa	AE L F AH
alfred	AE L F R AH D
algae	AE L JH IY
algebra	AE L JH AH B R AH
algebraic	AE L JH AH B R EY IH K
algeria	AE L JH IH R IY AH
algorithm	AE L G ER IH DH AH M
algorithms	AE L G ER IH DH AH M Z
ali	AA L IY
alias	EY L IY AH S
aliases	EY L IY AH S IH Z
alice	AE L AH S
alicia	AH L IH SH AH
alien	EY L IY AH N
aliens	EY L IY AH N Z
align	AH L AY N
aligned	AH L AY N D
alignment	AH L AY N M AH N T
alike	AH L AY K
alison	AE L IH S AH N
alito	AH L IY T OW
alive	AH L AY V
alkaline	AE L K AH L AY N
all	AO L
alla	AA L AH
allah	AA L AH
allan	AE L AH N
allegations	AE L AH G EY SH AH N Z
alleged	AH L EH JH D
allegedly	AH L EH JH AH D L IY
allegiance	AH L IY JH AH N S
allegory	AE L AH G AO R IY
allegra	AA L EH G R AH
allegro	AH L EH G R OW
allen	AE L AH N
allergic	AH L ER JH IH K
allergies	AE L ER JH IY Z
allergy	AE L ER JH IY
alleviate	AH L IY V IY EY T
alley	AE L IY
alliance	AH L AY AH N S
alliances	AH L AY AH N S AH Z
allied	AH L AY D
allies	AE L AY Z
allison	AE L AH S AH N
allocate	AE L AH K EY T
allocated	AE L AH K EY T IH D
allocation	AE L AH K EY SH AH N
allocations	AE L AH K EY SH AH N Z
allow	AH L AW
allowable	AH L AW AH B AH L
allowance	AH L AW AH N S
allowances	AH L AW AH N S IH Z
allowed	AH L AW D
allowing	AH L AW IH NG
allows	AH L AW Z
alloy	AE L OY
alloys	AE L OY Z
ally	AE L AY
alma	AA L M AH
almanac	AA L M AH N AE K
almighty	AO L M AY T IY
almond	AA M AH N D
almost	AO L M OW S T
aloe	AE L OW
aloha	AH L OW HH AA
alone	AH L OW N
along	AH L AO NG
alongside	AH L AO NG S AY D
alot	AH L AA T
aloud	AH L AW D
alpha	AE L F AH
alphabet	AE L F AH B EH T
alphabetical	AE L F AH B EH T IH K AH L
alpine	AE L P AY N
alps	AE L P S
already	AO L R EH D IY
alright	AO L R AY T
als	AE L Z
also	AO L S OW
alt	AA L T
alta	AA L T AH
altair	AA L T EH R
altar	AO L T ER
altavista	AO L T AH V IH S T AH
alter	AO L T ER
alteration	AO L T ER EY SH AH N
alterations	AO L T ER EY SH AH N Z
altered	AO L T ER D
altering	AO L T ER IH NG
alternate	AO L T ER N AH T
alternating	AO L T ER N EY T IH NG
alternative	AO L T ER N AH T IH V
alternatives	AO L T ER N AH T IH V Z
although	AO L DH OW
altitude	AE L T AH T UW D
alto	AE L T OW
altogether	AO L T AH G EH DH ER
alton	AO L T AH N
aluminium	AH L UW M IH N AH M
aluminum	AH L UW M AH N AH M
alumni	AH L AH M N AY
alvin	AE L V IH N
always	AO L W EY Z
alzheimer	AE L Z HH AY M ER
ama	EY EH M EY
amanda	AH M AE N D AH
amarillo	AE M ER IH L OW
amateur	AE M AH T ER
amateurs	AE M AH T ER Z
amazed	AH M EY Z D
amazing	AH M EY Z IH NG
amazingly	AH M EY Z IH NG L IY
amazon	AE M AH Z AA N
ambassador	AE M B AE S AH D ER
amber	AE M B ER
ambien	AE M B IY EH N
ambient	AE M B IY AH N T
ambiguous	AE M B IH G Y UW AH S
ambition	AE M B IH SH AH N
ambitious	AE M B IH SH AH S
ambulance	AE M B Y AH L AH N S
amc	EY EH M S IY
amd	EY EH M D IY
amelia	AH M IY L Y AH
amen	EY M EH N
amend	AH M EH N D
amended	AH M EH N D IH D
amending	AH M EH N D IH NG
amendment	AH M EH N D M AH N T
amendments	AH M EH N D M AH N T S
amenities	AH M EH N AH T IY Z
amer	EY M ER
america	AH M EH R AH K AH
american	AH M EH R AH K AH N
americana	AH M EH R AH K AE N AH
americans	AH M EH R AH K AH N Z
americas	AH M EH R AH K AH Z
ames	EY M Z
amethyst	AE M IH TH IH S T
amex	AE M EH K S
amherst	AE M ER S T
ami	AA M IY
amid	AH M IH D
amiga	AH M IY G AH
amino	AH M IY N OW
ammo	AE M OW
ammonia	AH M OW N Y AH
ammunition	AE M Y AH N IH SH AH N
amnesty	AE M N AH S T IY
among	AH M AH NG
amongst	AH M AH NG S T
amor	AE M ER
amortization	AE M ER T IH Z EY SH AH N
amos	EY M AH S
amount	AH M AW N T
amounts	AH M AW N T S
amp	AE M P
ample	AE M P AH L
amplified	AE M P L AH F AY D
amplifier	AE M P L AH F AY ER
amplifiers	AE M P L AH F AY ER Z
amplitude	AE M P L AH T UW D
ams	AE M Z
amsterdam	AE M S T ER D AE M
amusement	AH M Y UW Z M AH N T
amusing	AH M Y UW Z IH NG
amy	EY M IY
ana	AA N AH
anabolic	AE N AH B AA L IH K
anaheim	AE N AH HH AY M
anal	EY N AH L
analog	AE N AH L AO G
analogous	AH N AE L AH G AH S
analogue	AE N AH L AO G
analogy	AH N AE L AH JH IY
analyses	AH N AE L AH S IY Z
analysis	AH N AE L AH S AH S
analyst	AE N AH L IH S T
analysts	AE N AH L IH S T S
analytic	AE N AH L IH T IH K
analytical	AE N AH L IH T IH K AH L
analytics	AE N AH L IH T IH K S
analyze	AE N AH L AY Z
analyzed	AE N AH L AY Z D
analyzer	AE N AH L AY Z ER
analyzes	AE N AH L AY Z IH Z
analyzing	AE N AH L AY Z IH NG
anarchy	AE N ER K IY
anatomy	AH N AE T AH M IY
ancestor	AE N S EH S T ER
ancestors	AE N S EH S T ER Z
ancestry	AE N S EH S T R IY
anchor	AE NG K ER
anchorage	AE NG K ER AH JH
anchors	AE NG K ER Z
ancient	EY N CH AH N T
ancillary	AE N S AH L EH R IY
and	AH N D
anders	AE N D ER Z
andersen	AE N D ER S AH N
anderson	AE N D ER S AH N
andorra	AE N D AO R AH
andover	AE N D OW V ER
andre	AA N D R EY
andrea	AE N D R IY AH
andreas	AA N D R EY AH S
andrew	AE N D R UW
andrews	AE N D R UW Z
andy	AE N D IY
anemia	AH N IY M IY AH
anesthesia	AE N IH S TH IY ZH AH
ang	AE NG
angel	EY N JH AH L
angela	AE N JH AH L AH
angeles	AE N JH AH L IH S
angelina	AE N JH EH L IY N AH
angelo	AE N JH AH L OW
angels	EY N JH AH L Z
anger	AE NG G ER
angie	AE N JH IY
angle	AE NG G AH L
angles	AE NG G AH L Z
anglican	AE NG G L AH K AH N
anglo	AE NG G L OW
angola	AE NG G OW L AH
angry	AE NG G R IY
anguilla	AE NG W IH L AH
angular	AE NG G Y AH L ER
angus	AE NG G AH S
animal	AE N AH M AH L
animals	AE N AH M AH L Z
animated	AE N AH M EY T IH D
animation	AE N AH M EY SH AH N
animations	AE N AH M EY SH AH N Z
anime	AE N IH M EY
anise	AE N AH S
aniston	AE N AH S T AH N
anita	AH N IY T AH
ankle	AE NG K AH L
ann	AE N
anna	AE N AH
annals	AE N AH L Z
annapolis	AH N AE P AH L IH S
anne	AE N
anneal	AH N IY L
annette	AH N EH T
annex	AE N EH K S
annie	AE N IY
anniversary	AE N AH V ER S ER IY
annotate	AE N AH T EY T
annotated	AE N AH T EY T IH D
annotation	AE N AH T EY SH AH N
annotations	AE N AH T EY SH AH N Z
announce	AH N AW N S
announced	AH N AW N S T
announcement	AH N AW N S M AH N T
announces	AH N AW N S IH Z
announcing	AH N AW N S IH NG
annoyed	AH N OY D
annoying	AH N OY IH NG
annual	AE N Y UW AH L
annually	AE N Y UW AH L IY
annuity	AH N UW AH T IY
annum	AE N AH M
anomalies	AH N AA M AH L IY Z
anomaly	AH N AA M AH L IY
anon	AE N AO N
anonymous	AH N AA N AH M AH S
another	AH N AH DH ER
ansi	AE N S IY
answer	AE N S ER
answered	AE N S ER D
answering	AE N S ER IH NG
answers	AE N S ER Z
ant	AE N T
antarctic	AE N T AA R K T IH K
antarctica	AE N T AA R K T IH K AH
ante	AE N T IY
antenna	AE N T EH N AH
antennas	AE N T EH N AH Z
anterior	AE N T IH R IY ER
anthem	AE N TH AH M
anthology	AE N TH AA L AH JH IY
anthony	AE N TH AH N IY
anthrax	AE N TH R AE K S
anthropology	AE N TH R AH P AA L AH JH IY
anti	AE N T IY
antibiotic	AE N T IY B AY AA T IH K
antibiotics	AE N T IY B AY AA T IH K S
antibodies	AE N T IH B AA D IY Z
antibody	AE N T IH B AA D IY
anticipate	AE N T IH S AH P EY T
anticipated	AE N T IH S AH P EY T IH D
anticipation	AE N T IH S AH P EY SH AH N
antigen	AE N T AH JH AH N
antigens	AE N T IH JH AH N Z
antigua	AE N T IY G W AH
antilles	AE N T IH L IY Z
antique	AE N T IY K
antiques	AE N T IY K S
antitrust	AE N T AY T R AH S T
antivirus	AE N T IY V AY R AH S
anton	AE N T AO N
antonio	AE N T OW N IY OW
antony	AE N T AH N IY
ants	AE N T S
anvil	AE N V AH L
anxiety	AE NG Z AY AH T IY
anxious	AE NG K SH AH S
any	EH N IY
anybody	EH N IY B AH D IY
anymore	EH N IY M AO R
anyone	EH N IY W AH N
anything	EH N IY TH IH NG
anytime	EH N IY T AY M
anyway	EH N IY W EY
anyways	EH N IY W EY Z
anywhere	EH N IY W EH R
aol	EY OW EH L
apache	AH P AE CH IY
apart	AH P AA R T
apartment	AH P AA R T M AH N T
apartments	AH P AA R T M AH N T S
apc	EY P IY S IY
ape	EY P
aperture	AE P ER CH ER
apex	EY P EH K S
aphrodite	AE F R AH D AY T IY
api	EY P IY AY
apo	EY P IY OW
apocalypse	AH P AA K AH L IH P S
apollo	AH P AA L OW
apologies	AH P AA L AH JH IY Z
apologize	AH P AA L AH JH AY Z
apology	AH P AA L AH JH IY
apoptosis	AE P AO P T OW S IH Z
apostle	AH P AA S AH L
apostles	AH P AA S AH L Z
app	AE P
appalachian	AE P AH L EY CH AH N
apparatus	AE P ER AE T AH S
apparel	AH P AE R AH L
apparent	AH P EH R AH N T
apparently	AH P EH R AH N T L IY
appeal	AH P IY L
appealed	AH P IY L D
appealing	AH P IY L IH NG
appeals	AH P IY L Z
appear	AH P IH R
appearance	AH P IH R AH N S
appearances	AH P IH R AH N S AH Z
appeared	AH P IH R D
appearing	AH P IH R IH NG
appears	AH P IH R Z
appellant	AH P EH L IH N T
appellate	AH P EH L IH T
append	AH P EH N D
appendices	AH P EH N D IH S IY Z
appendix	AH P EH N D IH K S
appetite	AE P AH T AY T
appetizers	AE P AH T AY Z ER Z
applause	AH P L AO Z
apple	AE P AH L
applegate	AE P AH L G EY T
apples	AE P AH L Z
applet	AE P L AH T
appleton	AE P AH L T AH N
appliance	AH P L AY AH N S
appliances	AH P L AY AH N S AH Z
applicable	AE P L AH K AH B AH L
applicant	AE P L IH K AH N T
applicants	AE P L IH K AH N T S
application	AE P L AH K EY SH AH N
applications	AE P L AH K EY SH AH N Z
applied	AH P L AY D
applies	AH P L AY Z
apply	AH P L AY
applying	AH P L AY IH NG
appoint	AH P OY N T
appointed	AH P OY N T IH D
appointment	AH P OY N T M AH N T
appointments	AH P OY N T M AH N T S
appraisal	AH P R EY Z AH L
appraisals	AH P R EY Z AH L Z
appraiser	AH P R EY Z ER
appreciate	AH P R IY SH IY EY T
appreciated	AH P R IY SH IY EY T IH D
appreciation	AH P R IY SH IY EY SH AH N
apprentice	AH P R EH N T AH S
approach	AH P R OW CH
approached	AH P R OW CH T
approaches	AH P R OW CH AH Z
approaching	AH P R OW CH IH NG
appropriate	AH P R OW P R IY AH T
appropriated	AH P R OW P R IY EY T IH D
approval	AH P R UW V AH L
approvals	AH P R UW V AH L Z
approve	AH P R UW V
approved	AH P R UW V D
approves	AH P R UW V Z
approving	AH P R UW V IH NG
approximate	AH P R AA K S AH M AH T
apps	AE P S
april	EY P R AH L
apron	EY P R AH N
apt	AE P T
aqua	AE K W AH
aquaculture	AE K W AH K AH L CH ER
aquarium	AH K W EH R IY AH M
aquatic	AH K W AA T IH K
aqueduct	AE K W AH D AH K T
aqueous	EY K W IY AH S
arab	AE R AH B
arabia	AH R EY B IY AH
arabian	AH R EY B IY AH N
arabic	AE R AH B IH K
arabs	AE R AH B Z
arafat	EH R AH F AE T
arbitrary	AA R B AH T R EH R IY
arbitration	AA R B IH T R EY SH AH N
arbor	AA R B ER
arc	AA R K
arcade	AA R K EY D
arcadia	AA R K EY D IY AH
arch	AA R CH
archaeology	AA R K IY AA L AH JH IY
archbishop	AA R CH B IH SH AH P
archer	AA R CH ER
archery	AA R CH ER IY
architect	AA R K AH T EH K T
architects	AA R K AH T EH K T S
architecture	AA R K AH T EH K CH ER
archival	AA R K AY V AH L
archive	AA R K AY V
archived	AA R K AY V D
archives	AA R K AY V Z
archway	AA R CH W EY
arctic	AA R K T IH K
arden	AA R D AH N
ardor	AA R D ER
are	AA R
area	EH R IY AH
areas	EH R IY AH Z
arena	ER IY N AH
ares	AA R Z
argentina	AA R JH AH N T IY N AH
argentine	AA R JH AH N T IY N
argon	AA R G AA N
arguably	AA R G Y UW AH B L IY
argue	AA R G Y UW
argued	AA R G Y UW D
argues	AA R G Y UW Z
arguing	AA R G Y UW IH NG
argument	AA R G Y AH M AH N T
arguments	AA R G Y AH M AH N T S
argus	AA R G AH S
ari	AA R IY
aria	AA R IY AH
arial	EH R IY AH L
arid	AE R AH D
ariel	EH R IY AH L
aries	EH R IY Z
arise	ER AY Z
arises	ER AY Z AH Z
arising	ER AY Z IH NG
aristotle	EH R AH S T AA T AH L
arithmetic	EH R IH TH M EH T IH K
arizona	EH R IH Z OW N AH
ark	AA R K
arkansas	AA R K AH N S AA
arlington	AA R L IH NG T AH N
arm	AA R M
armada	AA R M AA D AH
armani	AA R M AA N IY
armed	AA R M D
armenia	AA R M IY N IY AH
armenian	AA R M IY N IY AH N
armies	AA R M IY Z
armor	AA R M ER
armored	AA R M ER D
armour	AA R M ER
arms	AA R M Z
armstrong	AA R M S T R AA NG
army	AA R M IY
arnold	AA R N AH L D
aroma	ER OW M AH
aromatherapy	AH R OW M AH TH ER AH P IY
aromatic	EH R AH M AE T IH K
arose	ER OW Z
around	ER AW N D
arp	AA R P
arrange	ER EY N JH
arranged	ER EY N JH D
arrangement	ER EY N JH M AH N T
arrangements	ER EY N JH M AH N T S
arranging	ER EY N JH IH NG
array	ER EY
arrays	ER EY Z
arrest	ER EH S T
arrested	ER EH S T IH D
arrests	ER EH S T S
arrival	ER AY V AH L
arrivals	ER AY V AH L Z
arrive	ER AY V
arrived	ER AY V D
arrives	ER AY V Z
arriving	ER AY V IH NG
arrow	AE R OW
arrows	AE R OW Z
arsenal	AA R S AH N AH L
arsenic	AA R S AH N IH K
art	AA R T
arterial	AA R T IH R IY AH L
arteries	AA R T ER IY Z
artery	AA R T ER IY
artful	AA R T F AH L
arthritis	AA R TH R AY T AH S
arthur	AA R TH ER
article	AA R T AH K AH L
articles	AA R T AH K AH L Z
articulate	AA R T IH K Y AH L EY T
articulated	AA R T IH K Y AH L EY T IH D
artifacts	AA R T AH F AE K T S
artificial	AA R T AH F IH SH AH L
artillery	AA R T IH L ER IY
artisan	AA R T AH Z AH N
artist	AA R T AH S T
artistic	AA R T IH S T IH K
artists	AA R T IH S T S
arts	AA R T S
artwork	AA R T W ER K
aruba	ER UW B AH
asa	AA S AH
asap	EY EH S EY P IY
asbestos	AE S B EH S T AH S
ascend	AH S EH N D
ascending	AH S EH N D IH NG
ascension	AH S EH N SH AH N
ascent	AH S EH N T
ascertain	AE S ER T EY N
ascii	AE S K IY
asean	AH Z IY AH N
ash	AE SH
ashamed	AH SH EY M D
ashcroft	AE SH K R AO F T
ashes	AE SH AH Z
asheville	AE SH V IH L
ashford	AE SH F ER D
ashland	AE SH L AH N D
ashley	AE SH L IY
ashton	AE SH T AH N
asia	EY ZH AH
asian	EY ZH AH N
asians	EY ZH AH N Z
aside	AH S AY D
ask	AE S K
asked	AE S K T
asking	AE S K IH NG
asks	AE S K S
asleep	AH S L IY P
asp	AE S P
aspect	AE S P EH K T
aspects	AE S P EH K T S
aspen	AE S P AH N
asphalt	AE S F AO L T
aspirations	AE S P ER EY SH AH N Z
aspire	AH S P AY R
aspirin	AE S P R IH N
ass	AE S
assault	AH S AO L T
assay	AE S IY
assays	AE S EY Z
assemble	AH S EH M B AH L
assembled	AH S EH M B AH L D
assembler	AH S EH M B L ER
assemblies	AH S EH M B L IY Z
assembly	AH S EH M B L IY
assert	AH S ER T
asserted	AH S ER T IH D
assertion	AH S ER SH AH N
asserts	AH S ER T S
asses	AE S AH Z
assess	AH S EH S
assessed	AH S EH S T
assessing	AH S EH S IH NG
assessment	AH S EH S M AH N T
assessments	AH S EH S M AH N T S
assessor	AH S EH S ER
asset	AE S EH T
assets	AE S EH T S
asshole	AE S HH OW L
assign	AH S AY N
assigned	AH S AY N D
assigning	AH S AY N IH NG
assignment	AH S AY N M AH N T
assignments	AH S AY N M AH N T S
assigns	AH S AY N Z
assist	AH S IH S T
assistance	AH S IH S T AH N S
assistant	AH S IH S T AH N T
assistants	AH S IH S T AH N T S
assisted	AH S IH S T IH D
assisting	AH S IH S T IH NG
assists	AH S IH S T S
associate	AH S OW S IY AH T
associated	AH S OW S IY EY T IH D
associates	AH S OW S IY AH T S
association	AH S OW S IY EY SH AH N
associations	AH S OW S IY EY SH AH N Z
assorted	AH S AO R T IH D
assortment	AH S AO R T M AH N T
assume	AH S UW M
assumed	AH S UW M D
assumes	AH S UW M Z
assuming	AH S UW M IH NG
assumption	AH S AH M P SH AH N
assumptions	AH S AH M P SH AH N Z
assurance	AH SH UH R AH N S
assure	AH SH UH R
assured	AH SH UH R D
ast	AE S T
asterisk	AE S T ER IH S K
asthma	AE Z M AH
aston	AE S T AH N
astoria	AE S T AO R IY AH
astra	AE S T R AH
astro	AE S T R OW
astrology	AH S T R AA L AH JH IY
astronomical	AE S T R AH N AA M IH K AH L
astronomy	AH S T R AA N AH M IY
astrophysics	AE S T R OW F IH Z IH K S
astros	AE S T R OW S
astute	AH S T UW T
asus	EY S AH S
asylum	AH S AY L AH M
asynchronous	EY S IH NG K R AH N AH S
ata	AA T AH
atari	AH T AA R IY
ate	EY T
atheist	EY TH IY AH S T
athena	AH TH IY N AH
athens	AE TH AH N Z
athlete	AE TH L IY T
athletes	AE TH L IY T S
athletic	AE TH L EH T IH K
athletics	AE TH L EH T IH K S
ati	EY T IY AY
atkins	AE T K IH N Z
atkinson	AE T K AH N S AH N
atlanta	AE T L AE N T AH
atlantic	AH T L AE N T IH K
atlantis	AE T L AE N T IH S
atlas	AE T L AH S
atm	EY T IY EH M
atmosphere	AE T M AH S F IH R
atmospheric	AE T M AH S F EH R IH K
atoll	AE T AA L
atom	AE T AH M
atomic	AH T AA M IH K
atoms	AE T AH M Z
atp	EY T IY P IY
atrium	EY T R IY AH M
attach	AH T AE CH
attached	AH T AE CH T
attachment	AH T AE CH M AH N T
attachments	AH T AE CH M AH N T S
attack	AH T AE K
attacked	AH T AE K T
attacker	AH T AE K ER
attacking	AH T AE K IH NG
attacks	AH T AE K S
attain	AH T EY N
attained	AH T EY N D
attainment	AH T EY N M AH N T
attempt	AH T EH M P T
attempted	AH T EH M P T IH D
attempting	AH T EH M P T IH NG
attempts	AH T EH M P T S
attend	AH T EH N D
attendance	AH T EH N D AH N S
attendant	AH T EH N D AH N T
attended	AH T EH N D IH D
attendees	AH T EH N D IY Z
attending	AH T EH N D IH NG
attention	AH T EH N SH AH N
attic	AE T IH K
attitude	AE T AH T UW D
attitudes	AE T AH T UW D Z
attorney	AH T ER N IY
attorneys	AH T ER N IY Z
attract	AH T R AE K T
attracted	AH T R AE K T IH D
attracting	AH T R AE K T IH NG
attraction	AH T R AE K SH AH N
attractions	AH T R AE K SH AH N Z
attractive	AH T R AE K T IH V
attracts	AH T R AE K T S
attributable	AH T R IH B Y AH T AH B AH L
attribute	AE T R AH B Y UW T
attributed	AH T R IH B Y AH T IH D
attributes	AE T R AH B Y UW T S
attribution	AE T R IH B Y UW SH AH N
atv	EY T IY V IY
atx	EY T IY EH K S
auburn	AA B ER N
auch	AO CH
auckland	AA K L AH N D
auction	AA K SH AH N
auctions	AA K SH AH N Z
aud	AO D
audi	AO D IY
audible	AA D AH B AH L
audience	AA D IY AH N S
audiences	AA D IY AH N S AH Z
audio	AA D IY OW
audiovox	AO D IY OW V AA K S
audit	AO D IH T
audited	AO D IH T IH D
auditing	AA D AH T IH NG
audition	AA D IH SH AH N
auditions	AO D IH SH AH N Z
auditor	AO D IH T ER
auditorium	AO D AH T AO R IY AH M
auditors	AA D AH T ER Z
auditory	AO D IH T AO R IY
audits	AA D AH T S
audrey	AO D R IY
audubon	AO D AH B AA N
aug	AO G AH S T
augmentation	AA G M EH N T EY SH AH N
august	AA G AH S T
augusta	AH G AH S T AH
augustine	AA G AH S T IY N
augustus	AA G AH S T AH S
aunt	AE N T
aura	AO R AH
aurora	ER AO R AH
aus	AW Z
aussie	AO S IY
aust	AO S T
austin	AO S T AH N
australasia	AO S T R AH L EY ZH AH
australia	AO S T R EY L Y AH
australian	AO S T R EY L Y AH N
australians	AO S T R EY L Y AH N Z
austria	AO S T R IY AH
austrian	AO S T R IY AH N
auth	AO TH
authentic	AH TH EH N T IH K
authenticity	AO TH AH N T IH S IH T IY
author	AO TH ER
authored	AO TH ER D
authoring	AO TH ER IH NG
authorities	AH TH AO R AH T IY Z
authority	AH TH AO R AH T IY
authorize	AO TH ER AY Z
authorized	AO TH ER AY Z D
authorizes	AO TH ER AY Z IH Z
authorizing	AO TH ER AY Z IH NG
authors	AO TH ER Z
autism	AO T IH Z AH M
auto	AO T OW
autodesk	AO T OW D EH S K
autograph	AO T AH G R AE F
autographed	AO T AH G R AE F T
autographs	AO T AH G R AE F S
automate	AO T AH M EY T
automated	AO T AH M EY T IH D
automatic	AO T AH M AE T IH K
automation	AO T AH M EY SH AH N
automobile	AO T AH M OW B IY L
automobiles	AO T AH M OW B IY L Z
automotive	AO T AH M OW T IH V
autonomous	AO T AA N AH M AH S
autonomy	AO T AA N AH M IY
autos	AO T OW Z
autumn	AO T AH M
aux	OW
auxiliary	AA G Z IH L Y ER IY
avail	AH V EY L
availability	AH V EY L AH B IH L AH T IY
available	AH V EY L AH B AH L
avalanche	AE V AH L AE N CH
avalon	AE V AH L AA N
avant	AH V AA N T
avatar	AE V AH T AA R
avatars	AE V AH T AA R Z
ave	AA V EY
avenue	AE V AH N UW
avenues	AE V AH N UW Z
average	AE V ER IH JH
averaged	AE V R AH JH D
averages	AE V R IH JH IH Z
averaging	AE V R IH JH IH NG
avery	EY V ER IY
avi	AA V IY
avian	EY V IY AH N
aviation	EY V IY EY SH AH N
avid	AE V AH D
avis	EY V IH S
aviv	AA V IY V
avoid	AH V OY D
avoidance	AH V OY D AH N S
avoided	AH V OY D IH D
avoiding	AH V OY D IH NG
avoids	AH V OY D Z
avon	EY V AA N
avril	AE V R IH L
await	AH W EY T
awaited	AH W EY T IH D
awaiting	AH W EY T IH NG
awake	AH W EY K
awakening	AH W EY K AH N IH NG
award	AH W AO R D
awarded	AH W AO R D IH D
awards	AH W AO R D Z
aware	AH W EH R
awareness	AH W EH R N AH S
away	AH W EY
awe	AA
awesome	AA S AH M
awful	AA F AH L
awhile	AH W AY L
awkward	AA K W ER D
axe	AE K S
axel	AE K S AH L
axes	AE K S IH Z
axial	AE K S IY AH L
axis	AE K S AH S
axle	AE K S AH L
aye	AY
azerbaijan	AA Z ER B AY JH AA N
azure	AE ZH ER
babe	B EY B
babes	B EY B Z
babies	B EY B IY Z
baby	B EY B IY
babylon	B AE B AH L AA N
baccarat	B AA K ER AA
bach	B AA K
bachelor	B AE CH AH L ER
back	B AE K
backbone	B AE K B OW N
backdrop	B AE K D R AA P
backed	B AE K T
backend	B AE K EH N D
backgammon	B AE K G AE M AH N
background	B AE K G R AW N D
backgrounds	B AE K G R AW N D Z
backing	B AE K IH NG
backpack	B AE K P AE K
backpacking	B AE K P AE K IH NG
backpacks	B AE K P AE K S
backs	B AE K S
backstage	B AE K S T EY JH
backstreet	B AE K S T IY T
backup	B AE K AH P
backups	B AE K AH P S
backward	B AE K W ER D
backwards	B AE K W ER D Z
backyard	B AE K Y AA R D
bacon	B EY K AH N
bacteria	B AE K T IH R IY AH
bacterial	B AE K T IH R IY AH L
bad	B AE D
badge	B AE JH
badger	B AE JH ER
badges	B AE JH IH Z
badly	B AE D L IY
badminton	B AE D M IH N T AH N
bag	B AE G
baggage	B AE G AH JH
baghdad	B AE G D AE D
bags	B AE G Z
bahamas	B AH HH AA M AH Z
bahrain	B AA R EY N
baht	B AA T
bail	B EY L
bailey	B EY L IY
bait	B EY T
baja	B AA HH AA
bake	B EY K
baked	B EY K T
baker	B EY K ER
bakersfield	B EY K ER Z F IY L D
bakery	B EY K ER IY
baking	B EY K IH NG
bal	B AE L
balance	B AE L AH N S
balanced	B AE L AH N S T
balances	B AE L AH N S AH Z
balancing	B AE L AH N S IH NG
balcony	B AE L K AH N IY
bald	B AO L D
baldwin	B AO L D W AH N
bali	B AA L IY
ball	B AO L
ballad	B AE L AH D
ballard	B AE L ER D
ballet	B AE L EY
ballistic	B AH L IH S T IH K
balloon	B AH L UW N
balloons	B AH L UW N Z
ballot	B AE L AH T
ballots	B AE L AH T S
ballroom	B AO L R UW M
balls	B AO L Z
balm	B AA M
baltic	B AO L T IH K
baltimore	B AO L T AH M AO R
bam	B AE M
bamboo	B AE M B UW
ban	B AE N
banana	B AH N AE N AH
bananas	B AH N AE N AH Z
band	B AE N D
bands	B AE N D Z
bandwidth	B AE N D W IH D TH
banff	B AE N F
bang	B AE NG
bangalore	B AE NG G AH L AO R
bangkok	B AE NG K AA K
bangladesh	B AE NG L AH D EH SH
bangor	B AE NG G ER
banjo	B AE N JH OW
bank	B AE NG K
banker	B AE NG K ER
bankers	B AE NG K ER Z
banking	B AE NG K IH NG
bankruptcies	B AE NG K R AH P T S IY Z
bankruptcy	B AE NG K R AH P S IY
banks	B AE NG K S
banned	B AE N D
banner	B AE N ER
banners	B AE N ER Z
banning	B AE N IH NG
banquet	B AE NG K W AH T
bans	B AE N Z
baptism	B AE P T IH Z AH M
baptist	B AE P T AH S T
bar	B AA R
barb	B AA R B
barbados	B AA R B EY D OW S
barbara	B AA R B ER AH
barbecue	B AA R B IH K Y UW
barber	B AA R B ER
barbie	B AA R B IY
barbuda	B AA R B UW D AH
barcelona	B AA R S IH L OW N AH
bard	B AA R D
bare	B EH R
barefoot	B EH R F UH T
barely	B EH R L IY
bargain	B AA R G AH N
bargaining	B AA R G IH N IH NG
bargains	B AA R G AH N Z
bark	B AA R K
barker	B AA R K ER
barking	B AA R K IH NG
barley	B AA R L IY
barn	B AA R N
barnes	B AA R N Z
barnett	B AA R N EH T
barney	B AA R N IY
baron	B AE R AH N
baroque	B ER OW K
barr	B AA R
barre	B EH R IY
barred	B AA R D
barrel	B AE R AH L
barrels	B AE R AH L Z
barrett	B AE R IH T
barrie	B AE R IY
barrier	B AE R IY ER
barriers	B AE R IY ER Z
barron	B AE R AH N
barrow	B AE R OW
barry	B AE R IY
bars	B AA R Z
bart	B AA R T
bartlett	B AA R T L IH T
barton	B AA R T AH N
basal	B EY S AH L
base	B EY S
baseball	B EY S B AO L
based	B EY S T
basel	B AA Z AH L
baseline	B EY S L AY N
basement	B EY S M AH N T
bases	B EY S AH Z
bash	B AE SH
basic	B EY S IH K
basically	B EY S IH K L IY
basics	B EY S IH K S
basil	B AE Z AH L
basin	B EY S AH N
basins	B EY S AH N Z
basis	B EY S AH S
basket	B AE S K AH T
basketball	B AE S K AH T B AO L
baskets	B AE S K AH T S
basque	B AE S K
bass	B AE S
bastard	B AE S T ER D
bastion	B AE S CH AH N
bat	B AE T
batch	B AE CH
bates	B EY T S
bath	B AE TH
bathing	B EY DH IH NG
bathroom	B AE TH R UW M
bathrooms	B AE TH R UW M Z
baths	B AE TH S
batman	B AE T M AE N
baton	B AH T AA N
bats	B AE T S
battalion	B AH T AE L Y AH N
batter	B AE T ER
batteries	B AE T ER IY Z
battery	B AE T ER IY
batting	B AE T IH NG
battle	B AE T AH L
battlefield	B AE T AH L F IY L D
battles	B AE T AH L Z
baud	B AO D
bauer	B AW ER
baxter	B AE K S T ER
bay	B EY
bayer	B EY ER
baylor	B EY L ER
bays	B EY Z
bazaar	B AH Z AA R
bbc	B IY B IY S IY
bbq	B IY B IY K Y UW
bea	B IY
beach	B IY CH
beaches	B IY CH AH Z
beacon	B IY K AH N
bead	B IY D
beaded	B IY D IH D
beads	B IY D Z
beak	B IY K
beam	B IY M
beams	B IY M Z
bean	B IY N
beans	B IY N Z
bear	B EH R
beard	B IH R D
bearing	B EH R IH NG
bearings	B EH R IH NG Z
bears	B EH R Z
beast	B IY S T
beasts	B IY S T S
beat	B IY T
beaten	B IY T AH N
beating	B IY T IH NG
beatles	B IY T AH L Z
beats	B IY T S
beau	B OW
beaumont	B OW M AO N T
beautiful	B Y UW T AH F AH L
beautifully	B Y UW T AH F L IY
beauty	B Y UW T IY
beaver	B IY V ER
beavers	B IY V ER Z
became	B IH K EY M
because	B IH K AO Z
beck	B EH K
becker	B EH K ER
becky	B EH K IY
become	B IH K AH M
becomes	B IH K AH M Z
becoming	B IH K AH M IH NG
bed	B EH D
bedding	B EH D IH NG
bedford	B EH D F ER D
bedrock	B EH D R AA K
bedroom	B EH D R UW M
bedrooms	B EH D R UW M Z
beds	B EH D Z
bee	B IY
beech	B IY CH
beef	B IY F
been	B IH N
beer	B IH R
beers	B IH R Z
bees	B IY Z
beethoven	B EY T OW V AH N
beetle	B IY T AH L
before	B IH F AO R
beg	B EH G
began	B IH G AE N
begin	B IH G IH N
beginner	B IH G IH N ER
beginners	B IH G IH N ER Z
beginning	B IH G IH N IH NG
beginnings	B IH G IH N IH NG Z
begins	B IH G IH N Z
begun	B IH G AH N
behalf	B IH HH AE F
behave	B IH HH EY V
behavior	B IH HH EY V Y ER
behavioral	B IH HH EY V Y ER AH L
behaviors	B IH HH EY V Y ER Z
behaviour	B IH HH EY V Y ER
behemoth	B AH HH IY M AH TH
behind	B IH HH AY N D
behold	B IH HH OW L D
beige	B EY ZH
beijing	B EY ZH IH NG
being	B IY IH NG
beings	B IY IH NG Z
beirut	B EY R UW T
bel	B EH L
belarus	B EH L AA R AH S
belfast	B EH L F AE S T
belgian	B EH L JH AH N
belgium	B EH L JH AH M
belgrade	B EH L G R EY D
belief	B IH L IY F
beliefs	B IH L IY F S
believe	B IH L IY V
believed	B IH L IY V D
believer	B AH L IY V ER
believers	B AH L IY V ER Z
believes	B IH L IY V Z
believing	B IH L IY V IH NG
belize	B EH L IY Z
belkin	B EH L K IH N
bell	B EH L
bella	B EH L AH
belle	B EH L
bellevue	B EH L V Y UW
bells	B EH L Z
bellsouth	B EH L S AW TH
belly	B EH L IY
belmont	B EH L M AA N T
belong	B IH L AO NG
belonged	B IH L AO NG D
belonging	B IH L AO NG IH NG
belongs	B IH L AO NG Z
beloved	B IH L AH V D
below	B IH L OW
belt	B EH L T
belts	B EH L T S
ben	B EH N
bench	B EH N CH
benches	B EH N CH IH Z
benchmark	B EH N CH M AA R K
benchmarks	B EH N CH M AA R K S
bend	B EH N D
bender	B EH N D ER
bending	B EH N D IH NG
beneath	B IH N IY TH
benedict	B EH N AH D IH K T
beneficial	B EH N AH F IH SH AH L
beneficiary	B EH N AH F IH SH IY EH R IY
benefit	B EH N AH F IH T
benefited	B EH N AH F IH T IH D
benefits	B EH N AH F IH T S
bengal	B EH NG G AH L
benign	B IH N AY N
benin	B IY N IH N
benjamin	B EH N JH AH M AH N
bennett	B EH N AH T
benny	B EH N IY
benson	B EH N S AH N
bent	B EH N T
bentley	B EH N T L IY
benton	B EH N T AH N
benz	B EH N Z
berg	B ER G
bergen	B ER G AH N
berger	B ER G ER
berkeley	B ER K L IY
berkshire	B ER K SH ER
berlin	B ER L IH N
bermuda	B ER M Y UW D AH
bern	B ER N
bernard	B ER N AA R D
bernardino	B ER N AH D IY N OW
bernie	B ER N IY
bernstein	B ER N S T AY N
berries	B EH R IY Z
berry	B EH R IY
bert	B ER T
beryl	B EH R AH L
beside	B IH S AY D
besides	B IH S AY D Z
best	B EH S T
bestiality	B EH S CH AE L IH T IY
bestsellers	B EH S T S EH L ER Z
bestselling	B EH S T S EH L IH NG
bet	B EH T
beta	B EY T AH
beth	B EH TH
bethany	B EH TH AH N IY
bethel	B EH TH AH L
bethesda	B AH TH EH Z D AH
bethlehem	B EH TH L IH HH EH M
bets	B EH T S
betsy	B EH T S IY
better	B EH T ER
betting	B EH T IH NG
betty	B EH T IY
between	B IH T W IY N
beverage	B EH V ER IH JH
beverages	B EH V R IH JH IH Z
beverly	B EH V ER L IY
beware	B IH W EH R
beyonce	B IH Y AO N S EY
beyond	B IH AA N D
bhutan	B UW T AE N
bias	B AY AH S
biased	B AY AH S T
bib	B IH B
bible	B AY B AH L
bibles	B AY B AH L Z
biblical	B IH B L AH K AH L
bibliography	B IH B L IY AA G R AH F IY
bicycle	B AY S IH K AH L
bicycles	B AY S IH K AH L Z
bid	B IH D
bidder	B IH D ER
bidders	B IH D ER Z
bidding	B IH D IH NG
bids	B IH D Z
bien	B IY N
big	B IH G
bigger	B IH G ER
biggest	B IH G AH S T
bike	B AY K
biker	B AY K ER
bikes	B AY K S
biking	B AY K IH NG
bikini	B IH K IY N IY
bilateral	B AY L AE T ER AH L
bild	B IH L D
bilingual	B AY L IH NG G W AH L
bill	B IH L
billboard	B IH L B AO R D
billed	B IH L D
billiard	B IH L Y ER D
billiards	B IH L Y ER D Z
billie	B IH L IY
billing	B IH L IH NG
billings	B IH L IH NG Z
billion	B IH L Y AH N
billions	B IH L Y AH N Z
billow	B IH L OW
bills	B IH L Z
billy	B IH L IY
biloxi	B AH L AH K S IY
bin	B IH N
binaries	B AY N AH R IY Z
binary	B AY N ER IY
bind	B AY N D
binder	B AY N D ER
binding	B AY N D IH NG
bindings	B AY N D IH NG Z
binds	B AY N D Z
bingo	B IH NG G OW
binoculars	B AH N AA K Y AH L ER Z
bins	B IH N Z
bio	B AY OW
biochem	B AY AH CH AH M
biochemical	B AY OW K EH M AH K AH L
biochemistry	B AY OW K EH M AH S T R IY
biodiversity	B AY OW D AY V ER S AH T IY
biographical	B AY AH G R AE F IH K AH L
biographies	B AY AA G R AH F IY Z
biography	B AY AA G R AH F IY
biological	B AY AH L AA JH IH K AH L
biology	B AY AA L AH JH IY
biomass	B AY AH M AE S
biomedical	B AY OW M EH D IH K AH L
biopsy	B AY AA P S IY
bios	B AY OW S
biosynthesis	B AY OW S IH N TH EH S IH S
biotech	B AY OW T EH K
bipolar	B AY P OW L ER
birch	B ER CH
bird	B ER D
birds	B ER D Z
birmingham	B ER M IH NG HH AE M
birth	B ER TH
birthday	B ER TH D EY
birthdays	B ER TH D EY Z
birthplace	B ER TH P L EY S
births	B ER TH S
bis	B IH S
biscuit	B IH S K AH T
biscuits	B IH S K AH T S
bisexual	B AY S EH K SH UW AH L
bishop	B IH SH AH P
bishops	B IH SH AH P S
bison	B AY S AH N
bistro	B IH S T R OW
bit	B IH T
bitch	B IH CH
bitches	B IH CH IH Z
bite	B AY T
bites	B AY T S
biting	B AY T IH NG
bits	B IH T S
bitter	B IH T ER
biz	B IH Z
bizarre	B AH Z AA R
bizrate	B IH Z EY T
black	B L AE K
blackberry	B L AE K B EH R IY
blackboard	B L AE K B AO R D
blackburn	B L AE K B ER N
blackjack	B L AE K JH AE K
blackpool	B L AE K P UW L
blacks	B L AE K S
blackwell	B L AE K W EH L
bladder	B L AE D ER
blade	B L EY D
blades	B L EY D Z
blah	B L AA
blair	B L EH R
blake	B L EY K
blame	B L EY M
blamed	B L EY M D
blanc	B L AE NG K
blanca	B L AA NG K AH
blanco	B L AE NG K OW
bland	B L AE N D
blank	B L AE NG K
blanket	B L AE NG K AH T
blankets	B L AE NG K AH T S
blanks	B L AE NG K S
blast	B L AE S T
blaster	B L AE S T ER
blaze	B L EY Z
blazer	B L EY Z ER
bleed	B L IY D
bleeding	B L IY D IH NG
blend	B L EH N D
blended	B L EH N D IH D
blender	B L EH N D ER
blending	B L EH N D IH NG
blends	B L EH N D Z
bless	B L EH S
blessed	B L EH S T
blessing	B L EH S IH NG
blessings	B L EH S IH NG Z
blew	B L UW
blind	B L AY N D
blindness	B L AY N D N AH S
blinds	B L AY N D Z
blink	B L IH NG K
blip	B L IH P
bliss	B L IH S
blithe	B L AY DH
blitz	B L IH T S
blizzard	B L IH Z ER D
bloc	B L AA K
block	B L AA K
blockbuster	B L AA K B AH S T ER
blocked	B L AA K T
blocker	B L AA K ER
blocking	B L AA K IH NG
blocks	B L AA K S
blog	B L AO G
blogger	B L AO G ER
bloggers	B L AO G ER Z
blogging	B L AO G IH NG
blogosphere	B L AO G AH S F IH R
blogs	B L AO G Z
blond	B L AA N D
blonde	B L AA N D
blondes	B L AA N D Z
blood	B L AH D
bloodhound	B L AH D HH AW N D
bloody	B L AH D IY
bloom	B L UW M
bloomberg	B L UW M B ER G
bloomfield	B L UW M F IY L D
bloomington	B L UW M IH NG T AH N
blooms	B L UW M Z
blossom	B L AA S AH M
blow	B L OW
blower	B L OW ER
blowing	B L OW IH NG
blowjob	B L OW JH AA B
blowjobs	B L OW JH AA B Z
blown	B L OW N
blowout	B L OW AW T
blows	B L OW Z
blue	B L UW
bluegrass	B L UW G R AE S
blueprint	B L UW P R IH N T
blues	B L UW Z
bluetooth	B L UW T UW TH
bluff	B L AH F
blunt	B L AH N T
blur	B L ER
blush	B L AH SH
blvd	B UH L AH V AA R D
bmw	B IY EH M D AH B AH L Y UW
boa	B OW AH
board	B AO R D
boarding	B AO R D IH NG
boards	B AO R D Z
boasts	B OW S T S
boat	B OW T
boating	B OW T IH NG
boats	B OW T S
bob	B AA B
bobbin	B AA B AH N
bobby	B AA B IY
boca	B OW K AH
bodies	B AA D IY Z
bodily	B AA D AH L IY
body	B AA D IY
boeing	B OW IH NG
bogus	B OW G AH S
bohemian	B OW HH IY M IY AH N
boil	B OY L
boiled	B OY L D
boiler	B OY L ER
boiling	B OY L IH NG
boise	B OY Z IY
bold	B OW L D
bolivia	B AH L IH V IY AH
bollywood	B AA L IY W UH D
bologna	B AH L OW N IY
bolt	B OW L T
bolton	B OW L T AH N
bolts	B OW L T S
bomb	B AA M
bombay	B AA M B EY
bomber	B AA M ER
bombers	B AA M ER Z
bombing	B AA M IH NG
bombings	B AA M IH NG Z
bombs	B AA M Z
bon	B AA N
bond	B AA N D
bondage	B AA N D IH JH
bonded	B AA N D AH D
bonding	B AA N D IH NG
bonds	B AA N D Z
bone	B OW N
bones	B OW N Z
bonn	B AA N
bonnie	B AA N IY
bonny	B AA N IY
bono	B OW N OW
bonsai	B AA N S AY
bonus	B OW N AH S
bonuses	B OW N AH S IH Z
boo	B UW
boob	B UW B
boobs	B UW B Z
boogie	B UW G IY
book	B UH K
booked	B UH K T
booking	B UH K IH NG
bookings	B UH K IH NG Z
booklet	B UH K L IH T
bookmark	B UH K M AA R K
bookmarks	B UH K M AA R K S
books	B UH K S
booksellers	B UH K S EH L ER Z
bookshelf	B UH K SH EH L F
bookshop	B UH K SH AA P
bookstore	B UH K S T AO R
bookstores	B UH K S T AO R Z
boolean	B UW L IY AH N
boom	B UW M
boone	B UW N
boost	B UW S T
booster	B UW S T ER
boot	B UW T
booth	B UW TH
boots	B UW T S
bootstrap	B UW T S T R AE P
booty	B UW T IY
bop	B AA P
bordeaux	B AO R D OW
border	B AO R D ER
borders	B AO R D ER Z
bore	B AO R
bored	B AO R D
boredom	B AO R D AH M
boring	B AO R IH NG
boris	B AO R IH S
borland	B AO R L AH N D
born	B AO R N
borne	B AO R N
borough	B ER OW
borrow	B AA R OW
borrowed	B AA R OW D
borrower	B AA R OW ER
borrowers	B AA R OW ER Z
borrowing	B AA R OW IH NG
bos	B AA S
bosch	B AO SH
bose	B OW Z
bosnia	B AA Z N IY AH
boss	B AA S
bosses	B AO S IH Z
boston	B AA S T AH N
bot	B AO T
botanical	B AH T AE N IH K AH L
botany	B AA T AH N IY
both	B OW TH
bother	B AA DH ER
bothered	B AA DH ER D
bots	B AO T S
botswana	B AA T S W AA N AH
bottle	B AA T AH L
bottled	B AA T AH L D
bottles	B AA T AH L Z
bottom	B AA T AH M
bottoms	B AA T AH M Z
bought	B AA T
boulder	B OW L D ER
boulevard	B UH L AH V AA R D
bounce	B AW N S
bouncing	B AW N S IH NG
bound	B AW N D
boundaries	B AW N D ER IY Z
boundary	B AW N D ER IY
bounded	B AW N D AH D
bounds	B AW N D Z
bounty	B AW N T IY
bouquet	B UW K EY
bouquets	B OW K EY Z
bout	B AW T
boutique	B UW T IY K
bovine	B OW V AY N
bow	B AW
bowel	B AW AH L
bowen	B OW AH N
bower	B AW ER
bowie	B OW IY
bowl	B OW L
bowling	B OW L IH NG
bowls	B OW L Z
bowman	B OW M AH N
bows	B AW Z
box	B AA K S
boxed	B AA K S T
boxer	B AA K S ER
boxes	B AA K S AH Z
boxing	B AA K S IH NG
boy	B OY
boycott	B OY K AA T
boyd	B OY D
boyfriend	B OY F R EH N D
boyle	B OY L
boys	B OY Z
boyz	B OY Z
bra	B R AA
brace	B R EY S
bracelet	B R EY S L AH T
bracelets	B R EY S L IH T S
braces	B R EY S AH Z
bracken	B R AE K AH N
bracket	B R AE K IH T
brackets	B R AE K AH T S
brad	B R AE D
bradford	B R AE D F ER D
bradley	B R AE D L IY
brady	B R EY D IY
braid	B R EY D
braille	B R EY L
brain	B R EY N
brains	B R EY N Z
brake	B R EY K
brakes	B R EY K S
bramble	B R AE M B AH L
branch	B R AE N CH
branches	B R AE N CH AH Z
brand	B R AE N D
branded	B R AE N D IH D
branding	B R AE N D IH NG
brandon	B R AE N D AH N
brands	B R AE N D Z
brandy	B R AE N D IY
branson	B R AE N S AH N
bras	B R AE S
brasil	B R AE S AH L
brass	B R AE S
braun	B R AO N
brave	B R EY V
braves	B R EY V Z
bravo	B R AA V OW
brazil	B R AH Z IH L
brazilian	B R AH Z IH L Y AH N
breach	B R IY CH
bread	B R EH D
breadth	B R EH D TH
break	B R EY K
breakdown	B R EY K D AW N
breaker	B R EY K ER
breakers	B R EY K ER Z
breakfast	B R EH K F AH S T
breakfasts	B R EH K F AH S T S
breaking	B R EY K IH NG
breakout	B R EY K AW T
breaks	B R EY K S
breakthrough	B R EY K TH R UW
breast	B R EH S T
breasts	B R EH S T S
breath	B R EH TH
breathe	B R IY DH
breathing	B R IY DH IH NG
breathtaking	B R EH TH T EY K IH NG
bred	B R EH D
breed	B R IY D
breeder	B R IY D ER
breeders	B R IY D ER Z
breeding	B R IY D IH NG
breeds	B R IY D Z
breeze	B R IY Z
breezy	B R IY Z IY
bremen	B R EH M AH N
brenda	B R EH N D AH
brendan	B R EH N D AH N
brennan	B R EH N AH N
brent	B R EH N T
brentwood	B R EH N T W UH D
brethren	B R EH DH R AH N
brett	B R EH T
brew	B R UW
brewer	B R UW ER
brewers	B R UW ER Z
brewery	B R UW ER IY
brewing	B R UW IH NG
brian	B R AY AH N
briar	B R AY ER
brick	B R IH K
bricks	B R IH K S
bridal	B R AY D AH L
bride	B R AY D
brides	B R AY D Z
bridge	B R IH JH
bridgeport	B R IH JH P AO R T
bridges	B R IH JH AH Z
bridget	B R IH JH AH T
bridgewater	B R IH JH W AO T ER
bridging	B R IH JH IH NG
brief	B R IY F
briefcase	B R IY F K EY S
briefing	B R IY F IH NG
briefings	B R IY F IH NG Z
briefly	B R IY F L IY
briefs	B R IY F S
brigade	B R AH G EY D
briggs	B R IH G Z
bright	B R AY T
brighter	B R AY T ER
brightness	B R AY T N AH S
brighton	B R AY T AH N
brilliant	B R IH L Y AH N T
brine	B R AY N
bring	B R IH NG
bringing	B R IH NG IH NG
brings	B R IH NG Z
brink	B R IH NG K
brio	B R AY OW
brisbane	B R IH Z B EY N
brisk	B R IH S K
bristol	B R IH S T AH L
brit	B R IH T
britain	B R IH T AH N
britannica	B R IH T AE N IH K AH
british	B R IH T IH SH
britney	B R IY T N IY
brittany	B R IH T AH N IY
bro	B R OW
broad	B R AO D
broadband	B R AO D B AE N D
broadcast	B R AO D K AE S T
broadcasters	B R AO D K AE S T ER Z
broadcasting	B R AO D K AE S T IH NG
broadcasts	B R AO D K AE S T S
broader	B R AO D ER
broadly	B R AO D L IY
broadway	B R AO D W EY
broccoli	B R AA K AH L IY
brochure	B R OW SH UH R
brochures	B R OW SH UH R Z
brock	B R AA K
broke	B R OW K
broken	B R OW K AH N
broker	B R OW K ER
brokerage	B R OW K ER IH JH
brokers	B R OW K ER Z
broncos	B R AA NG K OW Z
bronx	B R AA NG K S
bronze	B R AA N Z
brook	B R UH K
brooke	B R UH K
brooklyn	B R UH K L AH N
brooks	B R UH K S
brother	B R AH DH ER
brotherhood	B R AH DH ER HH UH D
brothers	B R AH DH ER Z
brought	B R AO T
brown	B R AW N
browne	B R AW N
browning	B R AW N IH NG
browns	B R AW N Z
browse	B R AW Z
browser	B R AW Z ER
browsers	B R AW Z ER Z
browsing	B R AW Z IH NG
bruce	B R UW S
bruins	B R UW IH N Z
brunch	B R AH N CH
brunei	B R UW N AY
brunette	B R UW N EH T
bruno	B R UW N OW
brunswick	B R AH N Z W IH K
brush	B R AH SH
brushed	B R AH SH T
brushes	B R AH SH IH Z
brussels	B R AH S AH L Z
brutal	B R UW T AH L
bryan	B R AY AH N
bryant	B R AY AH N T
bryce	B R AY S
bubble	B AH B AH L
bubbles	B AH B AH L Z
buchanan	B Y UW K AE N AH N
buck	B AH K
bucket	B AH K AH T
buckingham	B AH K IH NG HH AE M
buckle	B AH K AH L
buckley	B AH K L IY
bucks	B AH K S
bud	B AH D
budapest	B UW D AH P EH S T
buddha	B UW D AH
buddhism	B UW D IH Z AH M
buddhist	B UW D AH S T
buddies	B AH D IY Z
buddy	B AH D IY
budget	B AH JH IH T
budgetary	B AH JH IH T EH R IY
budgeting	B AH JH IH T IH NG
budgets	B AH JH IH T S
buds	B AH D Z
buena	B UW N AH
buenos	B W EY N OW S
buff	B AH F
buffalo	B AH F AH L OW
buffer	B AH F ER
buffers	B AH F ER Z
buffet	B AH F AH T
buffy	B AH F IY
bug	B AH G
buggy	B AH G IY
bugs	B AH G Z
buick	B Y UW IH K
build	B IH L D
builder	B IH L D ER
builders	B IH L D ER Z
building	B IH L D IH NG
buildings	B IH L D IH NG Z
builds	B IH L D Z
built	B IH L T
bukkake	B UW K AA K EH
bulb	B AH L B
bulbs	B AH L B Z
bulgaria	B AH L G EH R IY AH
bulgarian	B AH L G EH R IY AH N
bulk	B AH L K
bull	B UH L
bulldog	B UH L D AO G
bulldogs	B UH L D AO G Z
bullet	B UH L AH T
bulletin	B UH L IH T AH N
bulletins	B UH L AH T AH N Z
bullets	B UH L AH T S
bullock	B UH L AH K
bulls	B UH L Z
bullshit	B UH L SH IH T
bullying	B UH L IY IH NG
bump	B AH M P
bumper	B AH M P ER
bunch	B AH N CH
bundle	B AH N D AH L
bundled	B AH N D AH L D
bundles	B AH N D AH L Z
bungalow	B AH NG G AH L OW
bunk	B AH NG K
bunker	B AH NG K ER
bunny	B AH N IY
bur	B ER
burbank	B ER B AE NG K
burden	B ER D AH N
bureau	B Y UH R OW
bureaucracy	B Y UH R AA K R AH S IY
burger	B ER G ER
burgers	B ER G ER Z
burgess	B ER JH AH S
burgundy	B ER G AH N D IY
burial	B EH R IY AH L
buried	B EH R IY D
burke	B ER K
burkina	B ER K IY N AH
burlington	B ER L IH NG T AH N
burma	B ER M AH
burn	B ER N
burned	B ER N D
burner	B ER N ER
burners	B ER N ER Z
burnett	B ER N EH T
burning	B ER N IH NG
burns	B ER N Z
burnt	B ER N T
burr	B ER
burst	B ER S T
burt	B ER T
burton	B ER T AH N
burundi	B ER AH N D IY
bury	B EH R IY
bus	B AH S
busch	B UH SH
buses	B AH S IH Z
bush	B UH SH
business	B IH Z N AH S
businesses	B IH Z N AH S AH Z
businessman	B IH Z N AH S M AE N
bust	B AH S T
busted	B AH S T IH D
buster	B AH S T ER
busty	B AH S T IY
busy	B IH Z IY
but	B AH T
butcher	B UH CH ER
butler	B AH T L ER
butt	B AH T
butte	B Y UW T
butter	B AH T ER
butterflies	B AH T ER F L AY Z
butterfly	B AH T ER F L AY
button	B AH T AH N
buttons	B AH T AH N Z
butts	B AH T S
buy	B AY
buyer	B AY ER
buyers	B AY ER Z
buying	B AY IH NG
buys	B AY Z
buzz	B AH Z
bye	B AY
bylaws	B AY L AO Z
bypass	B AY P AE S
byrd	B ER D
byrne	B ER N
byron	B AY R AH N
byte	B AY T
bytes	B AY T S
cab	K AE B
cabaret	K AE B ER EY
cabbage	K AE B AH JH
cabernet	K AE B ER N EY
cabin	K AE B AH N
cabinet	K AE B AH N AH T
cabinets	K AE B AH N AH T S
cabins	K AE B AH N Z
cable	K EY B AH L
cables	K EY B AH L Z
cabo	K AE B OW
cac	K AE K
cache	K AE SH
cached	K AE SH T
caching	K AE SH IH NG
cactus	K AE K T AH S
cad	K AE D
cadence	K EY D AH N S
cadet	K AH D EH T
cadillac	K AE D AH L AE K
caesar	S IY Z ER
cafe	K AH F EY
cafes	K AE F EY Z
cafeteria	K AE F AH T IH R IY AH
caffeine	K AE F IY N
cage	K EY JH
cages	K EY JH IH Z
cain	K EY N
cairn	K EH R N
cairns	K EH R N Z
cairo	K AY R OW
cajun	K EY JH AH N
cake	K EY K
cakes	K EY K S
cal	K AE L
calcium	K AE L S IY AH M
calculate	K AE L K Y AH L EY T
calculated	K AE L K Y AH L EY T IH D
calculating	K AE L K Y AH L EY T IH NG
calculation	K AE L K Y AH L EY SH AH N
calculations	K AE L K Y AH L EY SH AH N Z
calculator	K AE L K Y AH L EY T ER
calculators	K AE L K Y AH L EY T ER Z
calculus	K AE L K Y AH L AH S
calcutta	K AE L K AH T AH
caldwell	K AO L D W EH L
caledonia	K AE L AH D OW N IY AH
calendar	K AE L AH N D ER
calendars	K AE L AH N D ER Z
calf	K AE F
calgary	K AE L G ER IY
calhoun	K AE L HH UW N
caliber	K AE L AH B ER
calibration	K AE L AH B R EY SH AH N
california	K AE L AH F AO R N Y AH
call	K AO L
callaway	K AE L AH W EY
callback	K AO L B AE K
called	K AO L D
caller	K AO L ER
calling	K AO L IH NG
calls	K AO L Z
calm	K AA M
calorie	K AE L ER IY
calories	K AE L ER IY Z
calvin	K AE L V AH N
cam	K AE M
camaro	K AH M EH R OW
cambodia	K AE M B OW D IY AH
cambridge	K EY M B R IH JH
camcorder	K AE M K AO R D ER
camcorders	K AE M K AO R D ER Z
camden	K AE M D AH N
came	K EY M
camel	K AE M AH L
camera	K AE M ER AH
cameras	K AE M ER AH Z
cameron	K AE M ER AH N
cameroon	K AE M ER UW N
camino	K AH M IY N OW
camp	K AE M P
campaign	K AE M P EY N
campaigns	K AE M P EY N Z
campbell	K AE M B AH L
camper	K AE M P ER
campers	K AE M P ER Z
campground	K AE M P G R AW N D
campgrounds	K AE M P G R AW N D Z
camping	K AE M P IH NG
camps	K AE M P S
campus	K AE M P AH S
campuses	K AE M P AH S AH Z
cams	K AE M Z
can	K AE N
canada	K AE N AH D AH
canadian	K AH N EY D IY AH N
canadians	K AH N EY D IY AH N Z
canal	K AH N AE L
canary	K AH N EH R IY
canberra	K AE N B EH R AH
cancel	K AE N S AH L
canceled	K AE N S AH L D
cancellation	K AE N S AH L EY SH AH N
cancelled	K AE N S AH L D
cancer	K AE N S ER
cancers	K AE N S ER Z
cancun	K AE NG K AH N
candid	K AE N D AH D
candidate	K AE N D AH D EY T
candidates	K AE N D AH D EY T S
candle	K AE N D AH L
candles	K AE N D AH L Z
candy	K AE N D IY
cane	K EY N
canine	K EY N AY N
cannabis	K AE N AH B AH S
canned	K AE N D
cannes	K AE N Z
cannon	K AE N AH N
canoe	K AH N UW
canoeing	K AH N UW IH NG
canon	K AE N AH N
canonical	K AH N AA N AH K AH L
canopy	K AE N AH P IY
cans	K AE N Z
cant	K AE N T
canterbury	K AE N T ER B EH R IY
canton	K AE N T AH N
canvas	K AE N V AH S
canyon	K AE N Y AH N
cao	K AW
cap	K AE P
capabilities	K EY P AH B IH L AH T IY Z
capability	K EY P AH B IH L AH T IY
capable	K EY P AH B AH L
capacities	K AH P AE S AH T IY Z
capacitor	K AH P AE S AH T ER
capacity	K AH P AE S AH T IY
cape	K EY P
capita	K AE P IH T AH
capital	K AE P AH T AH L
capitalism	K AE P IH T AH L IH Z AH M
capitalist	K AE P AH T AH L IH S T
capitals	K AE P AH T AH L Z
capitol	K AE P IH T AH L
capped	K AE P T
capri	K AE P R IY
caps	K AE P S
capstone	K AE P S T OW N
capsule	K AE P S AH L
capsules	K AE P S AH L Z
captain	K AE P T AH N
caption	K AE P SH AH N
captive	K AE P T IH V
capture	K AE P CH ER
captured	K AE P CH ER D
captures	K AE P CH ER Z
capturing	K AE P CH ER IH NG
car	K AA R
carat	K EH R AH T
caravan	K AE R AH V AE N
carb	K AA R B
carbohydrate	K AA R B OW HH AY D R EY T
carbon	K AA R B AH N
carbonate	K AA R B AH N EY T
carbs	K AA R B Z
carcinoma	K AA R S AH N OW M AH
card	K AA R D
cardboard	K AA R D B AO R D
cardiac	K AA R D IY AE K
cardiff	K AA R D IH F
cardinal	K AA R D AH N AH L
cardinals	K AA R D AH N AH L Z
cardio	K AA R D IY OW
cardiology	K AA R D IY AA L AH JH IY
cards	K AA R D Z
care	K EH R
cared	K EH R D
career	K ER IH R
careers	K ER IH R Z
careful	K EH R F AH L
carefully	K EH R F AH L IY
caregivers	K EH R G IH V ER Z
cares	K EH R Z
carey	K EH R IY
cargo	K AA R G OW
caribbean	K ER IH B IY AH N
caring	K EH R IH NG
carl	K AA R L
carla	K AA R L AA
carleton	K AA R L T AH N
carlisle	K AA R L AY L
carlo	K AA R L OW
carlos	K AA R L OW S
carlsbad	K AA R L S B AE D
carlson	K AA R L S AH N
carlton	K AA R L T AH N
carmel	K AA R M EH L
carmen	K AA R M AH N
carnegie	K AA R N AH G IY
carnival	K AA R N AH V AH L
carol	K AE R AH L
carole	K AE R AH L
carolina	K EH R AH L AY N AH
caroline	K EH R AH L AY N
carolyn	K EH R AH L IH N
carp	K AA R P
carpenter	K AA R P AH N T ER
carpet	K AA R P AH T
carpets	K AA R P AH T S
carr	K AA R
carrera	K AA R EH R AA
carriage	K AE R IH JH
carrie	K EH R IY
carried	K AE R IY D
carrier	K AE R IY ER
carriers	K AE R IY ER Z
carries	K AE R IY Z
carroll	K AE R AH L
carrot	K AE R AH T
carrots	K AE R AH T S
carry	K AE R IY
carrying	K AE R IY IH NG
cars	K AA R Z
carson	K AA R S AH N
cart	K AA R T
carte	K AA R T
carter	K AA R T ER
cartier	K AA R T IY ER
carton	K AA R T AH N
cartoon	K AA R T UW N
cartoons	K AA R T UW N Z
cartridge	K AA R T R AH JH
cartridges	K AA R T R AH JH AH Z
carts	K AA R T S
carved	K AA R V D
carver	K AA R V ER
carving	K AA R V IH NG
cary	K EH R IY
cas	K AE S
casa	K AA S AH
cascade	K AE S K EY D
case	K EY S
cases	K EY S AH Z
casey	K EY S IY
cash	K AE SH
cashier	K AE SH IH R
cashiers	K AE SH IH R Z
cashmere	K AE ZH M IH R
casino	K AH S IY N OW
casinos	K AH S IY N OW Z
casio	K AE S IY OW
casper	K AE S P ER
cass	K AE S
casserole	K AE S ER OW L
cassette	K AH S EH T
cassettes	K AH S EH T S
cassidy	K AE S IH D IY
cast	K AE S T
casting	K AE S T IH NG
castle	K AE S AH L
castles	K AE S AH L Z
castro	K AE S T R OW
casts	K AE S T S
casual	K AE ZH AH W AH L
casualties	K AE ZH AH W AH L T IY Z
casualty	K AE ZH AH W AH L T IY
cat	K AE T
catalan	K AE T AH L AH N
catalog	K AE T AH L AO G
catalogs	K AE T AH L AA G Z
catalogue	K AE T AH L AO G
catalogues	K AE T AH L AO G Z
catalyst	K AE T AH L AH S T
catalytic	K AE T AH L IH T IH K
catastrophic	K AE T AH S T R AA F IH K
catch	K AE CH
catcher	K AE CH ER
catches	K AE CH AH Z
catching	K AE CH IH NG
catchment	K AE CH M AH N T
categories	K AE T AH G AO R IY Z
categorized	K AE T AH G ER AY Z D
category	K AE T AH G AO R IY
cater	K EY T ER
catering	K EY T ER IH NG
caterpillar	K AE T AH P IH L ER
cathedral	K AH TH IY D R AH L
catherine	K AE TH ER AH N
catholic	K AE TH L IH K
catholics	K AE TH L IH K S
cathy	K AE TH IY
cation	K AE T AY AH N
cats	K AE T S
cattle	K AE T AH L
caucasian	K AO K EY ZH AH N
caucus	K AO K AH S
caught	K AA T
causal	K AO Z AH L
cause	K AA Z
caused	K AA Z D
causes	K AA Z AH Z
causeway	K AA Z W EY
causing	K AA Z IH NG
caution	K AA SH AH N
cautious	K AO SH AH S
cavalier	K AE V AH L IH R
cavaliers	K AE V AH L IH R Z
cavalry	K AE V AH L R IY
cave	K EY V
caves	K EY V Z
cavity	K AE V AH T IY
cayman	K EY M AH N
cbc	S IY B IY S IY
cbs	S IY B IY EH S
ccd	S IY S IY D IY
cctv	S IY S IY T IY V IY
cdc	S IY D IY S IY
cdrom	S IY D IY R AA M
cds	S IY D IY Z
cease	S IY S
ceased	S IY S T
cecil	S IY S AH L
cedar	S IY D ER
ceiling	S IY L IH NG
ceilings	S IY L IH NG Z
celeb	S AH L EH B
celebrate	S EH L AH B R EY T
celebrated	S EH L AH B R EY T IH D
celebrates	S EH L AH B R EY T S
celebrating	S EH L AH B R EY T IH NG
celebration	S EH L AH B R EY SH AH N
celebrations	S EH L AH B R EY SH AH N Z
celebrities	S AH L EH B R IH T IY Z
celebrity	S AH L EH B R IH T IY
celebs	S AH L EH B Z
celeron	S EH L ER AA N
celestial	S AH L EH S CH AH L
celine	S AH L IY N
cell	S EH L
cellar	S EH L ER
cello	CH EH L OW
cellphone	S EH L F OW N
cells	S EH L Z
cellular	S EH L Y AH L ER
celtic	S EH L T IH K
cement	S AH M EH N T
cemeteries	S EH M AH T EH R IY Z
cemetery	S EH M AH T EH R IY
censorship	S EH N S ER SH IH P
census	S EH N S AH S
cent	S EH N T
centennial	S EH N T EH N IY AH L
center	S EH N T ER
centered	S EH N T ER D
centers	S EH N T ER Z
central	S EH N T R AH L
centralized	S EH N T R AH L AY Z D
centrally	S EH N T R AH L IY
centre	S EH N T ER
centres	S EH N T ER Z
centro	S EH N T R OW
cents	S EH N T S
centuries	S EH N CH ER IY Z
century	S EH N CH ER IY
ceo	S IY IY OW
ceramic	S ER AE M IH K
ceramics	S ER AE M IH K S
cereal	S IH R IY AH L
cerebral	S EH R AH B R AH L
ceremonies	S EH R AH M OW N IY Z
ceremony	S EH R AH M OW N IY
cern	S ER N
cert	S ER T
certain	S ER T AH N
certainly	S ER T AH N L IY
certainty	S ER T AH N T IY
certificate	S ER T IH F IH K AH T
certificates	S ER T IH F IH K AH T S
certified	S ER T AH F AY D
certify	S ER T AH F AY
cervical	S ER V AH K AH L
cessation	S EH S EY SH AH N
cfo	S IY EH F OW
cgi	S IY G IY AY
cha	CH AA
chad	CH AE D
chain	CH EY N
chains	CH EY N Z
chair	CH EH R
chaired	CH EH R D
chairman	CH EH R M AH N
chairperson	CH EH R P ER S AH N
chairs	CH EH R Z
chalet	SH AE L EY
chalk	CH AA K
challenge	CH AE L AH N JH
challenged	CH AE L AH N JH D
challenger	CH AE L AH N JH ER
challenges	CH AE L AH N JH IH Z
challenging	CH AE L AH N JH IH NG
chamber	CH EY M B ER
chambers	CH EY M B ER Z
champ	CH AE M P
champagne	SH AE M P EY N
champaign	CH AE M P EY N
champion	CH AE M P IY AH N
champions	CH AE M P IY AH N Z
championship	CH AE M P IY AH N SH IH P
champs	CH AE M P S
chan	CH AE N
chance	CH AE N S
chancellor	CH AE N S AH L ER
chances	CH AE N S AH Z
chandelier	SH AE N D AH L IH R
chandler	CH AE N D L ER
chanel	SH AH N EH L
chang	CH AE NG
change	CH EY N JH
changed	CH EY N JH D
changer	CH EY N JH ER
changes	CH EY N JH AH Z
changing	CH EY N JH IH NG
channel	CH AE N AH L
channels	CH AE N AH L Z
chaos	K EY AA S
chaotic	K EY AA T IH K
chap	CH AE P
chapel	CH AE P AH L
chapman	CH AE P M AH N
chapter	CH AE P T ER
chapters	CH AE P T ER Z
char	CH AA R
character	K EH R IH K T ER
characterize	K EH R AH K T ER AY Z
characters	K AE R AH K T ER Z
charcoal	CH AA R K OW L
charge	CH AA R JH
charged	CH AA R JH D
charger	CH AA R JH ER
chargers	CH AA R JH ER Z
charges	CH AA R JH AH Z
charging	CH AA R JH IH NG
charitable	CH AE R AH T AH B AH L
charities	CH EH R AH T IY Z
charity	CH EH R IH T IY
charles	CH AA R L Z
charleston	CH AA R L S T AH N
charlie	CH AA R L IY
charlotte	SH AA R L AH T
charlton	CH AA R L T AH N
charm	CH AA R M
charmed	CH AA R M D
charming	CH AA R M IH NG
charms	CH AA R M Z
chart	CH AA R T
charter	CH AA R T ER
chartered	CH AA R T ER D
charters	CH AA R T ER Z
charts	CH AA R T S
chase	CH EY S
chaser	CH EY S ER
chasing	CH EY S IH NG
chassis	CH AE S IY
chat	CH AE T
chateau	SH AE T OW
chatham	CH AE T AH M
chats	CH AE T S
chattanooga	CH AE T AH N UW G AH
chatter	CH AE T ER
chatting	CH AE T IH NG
chavez	SH AA V EH Z
che	CH EY
cheap	CH IY P
cheaper	CH IY P ER
cheapest	CH IY P AH S T
cheat	CH IY T
cheating	CH IY T IH NG
cheats	CH IY T S
check	CH EH K
checked	CH EH K T
checker	CH EH K ER
checking	CH EH K IH NG
checklist	CH EH K L IH S T
checkout	CH EH K AW T
checkpoint	CH EH K P OY N T
checks	CH EH K S
cheek	CH IY K
cheeks	CH IY K S
cheer	CH IH R
cheerful	CH IH R F AH L
cheerleader	CH IH R L IY D ER
cheerleaders	CH IH R L IY D ER Z
cheers	CH IH R Z
cheese	CH IY Z
chef	SH EH F
chefs	SH EH F S
chelsea	CH EH L S IY
chem	K EH M
chemical	K EH M AH K AH L
chemically	K EH M AH K L IY
chemicals	K EH M IH K AH L Z
chemist	K EH M IH S T
chemistry	K EH M AH S T R IY
chemotherapy	K IY M OW TH EH R AH P IY
chen	CH EH N
cheney	CH EY N IY
cheng	CH EH NG
chennai	CH EH N AY
cheque	CH EH K
cheques	CH EH K S
cher	SH EH R
cherokee	CH EH R AH K IY
cherries	CH EH R IY Z
cherry	CH EH R IY
cheryl	SH EH R AH L
chesapeake	CH EH S AH P IY K
cheshire	CH EH SH ER
chess	CH EH S
chest	CH EH S T
chester	CH EH S T ER
chesterfield	CH EH S T ER F IY L D
chestnut	CH EH S N AH T
chevrolet	SH EH V R AH L EY
chevy	SH EH V IY
chew	CH UW
cheyenne	SH AY EH N
chi	K AY
chiang	CH AE NG
chic	SH IY K
chicago	SH AH K AA G OW
chick	CH IH K
chicken	CH IH K AH N
chickens	CH IH K AH N Z
chicks	CH IH K S
chico	CH IY K OW
chief	CH IY F
chiefs	CH IY F S
child	CH AY L D
childbirth	CH AY L D B ER TH
childcare	CH AY L D K EH R
childhood	CH AY L D HH UH D
children	CH IH L D R AH N
childrens	CH IH L D R AH N Z
childs	CH AY L D Z
chile	CH IH L IY
chilean	CH IH L IY AH N
chili	CH IH L IY
chill	CH IH L
chime	CH AY M
chimney	CH IH M N IY
chin	CH IH N
china	CH AY N AH
chinatown	CH AY N AH T AW N
chinese	CH AY N IY Z
ching	CH IH NG
chip	CH IH P
chipper	CH IH P ER
chips	CH IH P S
chiropractic	K AY R OW P R AE K T IH K
chirp	CH ER P
chisel	CH IH Z AH L
chit	CH IH T
chloe	K L OW IY
chloride	K L AO R AY D
chlorine	K L AO R IY N
cho	CH OW
chocolate	CH AO K L AH T
chocolates	CH AO K L AH T S
choice	CH OY S
choices	CH OY S AH Z
choir	K W AY ER
cholesterol	K AH L EH S T ER AO L
choose	CH UW Z
chooses	CH UW Z AH Z
choosing	CH UW Z IH NG
chop	CH AA P
chopped	CH AA P T
chopper	CH AA P ER
choral	K AO R AH L
chord	K AO R D
chords	K AO R D Z
chorus	K AO R AH S
chose	CH OW Z
chosen	CH OW Z AH N
chow	CH AW
chris	K R IH S
christ	K R AY S T
christchurch	K R AY S T CH ER CH
christensen	K R IH S T AH N S AH N
christi	K R IH S T IY
christian	K R IH S CH AH N
christianity	K R IH S CH IY AE N IH T IY
christians	K R IH S CH AH N Z
christie	K R IH S T IY
christina	K R IH S T IY N AH
christine	K R IH S T IY N
christmas	K R IH S M AH S
christopher	K R IH S T AH F ER
christy	K R IH S T IY
chrome	K R OW M
chromium	K R OW M IY AH M
chromosome	K R OW M AH S OW M
chronic	K R AA N IH K
chronicle	K R AA N IH K AH L
chronicles	K R AA N IH K AH L Z
chronology	K R AH N AA L AH JH IY
chrysler	K R AY S L ER
chu	CH UW
chubby	CH AH B IY
chuck	CH AH K
chung	CH AH NG
chunk	CH AH NG K
church	CH ER CH
churches	CH ER CH IH Z
churchill	CH ER CH IH L
cia	S IY AY EY
cialis	S IY AA L AH S
ciao	CH AW
cid	S IH D
cider	S AY D ER
cigar	S IH G AA R
cigarette	S IH G ER EH T
cigarettes	S IH G ER EH T S
cigars	S IH G AA R Z
cincinnati	S IH N S AH N AE T IY
cinder	S IH N D ER
cinderella	S IH N D ER EH L AH
cindy	S IH N D IY
cinema	S IH N AH M AH
cinemas	S IH N AH M AH Z
cingular	S IH N G UW L ER
cinnamon	S IH N AH M AH N
cio	S IY AY OW
cipher	S AY F ER
circa	S ER K AH
circle	S ER K AH L
circles	S ER K AH L Z
circuit	S ER K AH T
circuits	S ER K AH T S
circular	S ER K Y AH L ER
circulated	S ER K Y AH L EY T IH D
circulating	S ER K Y AH L EY T IH NG
circulation	S ER K Y AH L EY SH AH N
circumstance	S ER K AH M S T AE N S
circus	S ER K AH S
cirrus	S IH R AH S
cisco	S IH S K OW
cit	S IY AY T IY
citadel	S IH T AH D EH L
citation	S AY T EY SH AH N
citations	S AY T EY SH AH N Z
cite	S AY T
cited	S AY T AH D
cites	S AY T S
cities	S IH T IY Z
citing	S AY T IH NG
citizen	S IH T AH Z AH N
citizens	S IH T AH Z AH N Z
citizenship	S IH T IH Z AH N SH IH P
citrix	S IH T R IH K S
citroen	S IH T R OW N
citrus	S IH T R AH S
city	S IH T IY
citysearch	S IH T IY S ER CH
civic	S IH V IH K
civil	S IH V AH L
civilian	S AH V IH L Y AH N
civilians	S AH V IH L Y AH N Z
civilization	S IH V AH L IH Z EY SH AH N
clad	K L AE D
claim	K L EY M
claimant	K L EY M AH N T
claimed	K L EY M D
claiming	K L EY M IH NG
claims	K L EY M Z
clair	K L EH R
claire	K L EH R
clam	K L AE M
clamp	K L AE M P
clamps	K L AE M P S
clan	K L AE N
clancy	K L AE N S IY
clapton	K L AE P T AH N
clara	K L AE R AH
clare	K L EH R
claremont	K L EH R M AA N T
clarence	K L EH R AH N S
clarendon	K L EH R AH N D AH N
clarified	K L EH R AH F AY D
clarify	K L EH R AH F AY
clarinet	K L EH R AH N EH T
clarion	K L EH R IY AH N
clarity	K L EH R AH T IY
clark	K L AA R K
clarke	K L AA R K
clarkson	K L AA R K S AH N
clash	K L AE SH
class	K L AE S
classes	K L AE S AH Z
classic	K L AE S IH K
classical	K L AE S IH K AH L
classics	K L AE S IH K S
classified	K L AE S AH F AY D
classifieds	K L AE S AH F AY D Z
classify	K L AE S AH F AY
classmates	K L AE S M EY T S
classroom	K L AE S R UW M
classrooms	K L AE S R UW M Z
classy	K L AE S IY
claude	K L AO D
claudia	K L AO D IY AH
claus	K L AO Z
clause	K L AO Z
clauses	K L AO Z AH Z
claw	K L AO
clay	K L EY
clayton	K L EY T AH N
clean	K L IY N
cleaned	K L IY N D
cleaner	K L IY N ER
cleaners	K L IY N ER Z
cleaning	K L IY N IH NG
cleanliness	K L EH N L IY N IH S
cleansing	K L EH N Z IH NG
cleanup	K L IY N AH P
clear	K L IH R
clearance	K L IH R AH N S
cleared	K L IH R D
clearer	K L IH R ER
clearing	K L IH R IH NG
clearly	K L IH R L IY
clears	K L IH R Z
clearwater	K L IH R W AO T ER
cleavage	K L IY V AH JH
clement	K L EH M AH N T
clemson	K L EH M S AH N
clergy	K L ER JH IY
clerical	K L EH R AH K AH L
clerk	K L ER K
clerks	K L ER K S
cleveland	K L IY V L AH N D
clever	K L EH V ER
click	K L IH K
clicked	K L IH K T
clicking	K L IH K IH NG
clicks	K L IH K S
client	K L AY AH N T
clients	K L AY AH N T S
cliff	K L IH F
clifford	K L IH F ER D
cliffs	K L IH F S
clifton	K L IH F T AH N
climate	K L AY M AH T
climax	K L AY M AE K S
climb	K L AY M
climbed	K L AY M D
climbing	K L AY M IH NG
clinic	K L IH N IH K
clinical	K L IH N AH K AH L
clinically	K L IH N IH K AH L IY
clinics	K L IH N IH K S
clink	K L IH NG K
clint	K L IH N T
clinton	K L IH N T AH N
clip	K L IH P
clipboard	K L IH P B AO R D
clippers	K L IH P ER Z
clips	K L IH P S
clive	K L AY V
clock	K L AA K
clocks	K L AA K S
clone	K L OW N
clones	K L OW N Z
cloning	K L OW N IH NG
close	K L OW S
closed	K L OW Z D
closely	K L OW S L IY
closer	K L OW S ER
closes	K L OW Z IH Z
closest	K L OW S AH S T
closet	K L AA Z AH T
closing	K L OW Z IH NG
closure	K L OW ZH ER
closures	K L OW ZH ER Z
cloth	K L AO TH
clothes	K L OW DH Z
clothing	K L OW DH IH NG
cloud	K L AW D
clouds	K L AW D Z
cloudy	K L AW D IY
clover	K L OW V ER
clown	K L AW N
club	K L AH B
clubhouse	K L AH B HH AW S
clubs	K L AH B Z
clue	K L UW
clues	K L UW Z
cluster	K L AH S T ER
clustering	K L AH S T ER IH NG
clusters	K L AH S T ER Z
clutch	K L AH CH
clutter	K L AH T ER
clyde	K L AY D
cmos	S IY M OW S
cnet	S IY N EH T
cnn	S IY EH N EH N
coach	K OW CH
coaches	K OW CH IH Z
coaching	K OW CH IH NG
coal	K OW L
coalition	K OW AH L IH SH AH N
coarse	K AO R S
coast	K OW S T
coastal	K OW S T AH L
coaster	K OW S T ER
coastline	K OW S T L AY N
coat	K OW T
coated	K OW T AH D
coating	K OW T IH NG
coatings	K OW T IH NG Z
coats	K OW T S
coaxial	K OW AE K S IY AH L
cobalt	K OW B AO L T
cobb	K AA B
cobra	K OW B R AH
coca	K OW K AH
cocaine	K OW K EY N
cock	K AA K
cockpit	K AA K P IH T
cocks	K AA K S
cocktail	K AA K T EY L
cocktails	K AA K T EY L Z
coco	K OW K OW
cocoa	K OW K OW
coconut	K OW K AH N AH T
cocos	K OW K OW Z
cod	K AA D
code	K OW D
coded	K OW D IH D
codes	K OW D Z
coding	K OW D IH NG
cody	K OW D IY
coe	K OW
coed	K OW EH D
coefficient	K OW AH F IH SH AH N T
coefficients	K OW AH F IH SH AH N T S
coffee	K AA F IY
coffin	K AO F IH N
cog	K AO G
cogent	K OW JH AH N T
cognition	K AA G N IH SH AH N
cognitive	K AA G N IH T IH V
cohen	K OW AH N
coherence	K OW HH IH R AH N S
coherent	K OW HH IH R AH N T
cohort	K OW HH AO R T
coil	K OY L
coin	K OY N
coincidence	K OW IH N S IH D AH N S
coins	K OY N Z
coke	K OW K
cola	K OW L AH
cold	K OW L D
cole	K OW L
coleman	K OW L M AH N
coli	K OW L IY
colin	K OW L IH N
coll	K AA L
collaborate	K AH L AE B ER EY T
collage	K AH L AA ZH
collagen	K AA L AH G AH N
collapse	K AH L AE P S
collapsed	K AH L AE P S T
collar	K AA L ER
collars	K AA L ER Z
collateral	K AH L AE T ER AH L
colleague	K AA L IY G
colleagues	K AA L IY G Z
collect	K AH L EH K T
collected	K AH L EH K T AH D
collectible	K AH L EH K T AH B AH L
collectibles	K AH L EH K T AH B AH L Z
collecting	K AH L EH K T IH NG
collection	K AH L EH K SH AH N
collections	K AH L EH K SH AH N Z
collective	K AH L EH K T IH V
collectively	K AH L EH K T IH V L IY
collector	K AH L EH K T ER
collectors	K AH L EH K T ER Z
collects	K AH L EH K T S
colleen	K AA L IY N
college	K AA L IH JH
colleges	K AA L IH JH IH Z
collegiate	K AH L IY JH IH T
collier	K AA L Y ER
collins	K AA L IH N Z
collision	K AH L IH ZH AH N
collisions	K AH L IH ZH AH N Z
cologne	K AH L OW N
colombia	K AH L AH M B IY AH
colombian	K AH L AH M B IY AH N
colon	K OW L AH N
colonel	K ER N AH L
colonial	K AH L OW N IY AH L
colonies	K AA L AH N IY Z
colony	K AA L AH N IY
color	K AH L ER
colorado	K AA L ER AA D OW
colored	K AH L ER D
colorful	K AH L ER F AH L
coloring	K AH L ER IH NG
colors	K AH L ER Z
colour	K AH L ER
coloured	K AH L ER D
colours	K AH L ER Z
colt	K OW L T
colts	K OW L T S
columbia	K AH L AH M B IY AH
columbus	K AH L AH M B AH S
column	K AA L AH M
columnist	K AA L AH M N AH S T
columnists	K AA L AH M N AH S T S
columns	K AA L AH M Z
com	K AA M
coma	K OW M AH
comb	K OW M
combat	K AA M B AE T
combination	K AA M B AH N EY SH AH N
combinations	K AA M B AH N EY SH AH N Z
combine	K AA M B AY N
combined	K AH M B AY N D
combines	K AH M B AY N Z
combining	K AH M B AY N IH NG
combo	K AA M B OW
combustion	K AH M B AH S CH AH N
comcast	K AA M K AE S T
come	K AH M
comeback	K AH M B AE K
comedies	K AA M AH D IY Z
comedy	K AA M AH D IY
comes	K AH M Z
comet	K AA M AH T
comfort	K AH M F ER T
comfortable	K AH M F ER T AH B AH L
comfortably	K AH M F ER T AH B L IY
comforter	K AH M F ER T ER
comic	K AA M IH K
comics	K AA M IH K S
coming	K AH M IH NG
comm	K AA M
comma	K AA M AH
command	K AH M AE N D
commanded	K AH M AE N D IH D
commander	K AH M AE N D ER
commanders	K AH M AE N D ER Z
commanding	K AH M AE N D IH NG
commandments	K AH M AE N D M AH N T S
commands	K AH M AE N D Z
commence	K AH M EH N S
commenced	K AH M EH N S T
commencement	K AH M EH N S M AH N T
commencing	K AH M EH N S IH NG
comment	K AA M EH N T
commentaries	K AA M AH N T EH R IY Z
commentary	K AA M AH N T EH R IY
commented	K AA M EH N T AH D
commenting	K AA M EH N T IH NG
comments	K AA M EH N T S
commerce	K AA M ER S
commercial	K AH M ER SH AH L
commercially	K AH M ER SH AH L IY
commercials	K AH M ER SH AH L Z
commission	K AH M IH SH AH N
commissioned	K AH M IH SH AH N D
commissioner	K AH M IH SH AH N ER
commissions	K AH M IH SH AH N Z
commit	K AH M IH T
commitment	K AH M IH T M AH N T
commitments	K AH M IH T M AH N T S
commits	K AH M IH T S
committed	K AH M IH T IH D
committee	K AH M IH T IY
committees	K AH M IH T IY Z
committing	K AH M IH T IH NG
commodities	K AH M AA D AH T IY Z
commodity	K AH M AA D AH T IY
commodore	K AA M AH D AO R
common	K AA M AH N
commonly	K AA M AH N L IY
commons	K AA M AH N Z
commonwealth	K AA M AH N W EH L TH
communal	K AH M Y UW N AH L
communicate	K AH M Y UW N AH K EY T
communicated	K AH M Y UW N AH K EY T IH D
communicator	K AH M Y UW N AH K EY T ER
communion	K AH M Y UW N Y AH N
communism	K AA M Y AH N IH Z AH M
communist	K AA M Y AH N AH S T
communities	K AH M Y UW N AH T IY Z
community	K AH M Y UW N AH T IY
commute	K AH M Y UW T
commuter	K AH M Y UW T ER
como	K OW M OW
comoros	K AO M AO R OW S
comp	K AA M P
compact	K AA M P AE K T
companies	K AH M P AH N IY Z
companion	K AH M P AE N Y AH N
companions	K AH M P AE N Y AH N Z
company	K AH M P AH N IY
compaq	K AA M P AE K
comparable	K AA M P ER AH B AH L
comparative	K AH M P EH R AH T IH V
compare	K AH M P EH R
compared	K AH M P EH R D
compares	K AH M P EH R Z
comparing	K AH M P EH R IH NG
comparison	K AH M P EH R AH S AH N
comparisons	K AH M P EH R AH S AH N Z
compartment	K AH M P AA R T M AH N T
compass	K AH M P AH S
compassion	K AH M P AE SH AH N
compatible	K AH M P AE T AH B AH L
compelled	K AH M P EH L D
compelling	K AH M P EH L IH NG
compensate	K AA M P AH N S EY T
compensated	K AA M P AH N S EY T AH D
compensation	K AA M P AH N S EY SH AH N
compete	K AH M P IY T
competence	K AA M P AH T IH N S
competencies	K AA M P AH T IH N S IY Z
competency	K AA M P AH T IH N S IY
competent	K AA M P AH T IH N T
competing	K AH M P IY T IH NG
competition	K AA M P AH T IH SH AH N
competitions	K AA M P AH T IH SH AH N Z
competitive	K AH M P EH T AH T IH V
competitor	K AH M P EH T AH T ER
competitors	K AH M P EH T AH T ER Z
compilation	K AA M P AH L EY SH AH N
compilations	K AA M P AH L EY SH AH N Z
compile	K AH M P AY L
compiled	K AH M P AY L D
compiler	K AH M P AY L ER
compilers	K AH M P AY L ER Z
compiling	K AH M P AY L IH NG
complain	K AH M P L EY N
complainant	K AH M P L EY N AH N T
complained	K AH M P L EY N D
complaining	K AH M P L EY N IH NG
complaint	K AH M P L EY N T
complaints	K AH M P L EY N T S
complement	K AA M P L AH M AH N T
complete	K AH M P L IY T
completed	K AH M P L IY T AH D
completely	K AH M P L IY T L IY
completeness	K AH M P L IY T N AH S
completes	K AH M P L IY T S
completing	K AH M P L IY T IH NG
completion	K AH M P L IY SH AH N
complex	K AA M P L EH K S
complexes	K AA M P L EH K S AH Z
complexity	K AH M P L EH K S AH T IY
compliance	K AH M P L AY AH N S
compliant	K AH M P L AY AH N T
complicated	K AA M P L AH K EY T AH D
complied	K AH M P L AY D
complies	K AH M P L AY Z
compliment	K AA M P L AH M EH N T
compliments	K AA M P L AH M EH N T S
comply	K AH M P L AY
complying	K AH M P L AY IH NG
component	K AH M P OW N AH N T
components	K AH M P OW N AH N T S
compose	K AH M P OW Z
composed	K AH M P OW Z D
composer	K AH M P OW Z ER
composers	K AH M P OW Z ER Z
composite	K AH M P AA Z AH T
composites	K AH M P AA Z AH T S
composition	K AA M P AH Z IH SH AH N
compositions	K AA M P AH Z IH SH AH N Z
compost	K AA M P OW S T
compound	K AA M P AW N D
compounds	K AA M P AW N D Z
compress	K AA M P R EH S
compressed	K AH M P R EH S T
compression	K AH M P R EH SH AH N
compressor	K AH M P R EH S ER
comprise	K AH M P R AY Z
comprised	K AH M P R AY Z D
comprises	K AH M P R AY Z AH Z
comprising	K AH M P R AY Z IH NG
compromise	K AA M P R AH M AY Z
compromised	K AA M P R AH M AY Z D
compton	K AA M P T AH N
comptroller	K AH M T R OW L ER
compulsory	K AH M P AH L S ER IY
computation	K AA M P Y AH T EY SH AH N
compute	K AH M P Y UW T
computed	K AH M P Y UW T AH D
computer	K AH M P Y UW T ER
computerized	K AH M P Y UW T ER AY Z D
computers	K AH M P Y UW T ER Z
computing	K AH M P Y UW T IH NG
comstock	K AA M S T AA K
con	K AA N
conan	K OW N AH N
concealed	K AH N S IY L D
conceived	K AH N S IY V D
concentrate	K AA N S AH N T R EY T
concentrated	K AA N S AH N T R EY T IH D
concept	K AA N S EH P T
conception	K AH N S EH P SH AH N
concepts	K AA N S EH P T S
conceptual	K AH N S EH P CH UW AH L
concern	K AH N S ER N
concerned	K AH N S ER N D
concerning	K AH N S ER N IH NG
concerns	K AH N S ER N Z
concert	K AA N S ER T
concerto	K AH N CH EH R T OW
concerts	K AA N S ER T S
concession	K AH N S EH SH AH N
concessions	K AH N S EH SH AH N Z
concierge	K AA N S IY EH R ZH
concise	K AH N S AY S
conclude	K AH N K L UW D
concluded	K AH N K L UW D AH D
concludes	K AH N K L UW D Z
concluding	K AH N K L UW D IH NG
conclusion	K AH N K L UW ZH AH N
conclusions	K AH N K L UW ZH AH N Z
concord	K AA N K AO R D
concrete	K AH N K R IY T
concurrent	K AH N K ER AH N T
condemned	K AH N D EH M D
condensed	K AH N D EH N S T
condition	K AH N D IH SH AH N
conditional	K AH N D IH SH AH N AH L
conditioned	K AH N D IH SH AH N D
conditioner	K AH N D IH SH AH N ER
conditioners	K AH N D IH SH AH N ER Z
conditioning	K AH N D IH SH AH N IH NG
conditions	K AH N D IH SH AH N Z
condo	K AA N D OW
condom	K AA N D AH M
condominium	K AA N D AH M IH N IY AH M
condominiums	K AA N D AH M IH N IY AH M Z
condoms	K AA N D AH M Z
condor	K AA N D ER
condos	K AA N D OW Z
conduct	K AA N D AH K T
conducted	K AH N D AH K T AH D
conducting	K AH N D AH K T IH NG
conductivity	K AA N D AH K T IH V AH T IY
conductor	K AH N D AH K T ER
conducts	K AH N D AH K T S
conduit	K AA N D UW IH T
cone	K OW N
confederate	K AH N F EH D ER AH T
conference	K AA N F ER AH N S
conferences	K AA N F ER AH N S AH Z
conferencing	K AA N F R AH N S IH NG
conferred	K AH N F ER D
confess	K AH N F EH S
confession	K AH N F EH SH AH N
confessions	K AH N F EH SH AH N Z
confidence	K AA N F AH D AH N S
confident	K AA N F AH D AH N T
confidential	K AA N F AH D EH N SH AH L
configure	K AH N F IH G Y ER
configured	K AH N F IH G Y ER D
configuring	K AH N F IH G Y ER IH NG
confined	K AH N F AY N D
confinement	K AH N F AY N M AH N T
confirm	K AH N F ER M
confirmation	K AA N F ER M EY SH AH N
confirmed	K AH N F ER M D
confirming	K AH N F ER M IH NG
confirms	K AH N F ER M Z
conflict	K AA N F L IH K T
conflicting	K AH N F L IH K T IH NG
conflicts	K AH N F L IH K T S
conform	K AH N F AO R M
conformance	K AH N F AO R M AH N S
conforming	K AH N F AO R M IH NG
conformity	K AH N F AO R M AH T IY
confront	K AH N F R AH N T
confronted	K AH N F R AH N T AH D
confused	K AH N F Y UW Z D
confusing	K AH N F Y UW Z IH NG
confusion	K AH N F Y UW ZH AH N
congenital	K AH N JH EH N AH T AH L
congestion	K AH N JH EH S CH AH N
congo	K AA NG G OW
congrats	K AH N G R AE T S
congregation	K AA NG G R AH G EY SH AH N
congress	K AA NG G R AH S
congressman	K AA NG G R AH S M AH N
conjunction	K AH N JH AH NG K SH AH N
conn	K AA N
connect	K AH N EH K T
connected	K AH N EH K T IH D
connecticut	K AH N EH T AH K AH T
connecting	K AH N EH K T IH NG
connection	K AH N EH K SH AH N
connections	K AH N EH K SH AH N Z
connectivity	K AH N EH K T IH V IH T IY
connector	K AH N EH K T ER
connectors	K AH N EH K T ER Z
connects	K AH N EH K T S
connie	K AO N IY
connor	K AA N ER
conquer	K AA NG K ER
conquest	K AA NG K W EH S T
conrad	K AA N R AE D
cons	K AA N Z
conscience	K AA N SH AH N S
conscious	K AA N SH AH S
consecutive	K AH N S EH K Y AH T IH V
consensus	K AH N S EH N S AH S
consent	K AH N S EH N T
consequence	K AA N S AH K W AH N S
consequences	K AA N S AH K W EH N S AH Z
consequently	K AA N S AH K W AH N T L IY
conservation	K AA N S ER V EY SH AH N
conservative	K AH N S ER V AH T IH V
conservatory	K AH N S ER V AH T AO R IY
conserve	K AH N S ER V
conserved	K AH N S ER V D
consider	K AH N S IH D ER
considerable	K AH N S IH D ER AH B AH L
considerably	K AH N S IH D ER AH B L IY
considered	K AH N S IH D ER D
considering	K AH N S IH D ER IH NG
considers	K AH N S IH D ER Z
consist	K AH N S IH S T
consisted	K AH N S IH S T AH D
consistency	K AH N S IH S T AH N S IY
consistent	K AH N S IH S T AH N T
consistently	K AH N S IH S T AH N T L IY
consisting	K AH N S IH S T IH NG
consists	K AH N S IH S T S
console	K AA N S OW L
consoles	K AH N S OW L Z
consolidate	K AH N S AA L IH D EY T
consolidated	K AH N S AA L AH D EY T AH D
consortium	K AH N S AO R SH IY AH M
conspiracy	K AH N S P IH R AH S IY
constant	K AA N S T AH N T
constantly	K AA N S T AH N T L IY
constants	K AA N S T AH N T S
constituency	K AH N S T IH CH UW AH N S IY
constituent	K AH N S T IH CH UW AH N T
constituents	K AH N S T IH CH UW AH N T S
constitute	K AA N S T AH T UW T
constituted	K AA N S T AH T UW T AH D
constitutes	K AA N S T AH T UW T S
constitution	K AA N S T AH T UW SH AH N
constrained	K AH N S T R EY N D
constraint	K AH N S T R EY N T
constraints	K AH N S T R EY N T S
construct	K AH N S T R AH K T
constructed	K AH N S T R AH K T AH D
constructing	K AH N S T R AH K T IH NG
construction	K AH N S T R AH K SH AH N
constructive	K AH N S T R AH K T IH V
constructor	K AH N S T R AH K T ER
constructs	K AH N S T R AH K T S
construed	K AH N S T R UW D
consulate	K AA N S AH L AH T
consult	K AH N S AH L T
consultancy	K AH N S AH L T AH N S IY
consultant	K AH N S AH L T AH N T
consultants	K AH N S AH L T AH N T S
consultation	K AA N S AH L T EY SH AH N
consulted	K AH N S AH L T AH D
consulting	K AH N S AH L T IH NG
consume	K AH N S UW M
consumed	K AH N S UW M D
consumer	K AH N S UW M ER
consumers	K AH N S UW M ER Z
consuming	K AH N S UW M IH NG
consumption	K AH N S AH M P SH AH N
contact	K AA N T AE K T
contacted	K AA N T AE K T IH D
contacting	K AA N T AE K T IH NG
contacts	K AA N T AE K T S
contain	K AH N T EY N
contained	K AH N T EY N D
container	K AH N T EY N ER
containers	K AH N T EY N ER Z
containing	K AH N T EY N IH NG
containment	K AH N T EY N M AH N T
contains	K AH N T EY N Z
contaminants	K AH N T AE M AH N AH N T S
contaminated	K AH N T AE M AH N EY T IH D
contemporary	K AH N T EH M P ER EH R IY
contempt	K AH N T EH M P T
content	K AA N T EH N T
contention	K AH N T EH N SH AH N
contents	K AA N T EH N T S
contest	K AA N T EH S T
contested	K AH N T EH S T AH D
contests	K AA N T EH S T S
context	K AA N T EH K S T
contexts	K AA N T EH K S T S
contextual	K AA N T EH K S CH UW AH L
contiguous	K AH N T IH G Y UW AH S
continent	K AA N T AH N AH N T
continental	K AA N T AH N EH N T AH L
continents	K AA N T AH N AH N T S
contingency	K AH N T IH N JH AH N S IY
contingent	K AH N T IH N JH AH N T
continual	K AH N T IH N Y UW AH L
continually	K AH N T IH N Y UW AH L IY
continuation	K AH N T IH N Y UW EY SH AH N
continue	K AH N T IH N Y UW
continued	K AH N T IH N Y UW D
continues	K AH N T IH N Y UW Z
continuing	K AH N T IH N Y UW IH NG
continuity	K AA N T AH N UW AH T IY
continuous	K AH N T IH N Y UW AH S
continuously	K AH N T IH N Y UW AH S L IY
continuum	K AH N T IH N Y UW AH M
contour	K AA N T UH R
contra	K AA N T R AH
contract	K AA N T R AE K T
contracted	K AA N T R AE K T AH D
contracting	K AA N T R AE K T IH NG
contraction	K AH N T R AE K SH AH N
contractor	K AA N T R AE K T ER
contractors	K AA N T R AE K T ER Z
contracts	K AA N T R AE K T S
contractual	K AH N T R AE K CH UW AH L
contrary	K AA N T R EH R IY
contrast	K AA N T R AE S T
contribute	K AH N T R IH B Y UW T
contributed	K AH N T R IH B Y UW T IH D
contributes	K AH N T R IH B Y UW T S
contributing	K AH N T R IH B Y UW T IH NG
contribution	K AA N T R AH B Y UW SH AH N
contributor	K AH N T R IH B Y AH T ER
contributors	K AH N T R IH B Y AH T ER Z
control	K AH N T R OW L
controlled	K AH N T R OW L D
controller	K AH N T R OW L ER
controllers	K AH N T R OW L ER Z
controlling	K AH N T R OW L IH NG
controls	K AH N T R OW L Z
controversy	K AA N T R AH V ER S IY
convection	K AH N V EH K SH AH N
convenience	K AH N V IY N Y AH N S
convenient	K AH N V IY N Y AH N T
conveniently	K AH N V IY N Y AH N T L IY
convention	K AH N V EH N SH AH N
conventional	K AH N V EH N SH AH N AH L
conventions	K AH N V EH N SH AH N Z
convergence	K AH N V ER JH AH N S
conversation	K AA N V ER S EY SH AH N
converse	K AA N V ER S
conversely	K AA N V ER S L IY
conversion	K AH N V ER ZH AH N
conversions	K AH N V ER ZH AH N Z
convert	K AA N V ER T
converted	K AH N V ER T IH D
converter	K AH N V ER T ER
converters	K AH N V ER T ER Z
convertible	K AH N V ER T AH B AH L
converting	K AH N V ER T IH NG
converts	K AA N V ER T S
convex	K AH N V EH K S
convey	K AH N V EY
convicted	K AH N V IH K T AH D
conviction	K AH N V IH K SH AH N
convictions	K AH N V IH K SH AH N Z
convince	K AH N V IH N S
convinced	K AH N V IH N S T
convincing	K AH N V IH N S IH NG
conway	K AA N W EY
cook	K UH K
cookbook	K UH K B UH K
cookbooks	K UH K B UH K S
cooke	K UH K
cooked	K UH K T
cooker	K UH K ER
cookers	K UH K ER Z
cookie	K UH K IY
cookies	K UH K IY Z
cooking	K UH K IH NG
cooks	K UH K S
cookware	K UH K W EH R
cool	K UW L
cooled	K UW L D
cooler	K UW L ER
coolers	K UW L ER Z
coolest	K UW L AH S T
cooling	K UW L IH NG
coop	K UW P
cooper	K UW P ER
cooperate	K OW AA P ER EY T
cooperation	K OW AA P ER EY SH AH N
cooperative	K OW AA P ER EY T IH V
coordinate	K OW AO R D AH N AH T
coordinated	K OW AO R D AH N EY T IH D
coordinates	K OW AO R D AH N AH T S
coordinating	K OW AO R D AH N EY T IH NG
coordination	K OW AO R D AH N EY SH AH N
coordinator	K OW AO R D AH N EY T ER
coordinators	K OW AO R D AH N EY T ER Z
cop	K AA P
cope	K OW P
copenhagen	K OW P AH N HH EY G AH N
copied	K AA P IY D
copier	K AA P IY ER
copiers	K AA P IY ER Z
copies	K AA P IY Z
coping	K OW P IH NG
copper	K AA P ER
cops	K AA P S
copy	K AA P IY
copying	K AA P IY IH NG
copyright	K AA P IY R AY T
copyrighted	K AA P IY R AY T IH D
copyrights	K AA P IY R AY T S
cor	K AO R
coral	K AO R AH L
cord	K AO R D
cordial	K AO R JH AH L
cordless	K AO R D L AH S
cords	K AO R D Z
core	K AO R
corel	K AO R EH L
cores	K AO R Z
corey	K AO R IY
corinthians	K ER IH N TH IY AH N Z
cork	K AO R K
corn	K AO R N
cornell	K AO R N EH L
corner	K AO R N ER
corners	K AO R N ER Z
cornerstone	K AO R N ER S T OW N
corning	K AO R N IH NG
cornwall	K AO R N W AO L
corona	K ER OW N AH
coronary	K AO R AH N EH R IY
corp	K AO R P
corporate	K AO R P ER AH T
corporation	K AO R P ER EY SH AH N
corporations	K AO R P ER EY SH AH N Z
corps	K AO R
corpse	K AO R P S
corpus	K AO R P AH S
corr	K AO R
correct	K ER EH K T
corrected	K ER EH K T AH D
correcting	K ER EH K T IH NG
correction	K ER EH K SH AH N
correctional	K ER EH K SH AH N AH L
corrections	K ER EH K SH AH N Z
corrective	K ER EH K T IH V
correctly	K ER EH K T L IY
correctness	K ER EH K T N AH S
correlated	K AO R AH L EY T AH D
correlation	K AO R AH L EY SH AH N
correlations	K AO R AH L EY SH AH N Z
correspond	K AO R AH S P AA N D
corresponds	K AO R AH S P AA N D Z
corridor	K AO R AH D ER
corridors	K AO R IH D ER Z
corrosion	K ER OW ZH AH N
corrupt	K ER AH P T
corrupted	K ER AH P T IH D
corruption	K ER AH P SH AH N
corsair	K AO R S EH R
cortex	K AO R T EH K S
corvette	K AO R V EH T
cory	K AO R IY
cos	K AO S
cosmetic	K AA Z M EH T IH K
cosmetics	K AA Z M EH T IH K S
cosmic	K AA Z M IH K
cosmo	K AO Z M OW
cosmopolitan	K AA Z M AH P AA L AH T AH N
cosmos	K AA Z M OW S
cosponsors	K OW S P AO N S ER Z
cost	K AA S T
costa	K AO S T AA
costello	K AO S T EH L OW
costing	K AO S T IH NG
costly	K AA S T L IY
costs	K AA S T S
costume	K AA S T UW M
costumes	K AA S T UW M Z
cot	K AA T
cote	K OW T
cottage	K AA T AH JH
cottages	K AA T IH JH IH Z
cotton	K AA T AH N
couch	K AW CH
cougar	K UW G ER
cough	K AA F
could	K UH D
council	K AW N S AH L
councils	K AW N S AH L Z
counsel	K AW N S AH L
counseling	K AW N S AH L IH NG
counselor	K AW N S AH L ER
counselors	K AW N S AH L ER Z
count	K AW N T
countdown	K AW N T D AW N
counted	K AW N T IH D
counter	K AW N T ER
counterpart	K AW N T ER P AA R T
counterparts	K AW N T ER P AA R T S
counters	K AW N T ER Z
counties	K AW N T IY Z
counting	K AW N T IH NG
countless	K AW N T L AH S
countries	K AH N T R IY Z
country	K AH N T R IY
countryside	K AH N T R IY S AY D
countrywide	K AH N T R IY W AY D
counts	K AW N T S
county	K AW N T IY
coup	K UW
coupe	K UW P
couple	K AH P AH L
coupled	K AH P AH L D
couples	K AH P AH L Z
coupling	K AH P L IH NG
coupon	K UW P AO N
coupons	K UW P AO N Z
courage	K ER AH JH
courier	K ER IY ER
course	K AO R S
courses	K AO R S AH Z
court	K AO R T
courtesy	K ER T AH S IY
courthouse	K AO R T HH AW S
courtney	K AO R T N IY
courtroom	K AO R T R UW M
courts	K AO R T S
courtyard	K AO R T Y AA R D
cousin	K AH Z AH N
cousins	K AH Z AH N Z
couture	K UW T UH R
cove	K OW V
covenant	K AH V AH N AH N T
coventry	K AH V AH N T R IY
cover	K AH V ER
coverage	K AH V ER AH JH
covered	K AH V ER D
covering	K AH V ER IH NG
covers	K AH V ER Z
covert	K OW V ER T
covington	K AH V IH NG T AH N
cow	K AW
coward	K AW ER D
cowboy	K AW B OY
cowboys	K AW B OY Z
cows	K AW Z
cox	K AA K S
coyote	K AY OW T IY
cozy	K OW Z IY
cps	S IY P IY EH S
cpu	S IY P IY Y UW
crab	K R AE B
crack	K R AE K
cracked	K R AE K T
cracker	K R AE K ER
crackers	K R AE K ER Z
cracking	K R AE K IH NG
cracks	K R AE K S
cradle	K R EY D AH L
craft	K R AE F T
crafted	K R AE F T IH D
crafts	K R AE F T S
craftsman	K R AE F T S M AH N
crafty	K R AE F T IY
crag	K R AE G
craig	K R EY G
craigslist	K R EY G Z L IH S T
cramer	K R EY M ER
cranberry	K R AE N B EH R IY
crane	K R EY N
crank	K R AE NG K
crap	K R AE P
craps	K R AE P S
crash	K R AE SH
crashed	K R AE SH T
crashes	K R AE SH IH Z
crashing	K R AE SH IH NG
crate	K R EY T
crater	K R EY T ER
crawford	K R AO F ER D
crawl	K R AO L
crazy	K R EY Z IY
cream	K R IY M
creamy	K R IY M IY
create	K R IY EY T
created	K R IY EY T AH D
creates	K R IY EY T S
creating	K R IY EY T IH NG
creation	K R IY EY SH AH N
creations	K R IY EY SH AH N Z
creative	K R IY EY T IH V
creativity	K R IY EY T IH V AH T IY
creator	K R IY EY T ER
creators	K R IY EY T ER Z
creature	K R IY CH ER
creatures	K R IY CH ER Z
credentials	K R AH D EH N SH AH L Z
credibility	K R EH D AH B IH L IH T IY
credible	K R EH D AH B AH L
credit	K R EH D AH T
credited	K R EH D AH T AH D
creditor	K R EH D AH T ER
creditors	K R EH D IH T ER Z
credits	K R EH D IH T S
creed	K R IY D
creek	K R IY K
creep	K R IY P
creepy	K R IY P IY
creme	K R IY M
creole	K R IY OW L
crescent	K R EH S AH N T
crest	K R EH S T
crete	K R IY T
crew	K R UW
crews	K R UW Z
crib	K R IH B
cricket	K R IH K AH T
cried	K R AY D
cries	K R AY Z
crime	K R AY M
crimes	K R AY M Z
criminal	K R IH M AH N AH L
criminals	K R IH M AH N AH L Z
crimson	K R IH M Z AH N
crises	K R AY S IY Z
crisis	K R AY S AH S
crisp	K R IH S P
criteria	K R AY T IH R IY AH
criterion	K R AY T IH R IY AH N
critic	K R IH T IH K
critical	K R IH T IH K AH L
critically	K R IH T IH K AH L IY
criticism	K R IH T IH S IH Z AH M
criticized	K R IH T AH S AY Z D
critics	K R IH T IH K S
critique	K R AH T IY K
critiques	K R IH T IY K S
crm	S IY AA R EH M
croatia	K R OW EY SH AH
croatian	K R OW EY SH AH N
crochet	K R OW SH EY
crocodile	K R AA K AH D AY L
croix	K R OY
cron	K R AA N
crooked	K R UH K AH D
crop	K R AA P
crops	K R AA P S
crosby	K R AO Z B IY
cross	K R AO S
crosse	K R AA S
crossed	K R AO S T
crosses	K R AO S IH Z
crossing	K R AO S IH NG
crossover	K R AO S OW V ER
crossroads	K R AO S R OW D Z
crossword	K R AO S W ER D
crow	K R OW
crowd	K R AW D
crowded	K R AW D AH D
crowds	K R AW D Z
crown	K R AW N
crowne	K R AW N
crucial	K R UW SH AH L
crude	K R UW D
cruel	K R UW AH L
cruelty	K R UW L T IY
cruise	K R UW Z
cruiser	K R UW Z ER
cruises	K R UW Z IH Z
cruising	K R UW Z IH NG
crunch	K R AH N CH
crusade	K R UW S EY D
crush	K R AH SH
crushed	K R AH SH T
crust	K R AH S T
crux	K R AH K S
cruz	K R UW Z
cry	K R AY
crying	K R AY IH NG
crypt	K R IH P T
crypto	K R IH P T OW
crystal	K R IH S T AH L
crystals	K R IH S T AH L Z
csi	S IY EH S AY
csv	S IY EH S V IY
cub	K AH B
cuba	K Y UW B AH
cuban	K Y UW B AH N
cube	K Y UW B
cubes	K Y UW B Z
cubic	K Y UW B IH K
cubs	K AH B Z
cucumber	K Y UW K AH M B ER
cue	K Y UW
cues	K Y UW Z
cuff	K AH F
cuisine	K W IH Z IY N
culinary	K Y UW L IH N EH R IY
cult	K AH L T
cultivated	K AH L T AH V EY T IH D
cultivation	K AH L T IH V EY SH AH N
cultural	K AH L CH ER AH L
culturally	K AH L CH ER AH L IY
culture	K AH L CH ER
cultured	K AH L CH ER D
cultures	K AH L CH ER Z
cum	K AH M
cumberland	K AH M B ER L AH N D
cumin	K Y UW M AH N
cumming	K AH M IH NG
cummings	K AH M IH NG Z
cumulative	K Y UW M Y AH L AH T IH V
cunningham	K AH N IH NG HH AE M
cunt	K AH N T
cup	K AH P
cups	K AH P S
cur	K ER
curb	K ER B
cure	K Y UH R
cured	K Y UH R D
curiosity	K Y UH R IY AA S AH T IY
curious	K Y UH R IY AH S
curl	K ER L
curling	K ER L IH NG
curly	K ER L IY
currencies	K ER AH N S IY Z
currency	K ER AH N S IY
current	K ER AH N T
currently	K ER AH N T L IY
currents	K ER AH N T S
curricula	K ER IH K Y AH L AA
curricular	K ER IH K Y AH L ER
curriculum	K ER IH K Y AH L AH M
curry	K AH R IY
curse	K ER S
cursed	K ER S T
cursor	K ER S ER
curtain	K ER T AH N
curtains	K ER T AH N Z
curtis	K ER T AH S
curve	K ER V
curved	K ER V D
curves	K ER V Z
cushion	K UH SH AH N
cushions	K UH SH AH N Z
cusp	K AH S P
custodian	K AH S T OW D IY AH N
custody	K AH S T AH D IY
custom	K AH S T AH M
customary	K AH S T AH M EH R IY
customer	K AH S T AH M ER
customers	K AH S T AH M ER Z
customizable	K AH S T AH M AY Z AH B AH L
customize	K AH S T AH M AY Z
customized	K AH S T AH M AY Z D
customizing	K AH S T AH M AY Z IH NG
customs	K AH S T AH M Z
cut	K AH T
cute	K Y UW T
cutie	K Y UW T IY
cutlery	K AH T L ER IY
cuts	K AH T S
cutter	K AH T ER
cutters	K AH T ER Z
cutting	K AH T IH NG
cyan	S AY AE N
cyber	S AY B ER
cyberspace	S AY B ER S P EY S
cycle	S AY K AH L
cycles	S AY K AH L Z
cyclic	S AY K L IH K
cycling	S AY K AH L IH NG
cyclone	S IH K L OW N
cylinder	S IH L AH N D ER
cylinders	S IH L AH N D ER Z
cynthia	S IH N TH IY AH
cypress	S AY P R AH S
cyprus	S AY P R AH S
cyrus	S AY R AH S
czech	CH EH K
dab	D AE B
dac	D AE K
dad	D AE D
daddy	D AE D IY
dade	D EY D
dads	D AE D Z
daemon	D IY M AH N
daewoo	D EY W UW
dag	D AE G
daily	D EY L IY
dairy	D EH R IY
dais	D EY Z
daisy	D EY Z IY
dakota	D AH K OW T AH
dal	D AE L
dale	D EY L
dallas	D AE L AH S
dalton	D AO L T AH N
daly	D EY L IY
dam	D AE M
damage	D AE M AH JH
damaged	D AE M AH JH D
damages	D AE M AH JH AH Z
damaging	D AE M IH JH IH NG
dame	D EY M
damien	D EY M IY AH N
damn	D AE M
damned	D AE M D
damon	D EY M AH N
damp	D AE M P
dams	D AE M Z
dan	D AE N
dana	D EY N AH
dance	D AE N S
dancer	D AE N S ER
dancers	D AE N S ER Z
dances	D AE N S AH Z
dancing	D AE N S IH NG
dane	D EY N
danger	D EY N JH ER
dangerous	D EY N JH ER AH S
dangers	D EY N JH ER Z
daniel	D AE N Y AH L
danielle	D AE N IY EH L
daniels	D AE N Y AH L Z
danish	D EY N IH SH
danny	D AE N IY
dante	D AA N T EY
danville	D AE N V IH L
dapper	D AE P ER
dar	D AA R
darby	D AA R B IY
dare	D EH R
darfur	D AA F UW R
daring	D EH R IH NG
dark	D AA R K
darker	D AA R K ER
darkness	D AA R K N AH S
darling	D AA R L IH NG
darlington	D AA R L IH NG T AH N
darn	D AA R N
darren	D AA R AH N
dart	D AA R T
darth	D AA R TH
dartmouth	D AA R T M AH TH
darts	D AA R T S
darwin	D AA R W IH N
das	D AE S
dash	D AE SH
dashboard	D AE SH B AO R D
dashed	D AE SH T
dashing	D AE SH IH NG
dat	D AE T
data	D EY T AH
database	D EY T AH B EY S
databases	D EY T AH B EY S IH Z
dataset	D EY T AH S EH T
datasets	D EY T AH S EH T S
date	D EY T
dated	D EY T IH D
dates	D EY T S
dating	D EY T IH NG
datum	D AE T AH M
dau	D OW
daughter	D AO T ER
daughters	D AO T ER Z
dave	D EY V
davenport	D AE V AH N P AO R T
david	D EY V IH D
davidson	D EY V IH D S AH N
davies	D EY V IY Z
davis	D EY V AH S
dawn	D AO N
dawson	D AO S AH N
day	D EY
daybreak	D EY B R EY K
daycare	D EY K EH R
daylight	D EY L AY T
days	D EY Z
daytime	D EY T AY M
dayton	D EY T AH N
daytona	D EY T OW N AH
dazzle	D AE Z AH L
dea	D IY
dead	D EH D
deadline	D EH D L AY N
deadlines	D EH D L AY N Z
deadly	D EH D L IY
deaf	D EH F
deal	D IY L
dealer	D IY L ER
dealers	D IY L ER Z
dealership	D IY L ER SH IH P
dealing	D IY L IH NG
dealings	D IY L IH NG Z
deals	D IY L Z
dealt	D EH L T
dean	D IY N
dear	D IH R
death	D EH TH
deaths	D EH TH S
deb	D EH B
debate	D AH B EY T
debates	D AH B EY T S
debbie	D EH B IY
debian	D EH B IY AH N
debit	D EH B IH T
deborah	D EH B ER AH
debra	D EH B R AH
debris	D AH B R IY
debt	D EH T
debtor	D EH T ER
debts	D EH T S
debug	D IY B AH G
debugging	D IY B AH G IH NG
debut	D EY B Y UW
dec	D EH K
decade	D EH K EY D
decades	D EH K EY D Z
decals	D IY K AE L Z
decatur	D IH K EY T ER
decay	D IH K EY
deceased	D IH S IY S T
december	D IH S EH M B ER
decent	D IY S AH N T
deception	D IH S EH P SH AH N
decide	D IH S AY D
decided	D IH S AY D IH D
decides	D IH S AY D Z
deciding	D IH S AY D IH NG
decimal	D EH S AH M AH L
decision	D IH S IH ZH AH N
decisions	D IH S IH ZH AH N Z
decisive	D IH S AY S IH V
deck	D EH K
decker	D EH K ER
decks	D EH K S
declaration	D EH K L ER EY SH AH N
declarations	D EH K L ER EY SH AH N Z
declare	D IH K L EH R
declared	D IH K L EH R D
declares	D IH K L EH R Z
declaring	D IH K L EH R IH NG
decline	D IH K L AY N
declined	D IH K L AY N D
declines	D IH K L AY N Z
declining	D IH K L AY N IH NG
deco	D EH K OW
decoder	D IH K OW D ER
decoding	D IH K OW D IH NG
decor	D IH K AO R
decorate	D EH K ER EY T
decorated	D EH K ER EY T IH D
decorating	D EH K ER EY T IH NG
decoration	D EH K ER EY SH AH N
decorations	D EH K ER EY SH AH N Z
decorative	D EH K R AH T IH V
decrease	D IH K R IY S
decreased	D IH K R IY S T
decreases	D IH K R IY S AH Z
decreasing	D IH K R IY S IH NG
decree	D IH K R IY
dedicated	D EH D AH K EY T AH D
dedication	D EH D AH K EY SH AH N
deducted	D IH D AH K T IH D
deductible	D IH D AH K T AH B AH L
deduction	D IH D AH K SH AH N
deductions	D IH D AH K SH AH N Z
dee	D IY
deed	D IY D
deeds	D IY D Z
deemed	D IY M D
deep	D IY P
deeper	D IY P ER
deepest	D IY P AH S T
deeply	D IY P L IY
deer	D IH R
deere	D IH R
default	D IH F AO L T
defaults	D IH F AO L T S
defeat	D IH F IY T
defeated	D IH F IY T AH D
defect	D IY F EH K T
defective	D IH F EH K T IH V
defects	D IY F EH K T S
defence	D IH F EH N S
defend	D IH F EH N D
defendant	D IH F EH N D AH N T
defendants	D IH F EH N D AH N T S
defended	D IH F EH N D AH D
defender	D IH F EH N D ER
defenders	D IH F EH N D ER Z
defending	D IH F EH N D IH NG
defense	D IH F EH N S
defenses	D IH F EH N S AH Z
defensive	D IH F EH N S IH V
deferred	D IH F ER D
deficiencies	D IH F IH SH AH N S IY Z
deficiency	D IH F IH SH AH N S IY
deficient	D IH F IH SH AH N T
deficit	D EH F AH S AH T
deficits	D EH F IH S IH T S
define	D IH F AY N
defined	D IH F AY N D
defines	D IH F AY N Z
defining	D IH F AY N IH NG
definite	D EH F AH N AH T
definitely	D EH F AH N AH T L IY
definition	D EH F AH N IH SH AH N
definitions	D EH F AH N IH SH AH N Z
definitive	D IH F IH N IH T IH V
deformation	D IY F AO R M EY SH AH N
deft	D EH F T
degradation	D EH G R AH D EY SH AH N
degree	D IH G R IY
degrees	D IH G R IY Z
del	D EH L
delaware	D EH L AH W EH R
delay	D IH L EY
delayed	D IH L EY D
delays	D IH L EY Z
delegate	D EH L AH G EY T
delegated	D EH L AH G EY T AH D
delegates	D EH L AH G EY T S
delegation	D EH L AH G EY SH AH N
delete	D IH L IY T
deleted	D IH L IY T AH D
deleting	D IH L IY T IH NG
deletion	D IH L IY SH AH N
delhi	D EH L IY
deli	D EH L IY
deliberate	D IH L IH B ER AH T
deliberately	D IH L IH B ER AH T L IY
delicate	D EH L AH K AH T
delicious	D IH L IH SH AH S
delight	D IH L AY T
delighted	D IH L AY T AH D
delightful	D IH L AY T F AH L
delights	D IH L AY T S
deliver	D IH L IH V ER
delivered	D IH L IH V ER D
deliveries	D IH L IH V ER IY Z
delivering	D IH L IH V ER IH NG
delivers	D IH L IH V ER Z
delivery	D IH L IH V ER IY
dell	D EH L
della	D EH L AH
delle	D EH L
delphi	D EH L F AY
delta	D EH L T AH
deluxe	D AH L AH K S
demand	D IH M AE N D
demanded	D IH M AE N D AH D
demanding	D IH M AE N D IH NG
demands	D IH M AE N D Z
dementia	D IH M EH N SH IY AH
demi	D EH M IY
demo	D EH M OW
democracy	D IH M AA K R AH S IY
democrat	D EH M AH K R AE T
democratic	D EH M AH K R AE T IH K
democrats	D EH M AH K R AE T S
demographic	D EH M AH G R AE F IH K
demographics	D EH M AH G R AE F IH K S
demolition	D EH M AH L IH SH AH N
demon	D IY M AH N
demons	D IY M AH N Z
demonstrate	D EH M AH N S T R EY T
demonstrated	D EH M AH N S T R EY T IH D
demonstrates	D EH M AH N S T R EY T S
demos	D EH M OW Z
den	D EH N
denial	D IH N AY AH L
denied	D IH N AY D
denies	D IH N AY Z
denim	D EH N AH M
denis	D EH N IH S
denise	D IH N IY S
denmark	D EH N M AA R K
dennis	D EH N IH S
denny	D EH N IY
denote	D IH N OW T
denoted	D IH N OW T AH D
denotes	D IH N OW T S
dense	D EH N S
densities	D EH N S AH T IY Z
density	D EH N S AH T IY
dent	D EH N T
dental	D EH N T AH L
dentist	D EH N T AH S T
dentistry	D EH N T IH S T R IY
dentists	D EH N T AH S T S
denton	D EH N T AH N
denver	D EH N V ER
deny	D IH N AY
denying	D IH N AY IH NG
dep	D EH P
depart	D IH P AA R T
departed	D IH P AA R T IH D
departing	D IH P AA R T IH NG
department	D IH P AA R T M AH N T
departmental	D IH P AA R T M EH N AH L
departments	D IH P AA R T M AH N T S
departure	D IH P AA R CH ER
departures	D IH P AA R CH ER Z
depeche	D EH P EH SH
depend	D IH P EH N D
dependable	D IH P EH N D AH B AH L
dependence	D IH P EH N D AH N S
dependencies	D IH P EH N D AH N S IY Z
dependency	D IH P EH N D AH N S IY
dependent	D IH P EH N D AH N T
depending	D IH P EH N D IH NG
depends	D IH P EH N D Z
depicted	D IH P IH K T AH D
depletion	D IH P L IY SH AH N
deploy	D IH P L OY
deployed	D IH P L OY D
deploying	D IH P L OY IH NG
deployment	D IH P L OY M AH N T
deposit	D AH P AA Z IH T
deposited	D AH P AA Z IH T IH D
deposition	D EH P AH Z IH SH AH N
deposits	D AH P AA Z IH T S
depot	D IY P OW
deprecated	D EH P R AH K EY T AH D
depreciation	D IH P R IY SH IY EY SH AH N
depressed	D IH P R EH S T
depression	D IH P R EH SH AH N
deprivation	D EH P R AH V EY SH AH N
deprived	D IH P R AY V D
depth	D EH P TH
depths	D EH P TH S
deputy	D EH P Y AH T IY
der	D ER
derby	D ER B IY
derbyshire	D ER B IY SH ER
derek	D EH R IH K
derivative	D ER IH V AH T IH V
derivatives	D ER IH V AH T IH V Z
derive	D ER AY V
derived	D ER AY V D
dermatology	D ER M AH T AA L AH JH IY
des	D EH S
descendants	D IH S EH N D AH N T S
descending	D IH S EH N D IH NG
descent	D IH S EH N T
describe	D IH S K R AY B
described	D IH S K R AY B D
describes	D IH S K R AY B Z
describing	D IH S K R AY B IH NG
description	D IH S K R IH P SH AH N
descriptions	D IH S K R IH P SH AH N Z
descriptive	D IH S K R IH P T IH V
descriptor	D IH S K R IH P T ER
desert	D EH Z ER T
deserve	D IH Z ER V
deserved	D IH Z ER V D
deserves	D IH Z ER V Z
design	D IH Z AY N
designate	D EH Z AH G N EY T
designated	D EH Z IH G N EY T IH D
designation	D EH Z AH G N EY SH AH N
designed	D IH Z AY N D
designer	D IH Z AY N ER
designers	D IH Z AY N ER Z
designing	D IH Z AY N IH NG
designs	D IH Z AY N Z
desirable	D IH Z AY R AH B AH L
desire	D IH Z AY ER
desired	D IH Z AY ER D
desires	D IH Z AY ER Z
desk	D EH S K
deskjet	D EH S K JH EH T
desks	D EH S K S
desktop	D EH S K T AA P
desktops	D EH S K T AA P S
despair	D IH S P EH R
desperate	D EH S P R IH T
desperately	D EH S P ER AH T L IY
despite	D IH S P AY T
dessert	D IH Z ER T
desserts	D IH Z ER T S
destination	D EH S T AH N EY SH AH N
destinations	D EH S T AH N EY SH AH N Z
destined	D EH S T IH N D
destiny	D EH S T AH N IY
destroy	D IH S T R OY
destroyed	D IH S T R OY D
destroying	D IH S T R OY IH NG
destruction	D IH S T R AH K SH AH N
destructive	D IH S T R AH K T IH V
detached	D IH T AE CH T
detail	D IH T EY L
detailed	D IH T EY L D
detailing	D IH T EY L IH NG
details	D IH T EY L Z
detained	D IH T EY N D
detainees	D IH T EY N IY Z
detect	D IH T EH K T
detected	D IH T EH K T AH D
detecting	D IH T EH K T IH NG
detection	D IH T EH K SH AH N
detective	D IH T EH K T IH V
detector	D IH T EH K T ER
detectors	D IH T EH K T ER Z
detects	D IH T EH K T S
detention	D IH T EH N SH AH N
deter	D IH T ER
determinants	D IH T ER M AH N AH N T S
determine	D AH T ER M AH N
determined	D IH T ER M AH N D
determines	D AH T ER M AH N Z
determining	D IH T ER M AH N IH NG
detox	D IY T AA K S
detroit	D IH T R OY T
deutsch	D OY CH
deutsche	D OY CH
deutschland	D OY CH L AE N D
dev	D EH V
devastating	D EH V AH S T EY T IH NG
develop	D IH V EH L AH P
developed	D IH V EH L AH P T
developer	D IH V EH L AH P ER
developers	D IH V EH L AH P ER Z
developing	D IH V EH L AH P IH NG
development	D IH V EH L AH P M AH N T
developments	D IH V EH L AH P M AH N T S
develops	D IH V EH L AH P S
deviant	D IY V IY AH N T
deviation	D IY V IY EY SH AH N
deviations	D IY V IY EY SH AH N Z
device	D IH V AY S
devices	D IH V AY S AH Z
devil	D EH V AH L
devils	D EH V AH L Z
devised	D IH V AY Z D
devon	D EH V AH N
devoted	D IH V OW T IH D
devotion	D IH V OW SH AH N
dew	D UW
dewalt	D UW AH L T
dewey	D UW IY
dex	D EH K S
dexter	D EH K S T ER
dia	D IY AH
diabetes	D AY AH B IY T IY Z
diabetic	D AY AH B EH T IH K
diablo	D AY AE B L OW
diagnose	D AY AH G N OW S
diagnosed	D AY AH G N OW S T
diagnosis	D AY AH G N OW S AH S
diagnostic	D AY AH G N AA S T IH K
diagnostics	D AY AH G N AA S T IH K S
diagonal	D AY AE G AH N AH L
diagram	D AY AH G R AE M
diagrams	D AY AH G R AE M Z
dial	D AY AH L
dialing	D AY AH L IH NG
dialog	D AY AH L AO G
dialogue	D AY AH L AO G
dialysis	D AY AE L AH S AH S
diameter	D AY AE M AH T ER
diamond	D AY M AH N D
diamonds	D AY M AH N D Z
diana	D AY AE N AH
diane	D AY AE N
diaper	D AY P ER
diapers	D AY AH P ER Z
diaries	D AY ER IY Z
diarrhea	D AY ER IY AH
diary	D AY ER IY
diaz	D IY AE Z
dice	D AY S
dick	D IH K
dicke	D IH K
dickens	D IH K AH N Z
dickinson	D IH K IH N S AH N
dicks	D IH K S
dickson	D IH K S AH N
dictionaries	D IH K SH AH N EH R IY Z
dictionary	D IH K SH AH N EH R IY
did	D IH D
die	D AY
died	D AY D
diego	D IY EY G OW
dies	D AY Z
diesel	D IY S AH L
diet	D AY AH T
dietary	D AY AH T EH R IY
diets	D AY IH T S
diff	D IH F
differ	D IH F ER
difference	D IH F ER AH N S
differences	D IH F ER AH N S IH Z
different	D IH F ER AH N T
differential	D IH F ER EH N SH AH L
differently	D IH F R AH N T L IY
differing	D IH F ER IH NG
differs	D IH F ER Z
difficult	D IH F AH K AH L T
difficulties	D IH F AH K AH L T IY Z
difficulty	D IH F AH K AH L T IY
diffuse	D IH F Y UW S
diffusion	D IH F Y UW ZH AH N
dig	D IH G
digest	D AY JH EH S T
digestion	D AY JH EH S CH AH N
digestive	D AY JH EH S T IH V
digging	D IH G IH NG
diggs	D IH G Z
digit	D IH JH AH T
digital	D IH JH AH T AH L
digitally	D IH JH AH T AH L IY
digits	D IH JH AH T S
dignity	D IH G N AH T IY
dildo	D IH L D OW
dildos	D IH L D OW Z
dilemma	D IH L EH M AH
diligence	D IH L AH JH AH N S
dillon	D IH L AH N
diluted	D AY L UW T AH D
dim	D IH M
dime	D AY M
dimension	D IH M EH N SH AH N
dimensional	D IH M EH N SH AH N AH L
dimensions	D IH M EH N SH AH N Z
diminished	D IH M IH N IH SH T
din	D IH N
dinar	D IH N AA R
dine	D AY N
diner	D AY N ER
diners	D AY N ER Z
ding	D IH NG
dining	D AY N IH NG
dinner	D IH N ER
dinners	D IH N ER Z
dinnerware	D IH N ER W EH R
dino	D IY N OW
dinosaur	D AY N AH S AO R
dinosaurs	D AY N AH S AO R Z
diocese	D AY AH S IY Z
diode	D AY OW D
dion	D AY AH N
dior	D IY AO R
dioxide	D AY AA K S AY D
dip	D IH P
diploma	D IH P L OW M AA
diplomacy	D IH P L OW M AH S IY
diplomatic	D IH P L AH M AE T IH K
dire	D AY R
direct	D ER EH K T
directed	D ER EH K T AH D
directing	D ER EH K T IH NG
direction	D ER EH K SH AH N
directional	D ER EH K SH AH N AH L
directions	D ER EH K SH AH N Z
directive	D ER EH K T IH V
directives	D AY R EH K T IH V Z
directly	D ER EH K T L IY
director	D ER EH K T ER
directorate	D ER EH K T ER AH T
directories	D AY R EH K T ER IY Z
directors	D ER EH K T ER Z
directory	D ER EH K T ER IY
directs	D ER EH K T S
directv	D ER EH K T IY V IY
dirk	D ER K
dirt	D ER T
dirty	D ER T IY
dis	D IH S
disabilities	D IH S AH B IH L AH T IY Z
disability	D IH S AH B IH L IH T IY
disable	D IH S EY B AH L
disabled	D IH S EY B AH L D
disadvantage	D IH S AH D V AE N T IH JH
disagree	D IH S AH G R IY
disagreement	D IH S AH G R IY M AH N T
disappear	D IH S AH P IH R
disappeared	D IH S AH P IH R D
disappointed	D IH S AH P OY N T IH D
disaster	D IH Z AE S T ER
disasters	D IH Z AE S T ER Z
disc	D IH S K
discard	D IH S K AA R D
discarded	D IH S K AA R D IH D
discharge	D IH S CH AA R JH
discharged	D IH S CH AA R JH D
discharges	D IH S CH AA R JH AH Z
disciples	D IH S AY P AH L Z
disciplinary	D IH S AH P L AH N EH R IY
discipline	D IH S AH P L AH N
disciplines	D IH S AH P L AH N Z
disclaimer	D IH S K L EY M ER
disclaimers	D IH S K L EY M ER Z
disclaims	D IH S K L EY M Z
disclose	D IH S K L OW Z
disclosed	D IH S K L OW Z D
disclosure	D IH S K L OW ZH ER
disclosures	D IH S K L OW ZH ER Z
disco	D IH S K OW
discography	D IH S K AO G R AH F IY
discomfort	D IH S K AH M F ER T
disconnect	D IH S K AH N EH K T
disconnected	D IH S K AH N EH K T IH D
discontinued	D IH S K AH N T IH N Y UW D
discount	D IH S K AW N T
discounted	D IH S K AW N T IH D
discounts	D IH S K AW N T S
discourse	D IH S K AO R S
discover	D IH S K AH V ER
discovered	D IH S K AH V ER D
discoveries	D IH S K AH V ER IY Z
discovering	D IH S K AH V ER IH NG
discovers	D IH S K AH V ER Z
discovery	D IH S K AH V ER IY
discreet	D IH S K R IY T
discrete	D IH S K R IY T
discretion	D IH S K R EH SH AH N
discriminate	D IH S K R IH M AH N EY T
discs	D IH S K S
discuss	D IH S K AH S
discussed	D IH S K AH S T
discusses	D IH S K AH S AH Z
discussing	D IH S K AH S IH NG
discussion	D IH S K AH SH AH N
discussions	D IH S K AH SH AH N Z
disease	D IH Z IY Z
diseases	D IH Z IY Z AH Z
dish	D IH SH
dishes	D IH SH AH Z
dishwasher	D IH SH W AA SH ER
disk	D IH S K
disks	D IH S K S
dislike	D IH S L AY K
dismiss	D IH S M IH S
dismissal	D IH S M IH S AH L
dismissed	D IH S M IH S T
disney	D IH Z N IY
disneyland	D IH Z N IY L AE N D
disorder	D IH S AO R D ER
disorders	D IH S AO R D ER Z
dispatch	D IH S P AE CH
dispatched	D IH S P AE CH T
dispenser	D IH S P EH N S ER
dispensing	D IH S P EH N S IH NG
dispersed	D IH S P ER S T
dispersion	D IH S P ER ZH AH N
displaced	D IH S P L EY S T
displacement	D IH S P L EY S M AH N T
display	D IH S P L EY
displayed	D IH S P L EY D
displaying	D IH S P L EY IH NG
displays	D IH S P L EY Z
disposable	D IH S P OW Z AH B AH L
disposal	D IH S P OW Z AH L
dispose	D IH S P OW Z
disposed	D IH S P OW Z D
disposition	D IH S P AH Z IH SH AH N
dispute	D IH S P Y UW T
disputed	D IH S P Y UW T AH D
disputes	D IH S P Y UW T S
disregard	D IH S R IH G AA R D
disruption	D IH S R AH P SH AH N
dissent	D IH S EH N T
dissertation	D IH S ER T EY SH AH N
dissolution	D IH S AH L UW SH AH N
dissolved	D IH Z AA L V D
distance	D IH S T AH N S
distances	D IH S T AH N S AH Z
distant	D IH S T AH N T
distinct	D IH S T IH NG K T
distinction	D IH S T IH NG K SH AH N
distinctive	D IH S T IH NG K T IH V
distinguish	D IH S T IH NG G W IH SH
distorted	D IH S T AO R T AH D
distortion	D IH S T AO R SH AH N
distress	D IH S T R EH S
distressed	D IH S T R EH S T
distribute	D IH S T R IH B Y UW T
distributed	D IH S T R IH B Y AH T AH D
distributing	D IH S T R IH B Y UW T IH NG
distribution	D IH S T R AH B Y UW SH AH N
distributor	D IH S T R IH B Y AH T ER
distributors	D IH S T R IH B Y AH T ER Z
district	D IH S T R IH K T
districts	D IH S T R IH K T S
disturbance	D IH S T ER B AH N S
disturbances	D IH S T ER B AH N S AH Z
disturbed	D IH S T ER B D
disturbing	D IH S T ER B IH NG
ditch	D IH CH
diva	D IY V AH
dive	D AY V
diver	D AY V ER
divers	D AY V ER Z
diverse	D AY V ER S
diversified	D AY V ER S AH F AY D
diversion	D AY V ER ZH AH N
diversity	D IH V ER S IH T IY
divide	D IH V AY D
divided	D IH V AY D IH D
dividend	D IH V IH D EH N D
dividends	D IH V AH D EH N D Z
dividing	D IH V AY D IH NG
divine	D IH V AY N
diving	D AY V IH NG
division	D IH V IH ZH AH N
divisions	D IH V IH ZH AH N Z
divorce	D IH V AO R S
divorced	D IH V AO R S T
dixie	D IH K S IY
dixon	D IH K S AH N
djibouti	JH IH B UW T IY
dna	D IY EH N EY
dns	D IY EH N EH S
doc	D AA K
dock	D AA K
docket	D AA K AH T
docking	D AA K IH NG
docs	D AA K S
doctor	D AA K T ER
doctoral	D AA K T ER AH L
doctorate	D AA K T ER AH T
doctors	D AA K T ER Z
doctrine	D AA K T R AH N
document	D AA K Y AH M EH N T
documentary	D AA K Y AH M EH N T ER IY
documented	D AA K Y AH M EH N T AH D
documenting	D AA K Y AH M AH N T IH NG
documents	D AA K Y AH M AH N T S
dodge	D AA JH
dodgers	D AA JH ER Z
doe	D OW
does	D AH Z
dog	D AO G
dogs	D AA G Z
doi	D OY
doing	D UW IH NG
dolby	D OW L B IY
dolce	D OW L CH EY
doll	D AA L
dollar	D AA L ER
dollars	D AA L ER Z
dolls	D AA L Z
dolly	D AA L IY
dolphin	D AA L F AH N
dolphins	D AA L F AH N Z
dom	D AA M
domain	D OW M EY N
domains	D OW M EY N Z
dome	D OW M
domestic	D AH M EH S T IH K
dominance	D AA M AH N AH N S
dominant	D AA M AH N AH N T
dominate	D AA M AH N EY T
dominated	D AA M AH N EY T AH D
domination	D AA M AH N EY SH AH N
dominic	D AA M AH N IH K
dominica	D AH M IH N IH K AH
dominican	D AH M IH N AH K AH N
dominion	D AH M IH N Y AH N
domino	D AA M AH N OW
don	D AA N
donald	D AA N AH L D
donate	D OW N EY T
donated	D OW N EY T IH D
donation	D OW N EY SH AH N
donations	D OW N EY SH AH N Z
done	D AH N
dong	D AO NG
donkey	D AA NG K IY
donna	D AA N AH
donor	D OW N ER
donors	D OW N ER Z
donovan	D AA N AH V AH N
doo	D UW
doom	D UW M
doomed	D UW M D
door	D AO R
doors	D AO R Z
doppler	D AA P L ER
dora	D AO R AH
dorado	D AO R AA D OW
doris	D AO R AH S
dorm	D AO R M
dorothy	D AO R AH TH IY
dorset	D AO R S IH T
dos	D AO S
dosage	D OW S AH JH
dose	D OW S
doses	D OW S AH Z
dot	D AA T
dots	D AA T S
dotted	D AA T AH D
double	D AH B AH L
doubled	D AH B AH L D
doubles	D AH B AH L Z
doubt	D AW T
doubts	D AW T S
doug	D AH G
dough	D OW
doughty	D AO T IY
douglas	D AH G L AH S
dove	D AH V
dover	D OW V ER
dow	D AW
down	D AW N
downhill	D AW N HH IH L
downing	D AW N IH NG
download	D AW N L OW D
downloaded	D AW N L OW D IH D
downloading	D AW N L OW D IH NG
downloads	D AW N L OW D Z
downs	D AW N Z
downstairs	D AW N S T EH R Z
downstream	D AW N S T R IY M
downtime	D AW N T AY M
downtown	D AW N T AW N
downward	D AW N W ER D
doyle	D OY L
dozen	D AH Z AH N
dozens	D AH Z AH N Z
draft	D R AE F T
drafted	D R AE F T IH D
drafting	D R AE F T IH NG
drafts	D R AE F T S
drag	D R AE G
dragged	D R AE G D
dragging	D R AE G IH NG
dragon	D R AE G AH N
dragons	D R AE G AH N Z
drain	D R EY N
drainage	D R EY N AH JH
drained	D R EY N D
drake	D R EY K
dram	D R AE M
drama	D R AA M AH
dramas	D R AA M AH Z
dramatic	D R AH M AE T IH K
dramatically	D R AH M AE T IH K L IY
drank	D R AE NG K
draper	D R EY P ER
draw	D R AO
drawer	D R AO R
drawers	D R AO R Z
drawing	D R AO IH NG
drawings	D R AO IH NG Z
drawn	D R AO N
draws	D R AO Z
dread	D R EH D
dream	D R IY M
dreamed	D R IY M D
dreaming	D R IY M IH NG
dreams	D R IY M Z
dreamy	D R IY M IY
dresden	D R EH Z D IH N
dress	D R EH S
dressed	D R EH S T
dresser	D R EH S ER
dresses	D R EH S AH Z
dressing	D R EH S IH NG
drew	D R UW
dried	D R AY D
drift	D R IH F T
drill	D R IH L
drilled	D R IH L D
drilling	D R IH L IH NG
drills	D R IH L Z
drink	D R IH NG K
drinking	D R IH NG K IH NG
drinks	D R IH NG K S
drip	D R IH P
drive	D R AY V
driven	D R IH V AH N
driver	D R AY V ER
drivers	D R AY V ER Z
drives	D R AY V Z
driveway	D R AY V W EY
driving	D R AY V IH NG
drop	D R AA P
dropped	D R AA P T
dropping	D R AA P IH NG
drops	D R AA P S
drought	D R AW T
drove	D R OW V
drowning	D R AW N IH NG
drug	D R AH G
drugs	D R AH G Z
drum	D R AH M
drummer	D R AH M ER
drums	D R AH M Z
drunk	D R AH NG K
drunken	D R AH NG K AH N
dry	D R AY
dryer	D R AY ER
dryers	D R AY ER Z
drying	D R AY IH NG
dss	D IY EH S EH S
dual	D UW AH L
duane	D W EY N
dub	D AH B
dubai	D UW B AY
dubbed	D AH B D
dublin	D AH B L IH N
duck	D AH K
ducks	D AH K S
duct	D AH K T
dude	D UW D
dudley	D AH D L IY
due	D UW
duel	D UW AH L
dues	D UW Z
duff	D AH F
dug	D AH G
dui	D IY Y UW AY
duke	D UW K
dukes	D UW K S
dull	D AH L
duluth	D AH L UW TH
duly	D UW L IY
dumb	D AH M
dummies	D AH M IY Z
dummy	D AH M IY
dump	D AH M P
dumped	D AH M P T
dumping	D AH M P IH NG
dun	D AH N
duncan	D AH NG K AH N
dundee	D AH N D IY
dune	D UW N
dunes	D UW N Z
dungeon	D AH N JH AH N
dungeons	D AH N JH AH N Z
dunlop	D AH N L AA P
dunn	D AH N
dunno	D AH N OW
duo	D UW OW
duplex	D UW P L EH K S
duplicate	D UW P L AH K AH T
duplicated	D UW P L IH K EY T IH D
duplication	D Y UW P L AH K EY SH AH N
dupont	D UW P AA N T
durability	D ER AH B IH L IH T IY
durable	D UH R AH B AH L
durango	D ER AE NG G OW
duration	D UH R EY SH AH N
durban	D ER B AH N
durham	D ER AH M
during	D UH R IH NG
dusk	D AH S K
dust	D AH S T
dustin	D AH S T IH N
dusty	D AH S T IY
dutch	D AH CH
duties	D UW T IY Z
duty	D UW T IY
dvd	D IY V IY D IY
dvds	D IY V IY D IY Z
dwarf	D W AO R F
dwell	D W EH L
dwelling	D W EH L IH NG
dwellings	D W EH L IH NG Z
dwi	D IY D AH B AH L Y UW AY
dwight	D W AY T
dye	D AY
dyer	D AY ER
dyes	D AY Z
dying	D AY IH NG
dyke	D AY K
dylan	D IH L AH N
dynamic	D AY N AE M IH K
dynamically	D AY N AE M IH K L IY
dynamics	D AY N AE M IH K S
dynamite	D AY N AH M AY T
dynamo	D AY N AH M OW
dynasty	D AY N AH S T IY
dysfunction	D IH S F AH NG K SH AH N
dyson	D AY S AH N
each	IY CH
eager	IY G ER
eagle	IY G AH L
eagles	IY G AH L Z
ear	IY R
earl	ER L
earlier	ER L IY ER
earliest	ER L IY AH S T
early	ER L IY
earn	ER N
earned	ER N D
earnest	ER N IH S T
earning	ER N IH NG
earnings	ER N IH NG Z
earns	ER N Z
earring	IH R IH NG
earrings	IH R IH NG Z
ears	IH R Z
earth	ER TH
earthquake	ER TH K W EY K
earthquakes	ER TH K W EY K S
ease	IY Z
easier	IY Z IY ER
easiest	IY Z IY AH S T
easily	IY Z AH L IY
east	IY S T
easter	IY S T ER
eastern	IY S T ER N
eastman	IY S T M AH N
easton	IY S T AH N
easy	IY Z IY
eat	IY T
eaten	IY T AH N
eater	IY T ER
eating	IY T IH NG
eaton	IY T AH N
eats	IY T S
eau	OW
ebay	IY B EY
ebony	EH B AH N IY
echo	EH K OW
echoes	EH K OW Z
eclectic	IH K L EH K T IH K
eclipse	IH K L IH P S
eco	IY K OW
ecological	IY K AH L AA JH IH K AH L
ecology	IH K AA L AH JH IY
econ	IY K AA N
economic	EH K AH N AA M IH K
economical	EH K AH N AA M IH K AH L
economically	EH K AH N AA M IH K L IY
economics	EH K AH N AA M IH K S
economies	IH K AA N AH M IY Z
economist	IH K AA N AH M IH S T
economists	IH K AA N AH M IH S T S
economy	IH K AA N AH M IY
ecosystem	IY K OW S IH S T AH M
ecosystems	IY K OW S IH S T AH M Z
ecstasy	EH K S T AH S IY
ecuador	EH K W AH D AO R
eddie	EH D IY
eddy	EH D IY
eden	IY D AH N
edgar	EH D G ER
edge	EH JH
edges	EH JH AH Z
edi	IY D IY
edible	EH D AH B AH L
edinburgh	EH D AH N B ER OW
edison	EH D IH S AH N
edit	EH D AH T
edited	EH D AH T AH D
edith	IY D IH TH
editing	EH D AH T IH NG
edition	AH D IH SH AH N
editions	IH D IH SH AH N Z
editor	EH D AH T ER
editorial	EH D AH T AO R IY AH L
editorials	EH D AH T AO R IY AH L Z
editors	EH D IH T ER Z
edits	EH D IH T S
edmonton	EH D M AH N T AH N
edmund	EH D M AH N D
edu	EH D Y UW
educate	EH JH AH K EY T
educated	EH JH AH K EY T IH D
educating	EH JH AH K EY T IH NG
education	EH JH AH K EY SH AH N
educational	EH JH AH K EY SH AH N AH L
educator	EH JH AH K EY T ER
educators	EH JH AH K EY T ER Z
edward	EH D W ER D
edwards	EH D W ER D Z
edwin	EH D W AH N
effect	IH F EH K T
effected	IH F EH K T IH D
effective	IH F EH K T IH V
effectively	IH F EH K T IH V L IY
effects	IH F EH K T S
efficacy	EH F IH K AE S IY
efficiencies	IH F IH SH AH N S IY Z
efficiency	IH F IH SH AH N S IY
efficient	IH F IH SH AH N T
efficiently	IH F IH SH AH N T L IY
effluent	EH F L UW AH N T
effort	EH F ER T
efforts	EH F ER T S
egg	EH G
eggs	EH G Z
ego	IY G OW
egress	IH G R EH S
egypt	IY JH AH P T
egyptian	IH JH IH P SH AH N
eight	EY T
eighteen	EY T IY N
eighth	EY T TH
eighty	EY T IY
eileen	AY L IY N
ein	AY N
einstein	AY N S T AY N
eis	AY Z
either	IY DH ER
ejaculation	IY JH AE K Y UW L EY SH AH N
elaborate	IH L AE B R AH T
elaine	IH L EY N
elan	IY L AH N
elapsed	IH L AE P S T
elastic	IH L AE S T IH K
elbow	EH L B OW
elder	EH L D ER
elderly	EH L D ER L IY
elders	EH L D ER Z
eleanor	EH L AH N AO R
elect	IH L EH K T
elected	IH L EH K T AH D
election	IH L EH K SH AH N
elections	IH L EH K SH AH N Z
elective	IH L EH K T IH V
electives	IH L EH K T IH V Z
electoral	IH L EH K T ER AH L
electra	IH L EH K T R AH
electric	IH L EH K T R IH K
electrical	IH L EH K T R IH K AH L
electricity	IH L EH K T R IH S AH T IY
electro	IH L EH K T R OW
electrode	IH L EH K T R OW D
electrodes	IH L EH K T R OW D Z
electron	IH L EH K T R AA N
electronic	IH L EH K T R AA N IH K
electronics	IH L EH K T R AA N IH K S
electrons	IH L EH K T R AA N Z
elegance	EH L AH G AH N S
elegant	EH L AH G AH N T
element	EH L AH M AH N T
elemental	EH L AH M EH N T AH L
elementary	EH L AH M EH N T R IY
elements	EH L AH M AH N T S
elena	EH L AH N AA
elephant	EH L AH F AH N T
elephants	EH L AH F AH N T S
elevate	EH L AH V EY T
elevated	EH L AH V EY T IH D
elevation	EH L AH V EY SH AH N
elevator	EH L AH V EY T ER
eleven	IH L EH V AH N
elf	EH L F
elgin	EH L JH IH N
eli	IY L AY
eligibility	EH L IH JH AH B IH L IH T IY
eligible	EH L AH JH AH B AH L
elijah	EH L AY JH AH
eliminate	IH L IH M AH N EY T
eliminated	IH L IH M AH N EY T IH D
eliminates	IH L IH M AH N EY T S
eliminating	IH L IH M AH N EY T IH NG
elimination	IH L IH M AH N EY SH AH N
eliot	EH L IY AH T
elisa	AH L IY S AH
elisabeth	IH L IH Z AH B IH TH
elite	IH L IY T
eliza	IH L AY Z AH
elizabeth	IH L IH Z AH B AH TH
elk	EH L K
ella	EH L AH
elle	EH L
ellen	EH L AH N
elliot	EH L IY AH T
elliott	EH L IY AH T
ellis	EH L IH S
elm	EH L M
else	EH L S
elsevier	EH L S EH V Y ER
elsewhere	EH L S W EH R
elton	EH L T AH N
elvis	EH L V IH S
emacs	IY M AE K S
email	IY M EY L
emailed	IY M EY L D
emails	IY M EY L Z
embarrassing	IH M B EH R AH S IH NG
embassy	EH M B AH S IY
embedded	EH M B EH D IH D
ember	EH M B ER
emblem	EH M B L AH M
embodiment	EH M B AA D IY M AH N T
embrace	EH M B R EY S
embraced	EH M B R EY S T
embroidered	EH M B R OY D ER D
embroidery	EH M B R OY D ER IY
embryo	EH M B R IY OW
embryonic	EH M B R IY AA N IH K
embryos	EH M B R IY OW Z
emerald	EH M R AH L D
emerge	IH M ER JH
emerged	IH M ER JH D
emergence	IH M ER JH AH N S
emergencies	IH M ER JH AH N S IY Z
emergency	IH M ER JH AH N S IY
emerges	IH M ER JH IH Z
emerging	IH M ER JH IH NG
emeritus	IH M EH R AH T AH S
emerson	EH M ER S AH N
emily	EH M IH L IY
eminem	EH M AH N AH M
eminent	EH M AH N AH N T
emirates	EH M ER AH T S
emission	IH M IH SH AH N
emissions	IH M IH SH AH N Z
emma	EH M AH
emmanuel	IH M AE N Y UW AH L
emo	IY M OW
emory	EH M ER IY
emotion	IH M OW SH AH N
emotional	IH M OW SH AH N AH L
emotionally	IH M OW SH N AH L IY
emotions	IH M OW SH AH N Z
emperor	EH M P ER ER
emphasis	EH M F AH S AH S
emphasize	EH M F AH S AY Z
emphasized	EH M F AH S AY Z D
emphasizes	EH M F AH S AY Z AH Z
empire	EH M P AY ER
empires	EH M P AY ER Z
empirical	EH M P IH R IH K AH L
employ	EH M P L OY
employed	EH M P L OY D
employee	EH M P L OY IY
employees	EH M P L OY IY Z
employer	EH M P L OY ER
employers	EH M P L OY ER Z
employing	EH M P L OY IH NG
employment	EH M P L OY M AH N T
employs	EH M P L OY Z
emporium	EH M P AO R IY AH M
empower	IH M P AW ER
empowered	IH M P AW ER D
empowering	IH M P AW ER IH NG
empowerment	IH M P AW ER M AH N T
empty	EH M P T IY
ems	IY EH M EH S
emu	IY M Y UW
emulation	EH M Y AH L EY SH AH N
emulator	EH M Y AH L EY T ER
enable	EH N EY B AH L
enabled	EH N EY B AH L D
enables	EH N EY B AH L Z
enabling	EH N EY B AH L IH NG
enacted	EH N AE K T AH D
enactment	EH N AE K T M AH N T
enamel	IH N AE M AH L
encarta	EH N K AA R T AH
enchanted	EH N CH AE N T IH D
enclave	AA N K L EY V
enclosed	EH N K L OW Z D
enclosure	EH N K L OW ZH ER
enclosures	IH N K L OW ZH ER Z
encode	EH N K OW D
encoded	EH N K OW D IH D
encoding	EH N K OW D IH NG
encompasses	EH N K AH M P AH S AH Z
encore	AA N K AO R
encounter	IH N K AW N T ER
encountered	IH N K AW N T ER D
encounters	IH N K AW N T ER Z
encourage	EH N K ER IH JH
encouraged	EH N K ER IH JH D
encourages	EH N K ER IH JH IH Z
encouraging	EH N K ER IH JH IH NG
encrypted	EH N K R IH P T IH D
encryption	EH N K R IH P SH AH N
encyclopedia	IH N S AY K L AH P IY D IY AH
end	EH N D
endangered	EH N D EY N JH ER D
endeavor	IH N D EH V ER
endeavour	IH N D EH V ER
ended	EH N D AH D
ending	EH N D IH NG
endless	EH N D L AH S
endocrine	EH N D OW K R AY N
endorse	EH N D AO R S
endorsed	EH N D AO R S T
endorsement	EH N D AO R S M AH N T
endowment	EH N D AW M AH N T
endpoint	EH N D P OY N T
ends	EH N D Z
endurance	EH N D ER AH N S
endure	EH N D Y UH R
enduring	EH N D Y UH R IH NG
enemies	EH N AH M IY Z
enemy	EH N AH M IY
energetic	EH N ER JH EH T IH K
energies	EH N ER JH IY Z
energy	EH N ER JH IY
enfield	EH N F IY L D
enforce	EH N F AO R S
enforced	EH N F AO R S T
enforcement	EH N F AO R S M AH N T
enforcing	EH N F AO R S IH NG
eng	EH NG
engage	EH N G EY JH
engaged	EH N G EY JH D
engagement	EH N G EY JH M AH N T
engagements	EH N G EY JH M AH N T S
engaging	EH N G EY JH IH NG
engine	EH N JH AH N
engineer	EH N JH AH N IH R
engineered	EH N JH AH N IY R D
engineering	EH N JH AH N IH R IH NG
engineers	EH N JH AH N IH R Z
engines	EH N JH AH N Z
england	IH NG G L AH N D
englewood	EH NG G AH L W UH D
english	IH NG G L IH SH
engraved	IH N G R EY V D
engraving	IH N G R EY V IH NG
enhance	EH N HH AE N S
enhanced	EH N HH AE N S T
enhancement	EH N HH AE N S M AH N T
enhancements	EH N HH AE N S M AH N T S
enhances	EH N HH AE N S IH Z
enhancing	EH N HH AE N S IH NG
enjoy	EH N JH OY
enjoyable	EH N JH OY AH B AH L
enjoyed	EH N JH OY D
enjoying	EH N JH OY IH NG
enjoyment	EH N JH OY M AH N T
enjoys	EH N JH OY Z
enlarge	EH N L AA R JH
enlarged	EH N L AA R JH D
enlargement	IH N L AA R JH M AH N T
enlisted	EH N L IH S T IH D
enormous	IH N AO R M AH S
enough	IH N AH F
enquire	IH N K W AY ER
enquiry	IH N K W AY R IY
enriched	EH N R IH CH T
enrichment	EH N R IH CH M AH N T
enroll	EH N R OW L
enrolled	EH N R OW L D
enrollment	EH N R OW L M AH N T
enron	EH N R AA N
ensemble	AA N S AA M B AH L
ensign	EH N S AH N
ensure	EH N SH UH R
ensures	EH N SH UH R Z
ensuring	EH N SH UH R IH NG
ent	EH N T
enter	EH N T ER
entered	EH N T ER D
entering	EH N T ER IH NG
enterprise	EH N T ER P R AY Z
enterprises	EH N T ER P R AY Z IH Z
enters	EH N T ER Z
entertain	EH N T ER T EY N
entertaining	EH N T ER T EY N IH NG
enthusiasm	IH N TH UW Z IY AE Z AH M
enthusiast	EH N TH UW Z IY AE S T
enthusiastic	IH N TH UW Z IY AE S T IH K
enthusiasts	EH N TH UW Z IY AE S T S
entire	IH N T AY ER
entirely	IH N T AY ER L IY
entirety	IH N T AY ER T IY
entities	EH N T IH T IY Z
entitled	EH N T AY T AH L D
entitlement	EH N T AY T AH L M AH N T
entity	EH N T AH T IY
entrance	EH N T R AH N S
entre	AA N T R EY
entrepreneur	AA N T R AH P R AH N ER
entries	EH N T R IY Z
entropy	EH N T R AH P IY
entry	EH N T R IY
enumeration	IH N UW M ER EY SH AH N
envelope	EH N V AH L OW P
envelopes	EH N V AH L OW P S
environment	IH N V AY R AH N M AH N T
environments	IH N V AY R AH N M AH N T S
envoy	EH N V OY
envy	EH N V IY
enzyme	EH N Z AY M
enzymes	EH N Z AY M Z
eon	IY AH N
eos	IY AA S
epa	IY P IY EY
epic	EH P IH K
epidemic	EH P AH D EH M IH K
epidemiology	EH P AH D EH M IY AA L AH JH IY
epilepsy	EH P AH L EH P S IY
episcopal	IH P IH S K AH P AH L
episode	EH P AH S OW D
episodes	EH P AH S OW D Z
epoch	EH P AH K
epoxy	IH P AA K S IY
epsilon	EH P S AH L AA N
epson	EH P S AH N
epstein	EH P S T IY N
equal	IY K W AH L
equality	IH K W AA L AH T IY
equally	IY K W AH L IY
equals	IY K W AH L Z
equation	IH K W EY ZH AH N
equations	IH K W EY ZH AH N Z
equatorial	IY K W AH T AO R IY AH L
equestrian	IH K W EH S T R IY AH N
equilibrium	IY K W AH L IH B R IY AH M
equine	IY K W AY N
equinox	IY K W AH N AA K S
equip	IH K W IH P
equipment	IH K W IH P M AH N T
equipped	IH K W IH P T
equitable	EH K W AH T AH B AH L
equities	EH K W AH T IY Z
equity	EH K W AH T IY
equivalence	IH K W IH V AH L AH N S
equivalent	IH K W IH V AH L AH N T
equivalents	IH K W IH V AH L AH N T S
era	EH R AH
erase	IH R EY S
erect	IH R EH K T
erected	IH R EH K T AH D
erection	IH R EH K SH AH N
ergonomic	ER G AH N AA M IH K
eric	EH R IH K
erica	EH R IH K AH
erickson	EH R IH K S AH N
ericsson	EH R IH K S AH N
erie	IH R IY
erik	EH R IH K
erin	EH R IH N
eritrea	EH R IH T R IY AH
ermine	ER M AH N
ernest	ER N AH S T
ernie	ER N IY
ernst	ER N S T
erosion	IH R OW ZH AH N
erotic	IH R AA T IH K
erotica	IH R AA T IH K AH
err	EH R
erroneous	EH R OW N IY AH S
error	EH R ER
errors	EH R ER Z
ers	ER Z
escape	IH S K EY P
escaped	IH S K EY P T
escapes	IH S K EY P S
escort	EH S K AO R T
escorts	EH S K AO R T S
escrow	EH S K R OW
esker	EH S K ER
espanol	EH S P AA N Y OW L
especially	AH S P EH SH L IY
esplanade	EH S P L AH N AA D
espn	IY EH S P IY EH N
espresso	EH S P R EH S OW
ess	EH S
essay	EH S EY
essays	EH S EY Z
essence	EH S AH N S
essential	EH S EH N SH AH L
essentially	EH S EH N SH AH L IY
essentials	EH S EH N SH AH L Z
essex	EH S IH K S
est	EH S T
esta	EH S T AH
establish	IH S T AE B L IH SH
established	IH S T AE B L IH SH T
establishes	IH S T AE B L IH SH IH Z
establishing	IH S T AE B L IH SH IH NG
estate	IH S T EY T
estates	IH S T EY T S
este	EH S T EY
esteem	AH S T IY M
esther	EH S T ER
estimate	EH S T AH M AH T
estimated	EH S T AH M EY T AH D
estimates	EH S T AH M AH T S
estimating	EH S T AH M EY T IH NG
estimation	EH S T AH M EY SH AH N
estonia	EH S T OW N IY AH
estonian	EH S T OW N IY AH N
estrogen	EH S T R AH JH AH N
etc	EH T S EH T ER AH
eternal	IH T ER N AH L
eternity	IH T ER N AH T IY
ethan	IY TH AH N
ethanol	EH TH AH N AO L
ether	IY TH ER
ethereal	IH TH IH R IY AH L
ethernet	IY TH ER N EH T
ethical	EH TH IH K AH L
ethics	EH TH IH K S
ethiopia	IY TH IY OW P IY AH
ethiopian	IY TH IY OW P IY AH N
ethnic	EH TH N IH K
ethnicity	EH TH N IH S IH T IY
ethos	IY TH AA S
etiology	IY T IY AA L AH JH IY
etiquette	EH T AH K AH T
eugene	Y UW JH IY N
eureka	Y UH R IY K AH
euro	Y UW R OW
europa	Y UH R OW P AH
europe	Y UH R AH P
european	Y UH R AH P IY AH N
europeans	Y UH R AH P IY AH N Z
euros	Y UW R OW Z
eva	EY V AH
evacuation	IH V AE K Y AH W EY SH AH N
evaluate	IH V AE L Y UW EY T
evaluated	IH V AE L Y UW EY T AH D
evaluates	IH V AE L Y UW EY T S
evaluating	IH V AE L Y UW EY T IH NG
evaluation	IH V AE L Y UW EY SH AH N
evaluations	IH V AE L Y UW EY SH AH N Z
evan	EH V AH N
evanescence	EH V AH N EH S AH N S
evangelical	IY V AE N JH EH L IH K AH L
evans	EH V AH N Z
evansville	EH V AH N Z V IH L
eve	IY V
evelyn	EH V AH L AH N
even	IY V IH N
evening	IY V N IH NG
evenings	IY V N IH NG Z
evenly	IY V AH N L IY
event	IH V EH N T
events	IH V EH N T S
eventual	AH V EH N CH UW AH L
eventually	IH V EH N CH AH W AH L IY
ever	EH V ER
everest	EH V ER AH S T
everett	EH V ER AH T
evergreen	EH V ER G R IY N
everlasting	EH V ER L AE S T IH NG
every	EH V ER IY
everybody	EH V R IY B AA D IY
everyday	EH V R IY D EY
everyone	EH V R IY W AH N
everything	EH V R IY TH IH NG
everytime	EH V R IY T AY M
everywhere	EH V R IY W EH R
evidence	EH V AH D AH N S
evidenced	EH V IH D AH N S T
evident	EH V AH D AH N T
evidently	EH V AH D AH N T L IY
evil	IY V AH L
evolution	EH V AH L UW SH AH N
evolutionary	EH V AH L UW SH AH N EH R IY
evolve	IH V AA L V
evolved	IH V AA L V D
evolving	IH V AA L V IH NG
exact	IH G Z AE K T
exactly	IH G Z AE K T L IY
exam	IH G Z AE M
examination	IH G Z AE M AH N EY SH AH N
examinations	IH G Z AE M AH N EY SH AH N Z
examine	IH G Z AE M IH N
examined	IH G Z AE M AH N D
examiner	IH G Z AE M AH N ER
examiners	IH G Z AE M IH N ER Z
examines	IH G Z AE M AH N Z
examining	IH G Z AE M IH N IH NG
example	IH G Z AE M P AH L
examples	IH G Z AE M P AH L Z
exams	IH G Z AE M Z
excalibur	EH K S K AE L AH B ER
excavation	EH K S K AH V EY SH AH N
exceed	IH K S IY D
exceeded	IH K S IY D AH D
exceeding	IH K S IY D IH NG
exceeds	IH K S IY D Z
excel	IH K S EH L
excellence	EH K S AH L AH N S
excellent	EH K S AH L AH N T
except	IH K S EH P T
exception	IH K S EH P SH AH N
exceptional	IH K S EH P SH AH N AH L
exceptions	IH K S EH P SH AH N Z
excerpt	EH K S ER P T
excerpts	EH K S ER P T S
excess	EH K S EH S
excessive	IH K S EH S IH V
exchange	IH K S CH EY N JH
exchanged	IH K S CH EY N JH D
exchanges	IH K S CH EY N JH AH Z
excise	EH K S AY S
excite	IH K S AY T
excited	IH K S AY T AH D
excitement	IH K S AY T M AH N T
exciting	IH K S AY T IH NG
exclude	IH K S K L UW D
excluded	IH K S K L UW D AH D
excludes	IH K S K L UW D Z
excluding	IH K S K L UW D IH NG
exclusion	IH K S K L UW ZH AH N
exclusive	IH K S K L UW S IH V
exclusively	IH K S K L UW S IH V L IY
excursion	IH K S K ER ZH AH N
excursions	IH K S K ER ZH AH N Z
excuse	IH K S K Y UW S
excuses	IH K S K Y UW S IH Z
exec	EH G Z EH K
execute	EH K S AH K Y UW T
executed	EH K S AH K Y UW T IH D
executing	EH K S AH K Y UW T IH NG
execution	EH K S AH K Y UW SH AH N
executive	IH G Z EH K Y AH T IH V
executives	IH G Z EH K Y AH T IH V Z
exemplary	IH G Z EH M P L ER IY
exempt	IH G Z EH M P T
exemption	IH G Z EH M P SH AH N
exemptions	IH G Z EH M P SH AH N Z
exercise	EH K S ER S AY Z
exercised	EH K S ER S AY Z D
exercises	EH K S ER S AY Z AH Z
exercising	EH K S ER S AY Z IH NG
exeter	EH K S IH T ER
exhaust	IH G Z AO S T
exhausted	IH G Z AO S T IH D
exhaustive	IH G Z AO S T IH V
exhibit	IH G Z IH B IH T
exhibited	IH G Z IH B AH T AH D
exhibition	EH K S AH B IH SH AH N
exhibitions	EH K S AH B IH SH AH N Z
exhibitor	IH G Z IH B AH T ER
exhibitors	IH G Z IH B AH T ER Z
exhibits	IH G Z IH B AH T S
exile	EH G Z AY L
exim	EH K S IH M
exist	IH G Z IH S T
existed	IH G Z IH S T AH D
existence	EH G Z IH S T AH N S
existing	IH G Z IH S T IH NG
exists	IH G Z IH S T S
exit	EH G Z IH T
exits	EH G Z IH T S
exodus	EH K S AH D AH S
exotic	IH G Z AA T IH K
expand	IH K S P AE N D
expandable	IH K S P AE N D AH B AH L
expanded	IH K S P AE N D AH D
expanding	IH K S P AE N D IH NG
expands	IH K S P AE N D Z
expansion	IH K S P AE N SH AH N
expect	IH K S P EH K T
expectancy	IH K S P EH K T AH N S IY
expectation	EH K S P EH K T EY SH AH N
expectations	EH K S P EH K T EY SH AH N Z
expected	IH K S P EH K T AH D
expecting	IH K S P EH K T IH NG
expects	IH K S P EH K T S
expedia	EH K S P IY D IY AH
expedited	EH K S P IH D AY T IH D
expedition	EH K S P AH D IH SH AH N
expeditions	EH K S P AH D IH SH AH N Z
expenditure	IH K S P EH N D AH CH ER
expenditures	IH K S P EH N D AH CH ER Z
expense	IH K S P EH N S
expenses	IH K S P EH N S AH Z
expensive	IH K S P EH N S IH V
experience	IH K S P IH R IY AH N S
experienced	IH K S P IH R IY AH N S T
experiences	IH K S P IH R IY AH N S IH Z
experiencing	IH K S P IH R IY AH N S IH NG
experiment	IH K S P EH R AH M AH N T
experimental	IH K S P EH R IH M EH N T AH L
experiments	IH K S P EH R AH M AH N T S
expert	EH K S P ER T
expertise	EH K S P ER T IY Z
experts	EH K S P ER T S
expiration	EH K S P ER EY SH AH N
expire	IH K S P AY R
expired	IH K S P AY R D
expires	IH K S P AY ER Z
expiry	EH K S P AY R IY
explain	IH K S P L EY N
explained	IH K S P L EY N D
explaining	IH K S P L EY N IH NG
explains	IH K S P L EY N Z
explanation	EH K S P L AH N EY SH AH N
explanations	EH K S P L AH N EY SH AH N Z
explanatory	IH K S P L AE N AH T AO R IY
explicit	IH K S P L IH S AH T
explicitly	IH K S P L IH S AH T L IY
explode	IH K S P L OW D
exploded	IH K S P L OW D AH D
exploit	EH K S P L OY T
exploitation	EH K S P L OY T EY SH AH N
exploited	EH K S P L OY T AH D
exploits	EH K S P L OY T S
exploration	EH K S P L ER EY SH AH N
explore	IH K S P L AO R
explored	IH K S P L AO R D
explorer	IH K S P L AO R ER
explorers	IH K S P L AO R ER Z
explores	IH K S P L AO R Z
exploring	IH K S P L AO R IH NG
explosion	IH K S P L OW ZH AH N
explosive	IH K S P L OW S IH V
explosives	IH K S P L OW S IH V Z
expo	EH K S P OW
exponential	EH K S P OW N EH N SH AH L
export	EH K S P AO R T
exported	IH K S P AO R T AH D
exporter	IH K S P AO R T ER
exporters	IH K S P AO R T ER Z
exporting	IH K S P AO R T IH NG
exports	EH K S P AO R T S
expose	IH K S P OW Z
exposed	IH K S P OW Z D
exposing	IH K S P OW Z IH NG
exposition	EH K S P AH Z IH SH AH N
exposure	IH K S P OW ZH ER
exposures	IH K S P OW ZH ER Z
express	IH K S P R EH S
expressed	IH K S P R EH S T
expresses	IH K S P R EH S AH Z
expressing	IH K S P R EH S IH NG
expression	IH K S P R EH SH AH N
expressions	IH K S P R EH SH AH N Z
expressive	IH K S P R EH S IH V
expressly	EH K S P R EH S L IY
exquisite	EH K S K W AH Z AH T
extend	IH K S T EH N D
extended	IH K S T EH N D AH D
extending	IH K S T EH N D IH NG
extends	IH K S T EH N D Z
extension	IH K S T EH N SH AH N
extensions	IH K S T EH N SH AH N Z
extensive	IH K S T EH N S IH V
extensively	IH K S T EH N S IH V L IY
extent	IH K S T EH N T
exterior	IH K S T IH R IY ER
external	IH K S T ER N AH L
externally	IH K S T ER N AH L IY
extinction	IH K S T IH NG K SH AH N
extra	EH K S T R AH
extract	EH K S T R AE K T
extracted	EH K S T R AE K T IH D
extracting	EH K S T R AE K T IH NG
extraction	EH K S T R AE K SH AH N
extracts	EH K S T R AE K T S
extras	EH K S T R AH Z
extreme	EH K S T R IY M
extremely	EH K S T R IY M L IY
extremes	EH K S T R IY M Z
eye	AY
eyed	AY D
eyes	AY Z
eyewear	AY W EH R
ezekiel	EH Z IH K IY L
ezra	EH Z R AH
fab	F AE B
fable	F EY B AH L
fabled	F EY B AH L D
fabric	F AE B R IH K
fabricated	F AE B R IH K EY T AH D
fabrication	F AE B R IH K EY SH AH N
fabrics	F AE B R IH K S
fabulous	F AE B Y AH L AH S
fac	F AE K
face	F EY S
faced	F EY S T
faces	F EY S AH Z
facet	F AE S AH T
facial	F EY SH AH L
facials	F EY SH AH L Z
facilitate	F AH S IH L AH T EY T
facilitated	F AH S IH L AH T EY T IH D
facilitates	F AH S IH L AH T EY T S
facilitating	F AH S IH L AH T EY T IH NG
facilitation	F AH S IH L AH T EY SH AH N
facilitator	F AH S IH L AH T EY T ER
facilities	F AH S IH L AH T IY Z
facility	F AH S IH L IH T IY
facing	F EY S IH NG
facsimile	F AE K S IH M AH L IY
fact	F AE K T
faction	F AE K SH AH N
factor	F AE K T ER
factories	F AE K T ER IY Z
factoring	F AE K T ER IH NG
factors	F AE K T ER Z
factory	F AE K T ER IY
facts	F AE K T S
factual	F AE K CH UW AH L
faculties	F AE K AH L T IY Z
faculty	F AE K AH L T IY
fade	F EY D
faded	F EY D AH D
fading	F EY D IH NG
fahrenheit	F EH R AH N HH AY T
fail	F EY L
failed	F EY L D
failing	F EY L IH NG
fails	F EY L Z
failure	F EY L Y ER
failures	F EY L Y ER Z
faint	F EY N T
fainter	F EY N T ER
fair	F EH R
fairbanks	F EH R B AH NG K S
faire	F EH R
fairfax	F EH R F AE K S
fairfield	F EH R F IY L D
fairies	F EH R IY Z
fairly	F EH R L IY
fairmont	F EH R M AA N T
fairness	F EH R N AH S
fairs	F EH R Z
fairview	F EH R V Y UW
fairy	F EH R IY
faith	F EY TH
faithful	F EY TH F AH L
fake	F EY K
fakes	F EY K S
falcon	F AE L K AH N
falcons	F AE L K AH N Z
falkland	F AO K L AH N D
fall	F AO L
fallen	F AA L AH N
falling	F AA L IH NG
falls	F AO L Z
false	F AO L S
fame	F EY M
familiar	F AH M IH L Y ER
familiarity	F AH M IH L Y EH R AH T IY
families	F AE M AH L IY Z
family	F AE M AH L IY
famous	F EY M AH S
fan	F AE N
fancy	F AE N S IY
fans	F AE N Z
fantasies	F AE N T AH S IY Z
fantastic	F AE N T AE S T IH K
fantasy	F AE N T AH S IY
fao	F AW
far	F AA R
fare	F EH R
fares	F EH R Z
farewell	F EH R W EH L
fargo	F AA R G OW
farm	F AA R M
farmer	F AA R M ER
farmers	F AA R M ER Z
farmhouse	F AA R M HH AW S
farming	F AA R M IH NG
farmington	F AA R M IH NG T AH N
farms	F AA R M Z
farrell	F EH R IH L
farther	F AA R DH ER
fascinating	F AE S AH N EY T IH NG
fashion	F AE SH AH N
fashionable	F AE SH AH N AH B AH L
fashioned	F AE SH AH N D
fashions	F AE SH AH N Z
faso	F AA S OW
fast	F AE S T
fasteners	F AE S AH N ER Z
faster	F AE S T ER
fastest	F AE S T AH S T
fat	F AE T
fatal	F EY T AH L
fate	F EY T
father	F AA DH ER
fathers	F AA DH ER Z
fatigue	F AH T IY G
fats	F AE T S
fatty	F AE T IY
faucet	F AO S AH T
faucets	F AO S AH T S
fault	F AO L T
faults	F AO L T S
faulty	F AO L T IY
fauna	F AO N AH
faux	F AO K S
fave	F EY V
favor	F EY V ER
favorable	F EY V ER AH B AH L
favored	F EY V ER D
favorite	F EY V ER IH T
favorites	F EY V ER IH T S
favors	F EY V ER Z
favour	F EY V ER
favourite	F EY V ER IH T
fawn	F AO N
fax	F AE K S
faxes	F AE K S IH Z
fayette	F EY EH T
fayetteville	F EY EH T V IH L
fbi	EH F B IY AY
fcc	EH F S IY S IY
fda	EH F D IY EY
fear	F IH R
feared	F IH R D
fearless	F IH R L AH S
fears	F IH R Z
feasibility	F IY Z AH B IH L AH T IY
feasible	F IY Z AH B AH L
feast	F IY S T
feat	F IY T
feather	F EH DH ER
feathers	F EH DH ER Z
feature	F IY CH ER
featured	F IY CH ER D
features	F IY CH ER Z
featuring	F IY CH ER IH NG
feb	F EH B Y AH W EH R IY
february	F EH B Y AH W EH R IY
fed	F EH D
federal	F EH D ER AH L
federally	F EH D ER AH L IY
federated	F EH D ER EY T IH D
federation	F EH D ER EY SH AH N
fedex	F EH D EH K S
fedora	F IH D AO R AH
fee	F IY
feed	F IY D
feedback	F IY D B AE K
feeder	F IY D ER
feeders	F IY D ER Z
feeding	F IY D IH NG
feeds	F IY D Z
feel	F IY L
feeling	F IY L IH NG
feelings	F IY L IH NG Z
feels	F IY L Z
fees	F IY Z
feet	F IY T
felix	F IY L IH K S
fell	F EH L
fellow	F EH L OW
fellows	F EH L OW Z
fellowship	F EH L OW SH IH P
fellowships	F EH L OW SH IH P S
felony	F EH L AH N IY
felt	F EH L T
fema	F IY M AH
female	F IY M EY L
females	F IY M EY L Z
feminine	F EH M AH N AH N
feminism	F EH M IH N IH Z AH M
feminist	F EH M AH N IH S T
femme	F EH M
fen	F EH N
fence	F EH N S
fences	F EH N S AH Z
fencing	F EH N S IH NG
fender	F EH N D ER
feng	F EH NG
ferdinand	F ER D IH N AE N D
ferguson	F ER G AH S AH N
fern	F ER N
fernandez	F ER N AE N D EH Z
fernando	F ER N AE N D OW
ferrari	F ER AA R IY
ferries	F EH R IY Z
ferris	F EH R IH S
ferro	F EH R OW
ferry	F EH R IY
fertile	F ER T AH L
fertility	F ER T IH L AH T IY
fertilizer	F ER T AH L AY Z ER
fervent	F ER V AH N T
fest	F EH S T
festival	F EH S T AH V AH L
festivals	F EH S T AH V AH L Z
festive	F EH S T IH V
fetal	F IY T AH L
fetch	F EH CH
fete	F EY T
fetish	F EH T IH SH
fetus	F IY T AH S
fever	F IY V ER
few	F Y UW
fewer	F Y UW ER
fiat	F AY AE T
fiber	F AY B ER
fiberglass	F AY B ER G L AE S
fibers	F AY B ER Z
fibre	F AY B ER
fiction	F IH K SH AH N
fictional	F IH K SH AH N AH L
fiddle	F IH D AH L
fidelity	F AH D EH L AH T IY
field	F IY L D
fielding	F IY L D IH NG
fields	F IY L D Z
fierce	F IH R S
fiery	F AY ER IY
fiesta	F IY EH S T AH
fifa	F IH F AA
fife	F AY F
fifteen	F IH F T IY N
fifth	F IH F TH
fifty	F IH F T IY
fig	F IH G
fight	F AY T
fighter	F AY T ER
fighters	F AY T ER Z
fighting	F AY T IH NG
fights	F AY T S
figs	F IH G Z
figure	F IH G Y ER
figured	F IH G Y ER D
figures	F IH G Y ER Z
figurine	F IH G Y ER IY N
figurines	F IH G Y ER IY N Z
fiji	F IY JH IY
file	F AY L
filed	F AY L D
filename	F AY L N EY M
files	F AY L Z
filing	F AY L IH NG
filings	F AY L IH NG Z
filipino	F IH L AH P IY N OW
fill	F IH L
filled	F IH L D
filler	F IH L ER
filling	F IH L IH NG
fills	F IH L Z
film	F IH L M
filmed	F IH L M D
filming	F IH L M IH NG
filmmakers	F IH L M EY K ER Z
films	F IH L M Z
filter	F IH L T ER
filtered	F IH L T ER D
filtering	F IH L T ER IH NG
filters	F IH L T ER Z
filth	F IH L TH
filthy	F IH L TH IY
filtration	F IH L T R EY SH AH N
fin	F IH N
final	F AY N AH L
finale	F AH N AE L IY
finally	F AY N AH L IY
finals	F AY N AH L Z
finance	F AH N AE N S
financed	F IH N AE N S T
finances	F IH N AE N S IH Z
financial	F AH N AE N SH AH L
financially	F AH N AE N SH AH L IY
financials	F AY N AE N SH AH L Z
financing	F AH N AE N S IH NG
finch	F IH N CH
find	F AY N D
finder	F AY N D ER
finding	F AY N D IH NG
findings	F AY N D IH NG Z
finds	F AY N D Z
fine	F AY N
fined	F AY N D
finely	F AY N L IY
fines	F AY N Z
finest	F AY N AH S T
finger	F IH NG G ER
fingering	F IH NG G ER IH NG
fingerprint	F IH NG G ER P R IH N T
fingers	F IH NG G ER Z
fingertips	F IH NG G ER T IH P S
finish	F IH N IH SH
finished	F IH N IH SH T
finishes	F IH N IH SH IH Z
finishing	F IH N IH SH IH NG
finite	F AY N AY T
finland	F IH N L AE N D
finn	F IH N
finnish	F IH N IH SH
fins	F IH N Z
fiona	F IY OW N AH
fir	F ER
fire	F AY ER
firearm	F AY ER AA R M
firearms	F AY ER AA R M Z
fired	F AY ER D
firefighter	F AY R F AY T ER
firefighters	F AY ER F AY T ER Z
firefly	F AY ER F L AY
firefox	F AY ER F AO K S
fireplace	F AY ER P L EY S
fireplaces	F AY ER P L EY S AH Z
fires	F AY ER Z
firewall	F AY R W AA L
fireworks	F AY R W ER K S
firing	F AY R IH NG
firm	F ER M
firmly	F ER M L IY
firms	F ER M Z
firmware	F ER M W EH R
first	F ER S T
firstly	F ER S T L IY
fiscal	F IH S K AH L
fischer	F IH SH ER
fish	F IH SH
fisher	F IH SH ER
fisheries	F IH SH ER IY Z
fisherman	F IH SH ER M AE N
fishermen	F IH SH ER M IH N
fishery	F IH SH ER IY
fishes	F IH SH AH Z
fishing	F IH SH IH NG
fission	F IH SH AH N
fist	F IH S T
fit	F IH T
fitness	F IH T N AH S
fits	F IH T S
fitted	F IH T AH D
fitting	F IH T IH NG
fittings	F IH T IH NG Z
fitzgerald	F IH T S JH EH R AH L D
five	F AY V
fix	F IH K S
fixed	F IH K S T
fixes	F IH K S IH Z
fixing	F IH K S IH NG
fixture	F IH K S CH ER
fixtures	F IH K S CH ER Z
fizz	F IH Z
fjord	F Y AO R D
flag	F L AE G
flags	F L AE G Z
flagship	F L AE G SH IH P
flagstaff	F L AE G S T AE F
flair	F L EH R
flame	F L EY M
flames	F L EY M Z
flaming	F L EY M IH NG
flamingo	F L AH M IH NG G OW
flap	F L AE P
flare	F L EH R
flash	F L AE SH
flashers	F L AE SH ER Z
flashes	F L AE SH IH Z
flashing	F L AE SH IH NG
flashlight	F L AE SH L AY T
flat	F L AE T
flatbed	F L AE T B EH D
flats	F L AE T S
flavor	F L EY V ER
flavored	F L EY V ER D
flavors	F L EY V ER Z
flaw	F L AO
flawed	F L AO D
flaws	F L AO Z
flax	F L AE K S
flea	F L IY
fled	F L EH D
flee	F L IY
fleece	F L IY S
fleet	F L IY T
fleming	F L EH M IH NG
flesh	F L EH SH
fletcher	F L EH CH ER
flew	F L UW
flex	F L EH K S
flexibility	F L EH K S AH B IH L AH T IY
flexible	F L EH K S AH B AH L
flick	F L IH K
flickr	F L IH K ER
flies	F L AY Z
flight	F L AY T
flights	F L AY T S
flint	F L IH N T
flip	F L IH P
flirt	F L ER T
float	F L OW T
floating	F L OW T IH NG
flock	F L AA K
floe	F L OW
flood	F L AH D
flooded	F L AH D AH D
flooding	F L AH D IH NG
floods	F L AH D Z
floor	F L AO R
flooring	F L AO R IH NG
floors	F L AO R Z
flop	F L AA P
floppy	F L AA P IY
flora	F L AO R AH
floral	F L AO R AH L
florence	F L AO R AH N S
flores	F L AO R EH Z
florida	F L AO R AH D AH
florist	F L AA R IH S T
florists	F L AO R IH S T S
flour	F L AW ER
flourish	F L ER IH SH
flow	F L OW
flower	F L AW ER
flowering	F L AW ER IH NG
flowers	F L AW ER Z
flowing	F L OW IH NG
flown	F L OW N
flows	F L OW Z
floyd	F L OY D
flu	F L UW
fluctuations	F L AH K CH UW EY SH AH N Z
fluffy	F L AH F IY
fluid	F L UW AH D
fluids	F L UW AH D Z
fluorescence	F L UH R EH S AH N S
fluorescent	F L UH R EH S AH N T
flush	F L AH SH
flushing	F L AH SH IH NG
flute	F L UW T
flux	F L AH K S
fly	F L AY
flyer	F L AY ER
flyers	F L AY ER Z
flying	F L AY IH NG
flynn	F L IH N
flywheel	F L AY W IY L
foam	F OW M
fob	F AO B
focal	F OW K AH L
focus	F OW K AH S
focused	F OW K AH S T
focuses	F OW K AH S IH Z
focusing	F OW K AH S IH NG
fog	F AA G
foia	F OW Y AH
foil	F OY L
fold	F OW L D
folded	F OW L D AH D
folder	F OW L D ER
folders	F OW L D ER Z
folding	F OW L D IH NG
folds	F OW L D Z
foley	F OW L IY
foliage	F OW L IH JH
folio	F OW L IY OW
folk	F OW K
folklore	F OW K L AO R
folks	F OW K S
follow	F AA L OW
followed	F AA L OW D
followers	F AA L OW ER Z
following	F AA L OW IH NG
follows	F AA L OW Z
followup	F AA L OW AH P
fond	F AA N D
font	F AA N T
fonts	F AA N T S
foo	F UW
food	F UW D
foods	F UW D Z
fool	F UW L
foolish	F UW L IH SH
fools	F UW L Z
foot	F UH T
footage	F UH T IH JH
football	F UH T B AO L
footer	F UH T ER
footnote	F UH T N OW T
footnotes	F UH T N OW T S
footprint	F UH T P R IH N T
footwear	F UH T W EH R
for	F AO R
forbes	F AO R B Z
forbidden	F AO R B IH D AH N
force	F AO R S
forced	F AO R S T
forces	F AO R S IH Z
forcing	F AO R S IH NG
ford	F AO R D
fore	F AO R
forecast	F AO R K AE S T
forecasting	F AO R K AE S T IH NG
forecasts	F AO R K AE S T S
foreclosure	F AO R K L OW ZH ER
foreclosures	F AO R K L OW ZH ER Z
forefront	F AO R F R AH N T
foregoing	F AO R G OW IH NG
forehead	F AO R HH EH D
foreign	F AO R AH N
foreigners	F AO R AH N ER Z
foreman	F AO R M AH N
foremost	F AO R M OW S T
forensic	F ER EH N S IH K
forest	F AO R AH S T
forestry	F AO R AH S T R IY
forests	F AO R AH S T S
forever	F ER EH V ER
foreword	F AO R W ER D
forex	F AO R EH K S
forge	F AO R JH
forged	F AO R JH D
forget	F ER G EH T
forgive	F ER G IH V
forgiveness	F ER G IH V N AH S
forgot	F ER G AA T
forgotten	F ER G AA T AH N
fork	F AO R K
forks	F AO R K S
form	F AO R M
forma	F AO R M AH
formal	F AO R M AH L
formally	F AO R M AH L IY
format	F AO R M AE T
formation	F AO R M EY SH AH N
formations	F AO R M EY SH AH N Z
formats	F AO R M AE T S
formatting	F AO R M AE T IH NG
formed	F AO R M D
former	F AO R M ER
formerly	F AO R M ER L IY
forming	F AO R M IH NG
forms	F AO R M Z
formula	F AO R M Y AH L AH
formulas	F AO R M Y AH L AH Z
formulate	F AO R M Y AH L EY T
formulated	F AO R M Y AH L EY T AH D
formulation	F AO R M Y AH L EY SH AH N
forrest	F AO R AH S T
forrester	F AO R AH S T ER
fort	F AO R T
forte	F AO R T EY
forth	F AO R TH
forthcoming	F AO R TH K AH M IH NG
fortress	F AO R T R AH S
fortunate	F AO R CH AH N AH T
fortunately	F AO R CH AH N AH T L IY
fortune	F AO R CH AH N
forty	F AO R T IY
forum	F AO R AH M
forums	F AO R AH M Z
forward	F AO R W ER D
forwarded	F AO R W ER D IH D
forwarding	F AO R W ER D IH NG
forwards	F AO R W ER D Z
fossil	F AA S AH L
fossils	F AA S AH L Z
foster	F AA S T ER
fostering	F AA S T ER IH NG
fought	F AO T
foul	F AW L
found	F AW N D
foundation	F AW N D EY SH AH N
foundations	F AW N D EY SH AH N Z
founded	F AW N D IH D
founder	F AW N D ER
founders	F AW N D ER Z
founding	F AW N D IH NG
foundry	F AW N D R IY
fountain	F AW N T AH N
fountains	F AW N T AH N Z
four	F AO R
fourier	F UH R IY EY
fourteen	F AO R T IY N
fourth	F AO R TH
fowler	F AW L ER
fox	F AA K S
foyer	F OY ER
fractal	F R AE K T AH L
fraction	F R AE K SH AH N
fractional	F R AE K SH AH N AH L
fractions	F R AE K SH AH N Z
fracture	F R AE K CH ER
fractures	F R AE K CH ER Z
fragile	F R AE JH AH L
fragment	F R AE G M AH N T
fragments	F R AE G M AH N T S
fragrance	F R EY G R AH N S
fragrances	F R EY G R AH N S AH Z
frame	F R EY M
framed	F R EY M D
frames	F R EY M Z
framework	F R EY M W ER K
frameworks	F R EY M W ER K S
framing	F R EY M IH NG
fran	F R AE N
franc	F R AE NG K
francais	F R AA N S EY
francaise	F R AA N S EH Z
france	F R AE N S
frances	F R AE N S IH S
francesco	F R AE N CH EH S K OW
franchise	F R AE N CH AY Z
franchises	F R AE N CH AY Z IH Z
franchising	F R AE N CH AY Z IH NG
francis	F R AE N S AH S
francisco	F R AE N S IH S K OW
franco	F R AE NG K OW
francois	F R AA N S W AA
francs	F R AE NG K S
frank	F R AE NG K
frankfurt	F R AE NG K F ER T
frankie	F R AE NG K IY
franklin	F R AE NG K L IH N
frankly	F R AE NG K L IY
franz	F R AE N Z
fraser	F R EY Z ER
fraternity	F R AH T ER N AH T IY
frau	F R AW
fraud	F R AO D
fraudulent	F R AO JH AH L AH N T
fread	F R EH D
freak	F R IY K
freaks	F R IY K S
fred	F R EH D
freddie	F R EH D IY
frederic	F R EH D R IH K
frederick	F R EH D R IH K
free	F R IY
freebies	F R IY B IY Z
freed	F R IY D
freedom	F R IY D AH M
freedoms	F R IY D AH M Z
freelance	F R IY L AE N S
freely	F R IY L IY
freeman	F R IY M AH N
freeport	F R IY P AO R T
freestyle	F R IY S T AY L
freeware	F R IY W EH R
freeway	F R IY W EY
freeze	F R IY Z
freezer	F R IY Z ER
freezers	F R IY Z ER Z
freezing	F R IY Z IH NG
freight	F R EY T
fremont	F R IY M AA N T
french	F R EH N CH
frenzy	F R EH N Z IY
frequencies	F R IY K W AH N S IY Z
frequency	F R IY K W AH N S IY
frequent	F R IY K W AH N T
frequently	F R IY K W AH N T L IY
fresh	F R EH SH
freshly	F R EH SH L IY
freshman	F R EH SH M AH N
freshmen	F R EH SH M IH N
freshwater	F R EH SH W AO T ER
fresno	F R EH Z N OW
frey	F R EY
friction	F R IH K SH AH N
friday	F R AY D IY
fridays	F R AY D IY Z
fridge	F R IH JH
fried	F R AY D
friedman	F R IY D M AH N
friedrich	F R IY D R IH K
friend	F R EH N D
friendly	F R EH N D L IY
friends	F R EH N D Z
friendship	F R EH N D SH IH P
fries	F R AY Z
fringe	F R IH N JH
fritz	F R IH T S
frog	F R AA G
frogs	F R AA G Z
from	F R AH M
frond	F R AA N D
front	F R AH N T
frontal	F R AH N T AH L
frontier	F R AH N T IH R
frontiers	F R AH N T IH R Z
frontline	F R AH N T L AY N
fronts	F R AH N T S
frost	F R AO S T
froth	F R AO TH
frozen	F R OW Z AH N
fruit	F R UW T
fruits	F R UW T S
frustrated	F R AH S T R EY T AH D
frustrating	F R AH S T R EY T IH NG
frustration	F R AH S T R EY SH AH N
fry	F R AY
ftp	EH F T IY P IY
fuck	F AH K
fucked	F AH K T
fuckers	F AH K ER Z
fuckin	F AH K IH N
fucking	F AH K IH NG
fucks	F AH K S
fudge	F AH JH
fuel	F Y UW AH L
fuels	F Y UW AH L Z
fuji	F UW JH IY
fujitsu	F UW JH IH T S UW
fulcrum	F UH L K R AH M
fulfil	F UH L F IH L
fulfill	F UH L F IH L
fulfilled	F UH L F IH L D
fulfilling	F UH L F IH L IH NG
fulfillment	F UH L F IH L M AH N T
full	F UH L
fuller	F UH L ER
fullerton	F UH L ER T AH N
fully	F UH L IY
fulton	F UH L T AH N
fun	F AH N
function	F AH NG K SH AH N
functional	F AH NG K SH AH N AH L
functioning	F AH NG K SH AH N IH NG
functions	F AH NG K SH AH N Z
fund	F AH N D
fundamental	F AH N D AH M EH N T AH L
fundamentals	F AH N D AH M EH N T AH L Z
funded	F AH N D AH D
funding	F AH N D IH NG
fundraiser	F AH N D R EY Z ER
fundraising	F AH N D R EY S IH NG
funds	F AH N D Z
funeral	F Y UW N ER AH L
fungal	F AH NG G AH L
fungi	F AH N JH AY
funk	F AH NG K
funky	F AH NG K IY
funny	F AH N IY
fur	F ER
furious	F Y UH R IY AH S
furnace	F ER N AH S
furnish	F ER N IH SH
furnished	F ER N IH SH T
furnishing	F ER N IH SH IH NG
furnishings	F ER N IH SH IH NG Z
furniture	F ER N IH CH ER
furry	F ER IY
further	F ER DH ER
furthermore	F ER DH ER M AO R
fury	F Y UH R IY
fuse	F Y UW Z
fusion	F Y UW ZH AH N
future	F Y UW CH ER
futures	F Y UW CH ER Z
fuzzy	F AH Z IY
fyi	F AO R Y AO R IH N F ER M EY SH AH N
gable	G EY B AH L
gabon	G AH B AA N
gabriel	G EY B R IY AH L
gadget	G AE JH AH T
gadgets	G AE JH AH T S
gaelic	G EY L IH K
gag	G AE G
gage	G EY JH
gagged	G AE G D
gail	G EY L
gain	G EY N
gained	G EY N D
gainesville	G EY N Z V IH L
gaining	G EY N IH NG
gains	G EY N Z
gal	G AE L
gala	G AE L AH
galactic	G AH L AE K T IH K
galaxies	G AE L AH K S IY Z
galaxy	G AE L AH K S IY
gale	G EY L
galileo	G AE L AH L IY OW
gallagher	G AE L AH G ER
gallant	G AE L AH N T
galleries	G AE L ER IY Z
gallery	G AE L ER IY
gallon	G AE L AH N
gallons	G AE L AH N Z
galloway	G AE L OW W EY
galore	G AH L AO R
gals	G AE L Z
galveston	G AE L V AH S T AH N
galway	G AA L W EY
gambia	G AE M B IY AH
gamble	G AE M B AH L
gambling	G AE M B AH L IH NG
game	G EY M
gameboy	G EY M B OY
gameplay	G EY M P L EY
gamer	G EY M ER
gamers	G EY M ER Z
games	G EY M Z
gaming	G EY M IH NG
gamma	G AE M AH
gan	G AE N
gandhi	G AA N D IY
gang	G AE NG
gangs	G AE NG Z
gannett	G AE N IH T
gao	G AW
gap	G AE P
gaps	G AE P S
garage	G ER AA ZH
garages	G ER AA ZH IH Z
garbage	G AA R B IH JH
garcia	G AA R S IY AH
garde	G AA R D
garden	G AA R D AH N
gardener	G AA R D AH N ER
gardening	G AA R D AH N IH NG
gardens	G AA R D AH N Z
gardner	G AA R D N ER
garfield	G AA R F IY L D
garland	G AA R L AH N D
garlic	G AA R L IH K
garment	G AA R M AH N T
garments	G AA R M AH N T S
garner	G AA R N ER
garnet	G AA R N AH T
garrett	G AE R IH T
garrison	G AE R IH S AH N
garth	G AA R TH
gartner	G AA R T N ER
gary	G EH R IY
gas	G AE S
gases	G AE S AH Z
gasket	G AE S K AH T
gasoline	G AE S AH L IY N
gastric	G AE S T R IH K
gate	G EY T
gates	G EY T S
gateway	G EY T W EY
gateways	G EY T W EY Z
gather	G AE DH ER
gathered	G AE DH ER D
gathering	G AE DH ER IH NG
gatherings	G AE DH ER IH NG Z
gatwick	G AE T W IH K
gauge	G EY JH
gauges	G EY JH AH Z
gaussian	G AW S IY AH N
gauze	G AO Z
gave	G EY V
gavin	G AE V IH N
gay	G EY
gays	G EY Z
gaza	G AA Z AH
gaze	G EY Z
gazebo	G AH Z IY B OW
gazelle	G AH Z EH L
gazette	G AH Z EH T
gdp	G IY D IY P IY
gear	G IH R
geared	G IH R D
gears	G IH R Z
gecko	G EH K OW
ged	G EH D
gee	JH IY
geek	G IY K
geeks	G IY K S
geisha	G EY SH AH
gel	JH EH L
gem	JH EH M
gemini	JH EH M AH N AY
gems	JH EH M Z
gemstone	JH EH M S T OW N
gemstones	JH EH M S T OW N Z
gen	JH EH N
gender	JH EH N D ER
gene	JH IY N
genealogical	JH IY N IY AA L AO JH IH K AH L
genealogy	JH IY N IY AA L AH JH IY
general	JH EH N ER AH L
generalized	JH EH N ER AH L AY Z D
generally	JH EH N ER AH L IY
generals	JH EH N ER AH L Z
generate	JH EH N ER EY T
generated	JH EH N ER EY T AH D
generates	JH EH N ER EY T S
generating	JH EH N ER EY T IH NG
generation	JH EH N ER EY SH AH N
generations	JH EH N ER EY SH AH N Z
generator	JH EH N ER EY T ER
generators	JH EH N ER EY T ER Z
generic	JH AH N EH R IH K
generosity	JH EH N ER AA S AH T IY
generous	JH EH N ER AH S
genes	JH IY N Z
genesis	JH EH N AH S AH S
genetic	JH AH N EH T IH K
genetically	JH AH N EH T IH K L IY
genetics	JH AH N EH T IH K S
geneva	JH AH N IY V AH
genie	JH IY N IY
genital	JH EH N AH T AH L
genius	JH IY N Y AH S
genocide	JH EH N AH S AY D
genome	JH IY N OW M
genomics	JH IY N OW M IH K S
genre	ZH AA N R AH
genres	ZH AA N R AH Z
gentle	JH EH N T AH L
gentleman	JH EH N T AH L M AH N
gentlemen	JH EH N T AH L M IH N
gently	JH EH N T L IY
genuine	JH EH N Y AH W AH N
genuinely	JH EH N Y AH W AH N L IY
genus	JH IY N AH S
geo	JH IY OW
geoff	JH EH F
geoffrey	JH EH F R IY
geographic	JH IY AH G R AE F IH K
geographical	JH IY AH G R AE F IH K AH L
geography	JH IY AA G R AH F IY
geological	JH IY AH L AA JH IH K AH L
geology	JH IY AA L AH JH IY
geometric	JH IY AH M EH T R IH K
geometry	JH IY AA M AH T R IY
geophysical	JH IY OW F IH Z AH K AH L
georg	G EY AO R G
george	JH AO R JH
georges	JH AO R JH AH Z
georgetown	JH AO R JH T AW N
georgia	JH AO R JH AH
georgian	JH AO R JH AH N
gerald	JH EH R AH L D
gerard	JH ER AA R D
german	JH ER M AH N
germans	JH ER M AH N Z
germany	JH ER M AH N IY
gerry	JH EH R IY
gesture	JH EH S CH ER
get	G EH T
getaway	G EH T AH W EY
getaways	G EH T AH W EY Z
gets	G EH T S
getting	G EH T IH NG
getty	G EH T IY
geyser	G AY Z ER
ghana	G AE N AH
ghetto	G EH T OW
ghost	G OW S T
ghosts	G OW S T S
giant	JH AY AH N T
giants	JH AY AH N T S
gibbs	G IH B Z
gibraltar	JH IH B R AO L T ER
gibson	G IH B S AH N
gift	G IH F T
gifted	G IH F T AH D
gifts	G IH F T S
gig	G IH G
gigabyte	G IH G AH B AY T
gigantic	JH AY G AE N T IH K
gigs	G IH G Z
gil	G IH L
gilbert	G IH L B ER T
giles	JH AY L Z
gill	G IH L
gilmore	G IH L M AO R
gilt	G IH L T
gin	JH IH N
gina	JH IY N AH
ginger	JH IH N JH ER
giorgio	JH AO R JH IY OW
giovanni	JH IY OW V AA N IY
girder	G ER D ER
girl	G ER L
girlfriend	G ER L F R EH N D
girls	G ER L Z
give	G IH V
given	G IH V AH N
gives	G IH V Z
giving	G IH V IH NG
glacier	G L EY SH ER
glad	G L AE D
glade	G L EY D
gladly	G L AE D L IY
glamour	G L AE M ER
glance	G L AE N S
gland	G L AE N D
glasgow	G L AE S K OW
glass	G L AE S
glasses	G L AE S AH Z
glassware	G L AE S W EH R
glaze	G L EY Z
glazed	G L EY Z D
glazing	G L EY Z IH NG
gleam	G L IY M
gleaming	G L IY M IH NG
glen	G L EH N
glendale	G L EH N D EY L
glenn	G L EH N
glide	G L AY D
glimpse	G L IH M P S
glint	G L IH N T
glitter	G L IH T ER
global	G L OW B AH L
globally	G L OW B AH L IY
globe	G L OW B
globes	G L OW B Z
gloria	G L AO R IY AH
glorious	G L AO R IY AH S
glory	G L AO R IY
gloss	G L AO S
glossary	G L AO S ER IY
glossy	G L AO S IY
gloucester	G L AA S T ER
glove	G L AH V
gloves	G L AH V Z
glow	G L OW
glowing	G L OW IH NG
glucose	G L UW K OW S
glue	G L UW
gmail	JH IY M EY L
gmbh	G AH M
gnome	N OW M
gnu	N UW
goa	G OW AH
goal	G OW L
goals	G OW L Z
goat	G OW T
goats	G OW T S
goblet	G AA B L AH T
god	G AA D
goddess	G AA D AH S
godfather	G AA D F AA DH ER
gods	G AA D Z
goes	G OW Z
goggles	G AA G AH L Z
goin	G OY N
going	G OW IH NG
gold	G OW L D
goldberg	G OW L D B ER G
golden	G OW L D AH N
goldman	G OW L D M AH N
goldstein	G OW L D S T AY N
golem	G OW L AH M
golf	G AA L F
golfers	G AA L F ER Z
golfing	G AA L F IH NG
gomez	G OW M EH Z
gone	G AO N
gong	G AO NG
gonna	G AA N AH
gonzales	G AA N Z AA L AH S
gonzalez	G AA N Z AA L AH Z
goo	G UW
good	G UH D
goodbye	G UH D B AY
goodies	G UH D IY Z
goodman	G UH D M AH N
goodness	G UH D N AH S
goods	G UH D Z
goodwill	G UH D W IH L
goodwin	G UH D W IH N
google	G UW G AH L
goose	G UW S
gordon	G AO R D AH N
gore	G AO R
gorge	G AO R JH
gorgeous	G AO R JH AH S
gorilla	G ER IH L AH
gospel	G AA S P AH L
gossip	G AA S AH P
got	G AA T
goth	G AA TH
gothic	G AA TH IH K
goto	G OW T UW
gotta	G AA T AH
gotten	G AA T AH N
gould	G UW L D
gourmet	G UH R M EY
gov	G AH V
govern	G AH V ER N
governance	G AH V ER N AH N S
governed	G AH V ER N D
governing	G AH V ER N IH NG
government	G AH V ER M AH N T
governmental	G AH V ER M EH N T AH L
governments	G AH V ER M AH N T S
governor	G AH V ER N ER
governors	G AH V ER N ER Z
gown	G AW N
gowns	G AW N Z
gps	G IY P IY EH S
grab	G R AE B
grabbed	G R AE B D
grabs	G R AE B Z
grace	G R EY S
graceful	G R EY S F AH L
gracious	G R EY SH AH S
grad	G R AE D
grade	G R EY D
graded	G R EY D AH D
graders	G R EY D ER Z
grades	G R EY D Z
gradient	G R EY D IY AH N T
grading	G R EY D IH NG
gradual	G R AE JH UW AH L
gradually	G R AE JH UW AH L IY
graduate	G R AE JH AH W AH T
graduated	G R AE JH UW EY T IH D
graduates	G R AE JH AH W AH T S
graduating	G R AE JH AH W EY T IH NG
graduation	G R AE JH UW EY SH AH N
graffiti	G R AH F IY T IY
grafton	G R AE F T AH N
graham	G R EY AH M
grain	G R EY N
grains	G R EY N Z
gram	G R AE M
grammar	G R AE M ER
grams	G R AE M Z
gran	G R AE N
granada	G R AH N AA D AH
grand	G R AE N D
grande	G R AE N D
grandfather	G R AE N D F AA DH ER
grandma	G R AE N D M AA
grandmother	G R AE N D M AH DH ER
grandparents	G R AE N D P EH R AH N T S
grange	G R EY N JH
granite	G R AE N AH T
granny	G R AE N IY
grant	G R AE N T
granted	G R AE N T AH D
granting	G R AE N T IH NG
grants	G R AE N T S
grape	G R EY P
grapes	G R EY P S
graph	G R AE F
graphic	G R AE F IH K
graphical	G R AE F IH K AH L
graphics	G R AE F IH K S
graphite	G R AE F AY T
graphs	G R AE F S
gras	G R AE S
grasp	G R AE S P
grass	G R AE S
grassroots	G R AE S R UW T S
grateful	G R EY T F AH L
gratis	G R AE T AH S
gratitude	G R AE T AH T UW D
grave	G R EY V
gravel	G R AE V AH L
graves	G R EY V Z
gravity	G R AE V AH T IY
gray	G R EY
grazing	G R EY Z IH NG
grease	G R IY S
great	G R EY T
greater	G R EY T ER
greatest	G R EY T AH S T
greatly	G R EY T L IY
greece	G R IY S
greed	G R IY D
greedy	G R IY D IY
greek	G R IY K
greeks	G R IY K S
green	G R IY N
greenberg	G R IY N B ER G
greene	G R IY N
greenfield	G R IY N F IY L D
greenhouse	G R IY N HH AW S
greenland	G R IY N L AH N D
greens	G R IY N Z
greensboro	G R IY N Z B ER R OW
greenville	G R IY N V IH L
greenwich	G R EH N IH CH
greenwood	G R IY N W UH D
greet	G R IY T
greeted	G R IY T AH D
greeting	G R IY T IH NG
greetings	G R IY T IH NG Z
greg	G R EH G
gregg	G R EH G
gregory	G R EH G ER IY
grenada	G R IH N EY D AH
grew	G R UW
grey	G R EY
greyhound	G R EY HH AW N D
grid	G R IH D
grief	G R IY F
grievance	G R IY V AH N S
griffin	G R IH F IH N
griffith	G R IH F AH TH
grill	G R IH L
grille	G R IH L
grilled	G R IH L D
grills	G R IH L Z
grim	G R IH M
grin	G R IH N
grind	G R AY N D
grinder	G R AY N D ER
grinding	G R AY N D IH NG
grip	G R IH P
grips	G R IH P S
grit	G R IH T
grizzly	G R IH Z L IY
groceries	G R OW S ER IY Z
grocery	G R OW S ER IY
groom	G R UW M
grooming	G R UW M IH NG
groove	G R UW V
groovy	G R UW V IY
gross	G R OW S
grotto	G R AA T OW
ground	G R AW N D
grounded	G R AW N D IH D
grounds	G R AW N D Z
groundwater	G R AW N D W AA T ER
group	G R UW P
grouped	G R UW P T
grouping	G R UW P IH NG
groups	G R UW P S
grove	G R OW V
grow	G R OW
grower	G R OW ER
growers	G R OW ER Z
growing	G R OW IH NG
grown	G R OW N
grows	G R OW Z
growth	G R OW TH
guadeloupe	G W AA D AH L UW P
guam	G W AA M
guarantee	G EH R AH N T IY
guaranteed	G EH R AH N T IY D
guarantees	G EH R AH N T IY Z
guard	G AA R D
guardian	G AA R D IY AH N
guardians	G AA R D IY AH N Z
guards	G AA R D Z
guatemala	G W AA T AH M AA L AH
gucci	G UW CH IY
guernsey	G ER N Z IY
guess	G EH S
guessing	G EH S IH NG
guest	G EH S T
guests	G EH S T S
guiana	G IY AA N AH
guidance	G AY D AH N S
guide	G AY D
guidebook	G AY D B UH K
guided	G AY D AH D
guideline	G AY D L AY N
guidelines	G AY D L AY N Z
guides	G AY D Z
guiding	G AY D IH NG
guild	G IH L D
guilt	G IH L T
guilty	G IH L T IY
guinea	G IH N IY
guinness	G IH N AH S
guitar	G IH T AA R
guitarist	G IH T AA R IH S T
guitars	G IH T AA R Z
gulch	G AH L CH
gulf	G AH L F
gull	G AH L
gum	G AH M
gun	G AH N
guns	G AH N Z
gupta	G UH P T AH
guru	G UW R UW
gus	G AH S
gust	G AH S T
gut	G AH T
gutenberg	G UW T AH N B ER G
guts	G AH T S
guy	G AY
guyana	G AY AA N AH
guys	G AY Z
gwen	G W EH N
gym	JH IH M
gymnastics	JH IH M N AE S T IH K S
gyms	JH IH M Z
gypsy	JH IH P S IY
gyro	JH AY R OW
haas	HH AA S
habit	HH AE B AH T
habitat	HH AE B AH T AE T
habitats	HH AE B AH T AE T S
habits	HH AE B AH T S
hack	HH AE K
hacked	HH AE K T
hacker	HH AE K ER
hackers	HH AE K ER Z
hacking	HH AE K IH NG
hacks	HH AE K S
had	HH AE D
hague	HH EY G
hahn	HH AA N
hail	HH EY L
hair	HH EH R
haired	HH EH R D
hairy	HH EH R IY
haiti	HH EY T IY
haitian	HH EY SH AH N
hal	HH AE L
hale	HH EY L
half	HH AE F
halfway	HH AE F W EY
halifax	HH AE L IH F AE K S
hall	HH AO L
hallmark	HH AA L M AA R K
halloween	HH AE L AH W IY N
halls	HH AO L Z
halo	HH EY L OW
halogen	HH AE L AH JH AH N
halt	HH AO L T
ham	HH AE M
hama	HH AA M AH
hamas	HH AA M AA S
hamburg	HH AE M B ER G
hamilton	HH AE M AH L T AH N
hamlet	HH AE M L AH T
hammer	HH AE M ER
hammond	HH AE M AH N D
hampshire	HH AE M P SH ER
hampton	HH AE M P T AH N
han	HH AA N
hancock	HH AE N K AA K
hand	HH AE N D
handbag	HH AE N D B AE G
handbags	HH AE N D B AE G Z
handbook	HH AE N D B UH K
handcrafted	HH AE N D K R AE F T IH D
handed	HH AE N D AH D
handel	HH AE N D AH L
handful	HH AE N D F UH L
handheld	HH AE N D HH EH L D
handicap	HH AE N D IY K AE P
handicapped	HH AE N D IY K AE P T
handle	HH AE N D AH L
handled	HH AE N D AH L D
handler	HH AE N D L ER
handlers	HH AE N D L ER Z
handles	HH AE N D AH L Z
handling	HH AE N D L IH NG
handmade	HH AE N D M EY D
handouts	HH AE N D AW T S
hands	HH AE N D Z
handset	HH AE N D S EH T
handsets	HH AE N D S EH T S
handsome	HH AE N S AH M
handwriting	HH AE N D R AY T IH NG
handy	HH AE N D IY
hang	HH AE NG
hanger	HH AE NG ER
hanging	HH AE NG IH NG
hangs	HH AE NG Z
hank	HH AE NG K
hanna	HH AE N AH
hannah	HH AE N AH
hanoi	HH AE N OY
hanover	HH AE N OW V ER
hans	HH AA N S
hansard	HH AE N S ER D
hansen	HH AE N S AH N
hanson	HH AE N S AH N
happen	HH AE P AH N
happened	HH AE P AH N D
happening	HH AE P AH N IH NG
happenings	HH AE P AH N IH NG Z
happens	HH AE P AH N Z
happier	HH AE P IY ER
happily	HH AE P AH L IY
happiness	HH AE P IY N AH S
happy	HH AE P IY
har	HH AA R
harassment	HH ER AE S M AH N T
harbor	HH AA R B ER
harbour	HH AA R B ER
hard	HH AA R D
hardback	HH AA R D B AE K
hardcore	HH AA R D K AO R
hardcover	HH AA R D K AH V ER
harder	HH AA R D ER
hardest	HH AA R D AH S T
harding	HH AA R D IH NG
hardly	HH AA R D L IY
hardship	HH AA R D SH IH P
hardware	HH AA R D W EH R
hardwood	HH AA R D W UH D
hardy	HH AA R D IY
hare	HH EH R
harlem	HH AA R L AH M
harley	HH AA R L IY
harm	HH AA R M
harman	HH AA R M AH N
harmful	HH AA R M F AH L
harmless	HH AA R M L AH S
harmonic	HH AA R M AA N IH K
harmony	HH AA R M AH N IY
harness	HH AA R N AH S
harold	HH EH R AH L D
harp	HH AA R P
harper	HH AA R P ER
harriet	HH EH R IY AH T
harrington	HH EH R IH NG T AH N
harris	HH EH R IH S
harrisburg	HH AE R IH S B ER G
harrison	HH EH R IH S AH N
harry	HH EH R IY
harsh	HH AA R SH
hart	HH AA R T
hartford	HH AA R T F ER D
hartley	HH AA R T L IY
harvard	HH AA R V ER D
harvest	HH AA R V AH S T
harvested	HH AA R V AH S T IH D
harvesting	HH AA R V AH S T IH NG
harvey	HH AA R V IY
has	HH AE Z
hasbro	HH AE Z B R OW
hash	HH AE SH
hassle	HH AE S AH L
hast	HH AE S T
hastings	HH EY S T IH NG Z
hat	HH AE T
hatch	HH AE CH
hatchback	HH AE CH B AE K
hate	HH EY T
hated	HH EY T AH D
hates	HH EY T S
hath	HH AE TH
hatred	HH EY T R AH D
hats	HH AE T S
haul	HH AO L
haunted	HH AO N T IH D
haute	HH OW T
havana	HH AH V AE N AH
have	HH AE V
haven	HH EY V AH N
having	HH AE V IH NG
havoc	HH AE V AH K
hawaii	HH AH W AY IY
hawaiian	HH AH W AY AH N
hawk	HH AO K
hawkins	HH AO K IH N Z
hawks	HH AO K S
hawthorne	HH AO TH AO R N
hay	HH EY
hayden	HH EY D AH N
hayes	HH EY Z
haynes	HH EY N Z
hays	HH EY Z
hayward	HH EY W ER D
hazard	HH AE Z ER D
hazardous	HH AE Z ER D AH S
hazards	HH AE Z ER D Z
haze	HH EY Z
hazel	HH EY Z AH L
hbo	EY CH B IY OW
head	HH EH D
headache	HH EH D EY K
headaches	HH EH D EY K S
headed	HH EH D AH D
header	HH EH D ER
headers	HH EH D ER Z
heading	HH EH D IH NG
headings	HH EH D IH NG Z
headlights	HH EH D L AY T S
headline	HH EH D L AY N
headlines	HH EH D L AY N Z
headphone	HH EH D F OW N
headphones	HH EH D F OW N Z
headquarters	HH EH D K W AO R T ER Z
heads	HH EH D Z
headset	HH EH D S EH T
headsets	HH EH D S EH T S
heal	HH IY L
healing	HH IY L IH NG
health	HH EH L TH
healthcare	HH EH L TH K EH R
healthier	HH EH L TH IY ER
healthy	HH EH L TH IY
heap	HH IY P
hear	HH IY R
heard	HH ER D
hearing	HH IY R IH NG
hearings	HH IY R IH NG Z
hears	HH IY R Z
heart	HH AA R T
heartbeat	HH AA R T B IY T
hearted	HH AA R T AH D
hearth	HH AA R TH
heartland	HH AA R T L AE N D
hearts	HH AA R T S
hearty	HH AA R T IY
heat	HH IY T
heated	HH IY T AH D
heater	HH IY T ER
heaters	HH IY T ER Z
heath	HH IY TH
heather	HH EH DH ER
heathrow	HH IY TH R OW
heating	HH IY T IH NG
heaven	HH EH V AH N
heavenly	HH EH V AH N L IY
heavens	HH EH V AH N Z
heavier	HH EH V IY ER
heavily	HH EH V AH L IY
heavy	HH EH V IY
heavyweight	HH EH V IY W EY T
hebrew	HH IY B R UW
hebrews	HH IY B R UW Z
heck	HH EH K
hectares	HH EH K T AA R Z
hector	HH EH K T ER
hedge	HH EH JH
hee	HH IY
heel	HH IY L
heels	HH IY L Z
heh	HH EH
heidelberg	HH AY D AH L B ER G
heidi	HH AY D IY
height	HH AY T
heights	HH AY T S
heinz	HH AY N Z
held	HH EH L D
helen	HH EH L AH N
helena	HH EH L AH N AH
helicopter	HH EH L IH K AA P T ER
helicopters	HH EH L IH K AA P T ER Z
helium	HH IY L IY AH M
helix	HH IY L IH K S
hell	HH EH L
hello	HH AH L OW
helm	HH EH L M
helmet	HH EH L M AH T
helmets	HH EH L M AH T S
help	HH EH L P
helped	HH EH L P T
helper	HH EH L P ER
helpers	HH EH L P ER Z
helpful	HH EH L P F AH L
helping	HH EH L P IH NG
helpless	HH EH L P L AH S
helps	HH EH L P S
helsinki	HH EH L S IH NG K IY
hem	HH EH M
hemisphere	HH EH M IH S F IH R
hemp	HH EH M P
hen	HH EH N
hence	HH EH N S
henderson	HH EH N D ER S AH N
hendrix	HH EH N D R IH K S
henna	HH EH N AH
henri	HH EH N R IY
henry	HH EH N R IY
hep	HH EH P
hepatitis	HH EH P AH T AY T AH S
her	HH ER
herald	HH EH R AH L D
herb	ER B
herbal	ER B AH L
herbert	HH ER B ER T
herbs	ER B Z
hercules	HH ER K Y AH L IY Z
herd	HH ER D
here	HH IY R
hereafter	HH IH R AE F T ER
hereby	HH IH R B AY
hereford	HH EH R AH F ER D
herein	HH IH R IH N
heritage	HH EH R AH T AH JH
herman	HH ER M AH N
hernandez	HH ER N AE N D EH Z
hero	HH IH R OW
heroes	HH IH R OW Z
heroic	HH IH R OW IH K
heroin	HH EH R OW AH N
heron	HH EH R AH N
herpes	HH ER P IY Z
herring	HH EH R IH NG
hers	HH ER Z
herself	HH ER S EH L F
hershey	HH ER SH IY
hertz	HH EH R T S
herzegovina	HH EH R T S AH G OW V IY N AH
hesitate	HH EH Z AH T EY T
hess	HH EH S
hewitt	HH Y UW IH T
hewlett	HH Y UW L IH T
hex	HH EH K S
hey	HH EY
hgh	EY CH JH IY EY CH
hickory	HH IH K ER IY
hicks	HH IH K S
hid	HH IH D
hidden	HH IH D AH N
hide	HH AY D
hides	HH AY D Z
hiding	HH AY D IH NG
hier	HH AY ER
hierarchical	HH AY R AA R K AH K AH L
hierarchy	HH AY ER AA R K IY
higgins	HH IH G IH N Z
high	HH AY
higher	HH AY ER
highest	HH AY AH S T
highland	HH AY L AH N D
highlands	HH AY L AH N D Z
highlight	HH AY L AY T
highlighted	HH AY L AY T IH D
highlighting	HH AY L AY T IH NG
highlights	HH AY L AY T S
highly	HH AY L IY
highs	HH AY Z
highway	HH AY W EY
highways	HH AY W EY Z
hike	HH AY K
hiking	HH AY K IH NG
hilarious	HH IH L EH R IY AH S
hilary	HH IH L ER IY
hilfiger	HH IH L F AY G ER
hill	HH IH L
hillary	HH IH L ER IY
hills	HH IH L Z
hillside	HH IH L S AY D
hilton	HH IH L T AH N
him	HH IH M
himself	HH IH M S EH L F
hindi	HH IH N D IY
hindu	HH IH N D UW
hinge	HH IH N JH
hinges	HH IH N JH IH Z
hint	HH IH N T
hints	HH IH N T S
hip	HH IH P
hips	HH IH P S
hire	HH AY ER
hired	HH AY ER D
hires	HH AY ER Z
hiring	HH AY R IH NG
his	HH IH Z
hispanic	HH IH S P AE N IH K
historian	HH IH S T AO R IY AH N
historians	HH IH S T AO R IY AH N Z
historic	HH IH S T AO R IH K
historical	HH IH S T AO R IH K AH L
historically	HH IH S T AO R IH K AH L IY
histories	HH IH S T ER IY Z
history	HH IH S T ER IY
hit	HH IH T
hitachi	HH IH T AA CH IY
hitch	HH IH CH
hitchcock	HH IH CH K AA K
hitler	HH IH T L ER
hits	HH IH T S
hitting	HH IH T IH NG
hiv	EY CH AY V IY
hive	HH AY V
hmm	HH M
hmmm	HH M
hobart	HH OW B AA R T
hobbies	HH AA B IY Z
hobbs	HH AA B Z
hobby	HH AA B IY
hoc	HH AA K
hockey	HH AA K IY
hoffman	HH AO F M AH N
hog	HH AA G
hogan	HH OW G AA N
hold	HH OW L D
holden	HH OW L D AH N
holder	HH OW L D ER
holders	HH OW L D ER Z
holding	HH OW L D IH NG
holdings	HH OW L D IH NG Z
holds	HH OW L D Z
hole	HH OW L
holes	HH OW L Z
holiday	HH AA L AH D EY
holidays	HH AA L AH D EY Z
holistic	HH OW L IH S T IH K
holland	HH AA L AH N D
hollow	HH AA L OW
holloway	HH AA L OW W EY
holly	HH AA L IY
hollywood	HH AA L IY W UH D
holmes	HH OW M Z
holocaust	HH AA L AH K AO S T
holster	HH OW L S T ER
holt	HH OW L T
holy	HH OW L IY
home	HH OW M
homecoming	HH OW M K AH M IH NG
homeland	HH OW M L AE N D
homeless	HH OW M L AH S
homelessness	HH OW M L AH S N AH S
homemade	HH OW M M EY D
homeowner	HH OW M OW N ER
homeowners	HH OW M OW N ER Z
homepage	HH OW M P EY JH
homer	HH OW M ER
homes	HH OW M Z
homestead	HH OW M S T EH D
hometown	HH OW M T AW N
homework	HH OW M W ER K
homicide	HH AA M AH S AY D
homme	HH AA M
homo	HH OW M OW
homogeneous	HH OW M AH JH IY N IY AH S
homosexual	HH OW M OW S EH K SH AH W AH L
hon	HH AA N
honda	HH AO N D AH
honduras	HH AA N D UH R AH S
hone	HH OW N
honest	AA N AH S T
honestly	AA N AH S T L IY
honesty	AA N AH S T IY
honey	HH AH N IY
honeymoon	HH AH N IY M UW N
hong	HH AO NG
honolulu	HH AA N AH L UW L UW
honor	AA N ER
honorable	AA N ER AH B AH L
honorary	AA N ER EH R IY
honored	AA N ER D
honors	AA N ER Z
honour	AA N ER
honourable	AA N ER AH B AH L
hood	HH UH D
hooded	HH UH D IH D
hoods	HH UH D Z
hook	HH UH K
hooked	HH UH K T
hooker	HH UH K ER
hooks	HH UH K S
hoop	HH UW P
hoops	HH UW P S
hoover	HH UW V ER
hop	HH AA P
hope	HH OW P
hoped	HH OW P T
hopeful	HH OW P F AH L
hopefully	HH OW P F AH L IY
hopes	HH OW P S
hoping	HH OW P IH NG
hopkins	HH AA P K IH N Z
hopper	HH AA P ER
hops	HH AA P S
horde	HH AO R D
horizon	HH ER AY Z AH N
horizons	HH ER AY Z AH N Z
horizontal	HH AO R AH Z AA N T AH L
hormone	HH AO R M OW N
hormones	HH AO R M OW N Z
horn	HH AO R N
hornet	HH AO R N IH T
horns	HH AO R N Z
horny	HH AO R N IY
horoscope	HH AO R AH S K OW P
horoscopes	HH AO R AH S K OW P S
horrible	HH AO R AH B AH L
horror	HH AO R ER
horse	HH AO R S
horseback	HH AO R S B AE K
horsepower	HH AO R S P AW ER
horses	HH AO R S AH Z
horticulture	HH AO R T IH K AH L CH ER
horton	HH AO R T AH N
hose	HH OW Z
hospice	HH AA S P AH S
hospital	HH AA S P IH T AH L
hospitality	HH AA S P AH T AE L AH T IY
hospitals	HH AA S P IH T AH L Z
host	HH OW S T
hostage	HH AA S T IH JH
hosted	HH OW S T IH D
hostel	HH AA S T AH L
hostels	HH AA S T AH L Z
hostile	HH AA S T AH L
hosting	HH OW S T IH NG
hosts	HH OW S T S
hot	HH AA T
hotel	HH OW T EH L
hotels	HH OW T EH L Z
hotline	HH AA T L AY N
hotmail	HH AA T M EY L
hotspot	HH AA T S P AA T
hottest	HH AA T AH S T
hotwire	HH AA T W AY ER
houghton	HH AO T AH N
hound	HH AW N D
hour	AW ER
hourly	AW R L IY
hours	AW ER Z
house	HH AW S
housed	HH AW Z D
household	HH AW S HH OW L D
householder	HH AW S HH OW L D ER
households	HH AW S HH OW L D Z
housekeeping	HH AW S K IY P IH NG
houses	HH AW S AH Z
housewares	HH AW S W EH R Z
housewife	HH AW S W AY F
housewives	HH AW S W AY V Z
housing	HH AW Z IH NG
houston	HH Y UW S T AH N
how	HH AW
howard	HH AW ER D
howe	HH AW
howell	HH AW AH L
however	HH AW EH V ER
hsbc	EY CH EH S B IY S IY
html	EY CH T IY EH M EH L
http	EY CH T IY T IY P IY
hua	HH UW AH
huang	HH W AE NG
hub	HH AH B
hubbard	HH AH B ER D
hubs	HH AH B Z
hud	HH AH D
hudson	HH AH D S AH N
hue	HH Y UW
hug	HH AH G
huge	HH Y UW JH
hugh	HH Y UW
hughes	HH Y UW Z
hugo	HH Y UW G OW
hugs	HH AH G Z
huh	HH AH
hulk	HH AH L K
hull	HH AH L
hum	HH AH M
human	HH Y UW M AH N
humane	HH Y UW M EY N
humanitarian	HH Y UW M AE N AH T EH R IY AH N
humanities	HH Y UW M AE N IH T IY Z
humanity	HH Y UW M AE N IH T IY
humans	HH Y UW M AH N Z
humble	HH AH M B AH L
humboldt	HH AH M B OW L T
humidity	HH Y UW M IH D AH T IY
humiliation	HH Y UW M IH L IY EY SH AH N
hummer	HH AH M ER
humor	HH Y UW M ER
humorous	HH Y UW M ER AH S
humour	HH Y UW M ER
humphrey	HH AH M F R IY
hun	HH AH N
hundred	HH AH N D R AH D
hundreds	HH AH N D R AH D Z
hung	HH AH NG
hungarian	HH AH NG G EH R IY AH N
hungary	HH AH NG G ER IY
hunger	HH AH NG G ER
hungry	HH AH NG G R IY
hunk	HH AH NG K
hunks	HH AH NG K S
hunt	HH AH N T
hunter	HH AH N T ER
hunters	HH AH N T ER Z
hunting	HH AH N T IH NG
huntington	HH AH N T IH NG T AH N
huntsville	HH AH N T S V IH L
hurdle	HH ER D AH L
hurley	HH ER L IY
huron	HH Y UW R AA N
hurricane	HH ER AH K EY N
hurricanes	HH ER AH K EY N Z
hurry	HH ER IY
hurt	HH ER T
hurting	HH ER T IH NG
hurts	HH ER T S
husband	HH AH Z B AH N D
husbands	HH AH Z B AH N D Z
hush	HH AH SH
husky	HH AH S K IY
hussein	HH UW S EY N
hustle	HH AH S AH L
hustler	HH AH S AH L ER
hut	HH AH T
hutchinson	HH AH CH IH N S AH N
hyatt	HH AY AH T
hybrid	HH AY B R AH D
hyde	HH AY D
hyderabad	HH AY D EH R AH B AE D
hydraulic	HH AY D R AO L IH K
hydro	HH AY D R OW
hydrogen	HH AY D R AH JH AH N
hygiene	HH AY JH IY N
hymn	HH IH M
hype	HH AY P
hyper	HH AY P ER
hyperlink	HH AY P ER L IH NG K
hypertension	HH AY P ER T EH N SH AH N
hypertext	HH AY P ER T EH K S T
hypnosis	HH IH P N OW S AH S
hypotheses	HH AY P AA TH AH S IY Z
hypothesis	HH AY P AA TH AH S AH S
hypothetical	HH AY P AH TH EH T AH K AH L
hyundai	HH Y AH N D EY
ian	IY AH N
ibex	AY B EH K S
ibid	IH B IH D
ibis	AY B AH S
ibiza	IY B IY Z AH
ibm	AY B IY EH M
ibn	IH B AH N
ice	AY S
iceland	AY S L AH N D
icelandic	AY S L AE N D IH K
ich	IH CH
icon	AY K AA N
icons	AY K AA N Z
ida	AY D AH
idaho	AY D AH HH OW
ide	AY D
idea	AY D IY AH
ideal	AY D IY L
ideally	AY D IY L IY
ideals	AY D IY L Z
ideas	AY D IY AH Z
identical	AY D EH N T IH K AH L
identifiable	AY D EH N T AH F AY AH B AH L
identified	AY D EH N T AH F AY D
identifier	AY D EH N T AH F AY ER
identifiers	AY D EH N AH F AY ER Z
identifies	AY D EH N T AH F AY Z
identify	AY D EH N T AH F AY
identifying	AY D EH N T AH F AY IH NG
identities	AY D EH N T IH T IY Z
identity	AY D EH N T IH T IY
ideological	AY D IY AH L AA JH IH K AH L
ideology	AY D IY AA L AH JH IY
idiot	IH D IY AH T
idiots	IH D IY AH T S
idle	AY D AH L
idol	AY D AH L
ids	AY D IY Z
ieee	AY T R IH P L AH IY
ifs	IH F S
ignite	IH G N AY T
ignition	IH G N IH SH AH N
ignorance	IH G N ER AH N S
ignorant	IH G N ER AH N T
ignore	IH G N AO R
ignored	IH G N AO R D
ignoring	IH G N AO R IH NG
igor	IH G AO R
iguana	AY G W AA N AH
ill	IH L
illegal	IH L IY G AH L
illegally	IH L IY G AH L IY
illicit	IH L IH S AH T
illinois	IH L AH N OY
illness	IH L N AH S
illnesses	IH L N AH S IH Z
illuminated	IH L UW M AH N EY T AH D
illumination	IH L UW M AH N EY SH AH N
illusion	IH L UW ZH AH N
illusions	IH L UW ZH AH N Z
illustrate	IH L AH S T R EY T
illustrated	IH L AH S T R EY T AH D
illustrates	IH L AH S T R EY T S
illustration	IH L AH S T R EY SH AH N
illustrator	IH L AH S T R EY T ER
ilo	AY L OW
image	IH M AH JH
imagery	IH M AH JH R IY
images	IH M AH JH AH Z
imaginary	IH M AE JH AH N EH R IY
imagination	IH M AE JH AH N EY SH AH N
imaginative	IH M AE JH AH N AH T IH V
imagine	IH M AE JH AH N
imagined	IH M AE JH AH N D
imaging	IH M IH JH IH NG
imitation	IH M AH T EY SH AH N
immediate	IH M IY D IY AH T
immediately	IH M IY D IY AH T L IY
immense	IH M EH N S
immersion	IH M ER ZH AH N
immigrant	IH M AH G R AH N T
immigrants	IH M AH G R AH N T S
immigration	IH M AH G R EY SH AH N
imminent	IH M AH N AH N T
immortal	IH M AO R T AH L
immune	IH M Y UW N
immunity	IH M Y UW N AH T IY
immunization	IH M Y UW N AH Z EY SH AH N
immunology	IH M Y UW N AA L AH JH IY
imo	AY M OW
imp	IH M P
impact	IH M P AE K T
impacted	IH M P AE K T IH D
impacts	IH M P AE K T S
impaired	IH M P EH R D
impairment	IH M P EH R M AH N T
impala	IH M P AA L AH
impartial	IH M P AA R SH AH L
impedance	IH M P IY D AH N S
imperative	IH M P EH R AH T IH V
imperial	IH M P IH R IY AH L
implant	IH M P L AE N T
implants	IH M P L AE N T S
implement	IH M P L AH M AH N T
implemented	IH M P L AH M EH N T AH D
implementing	IH M P L AH M EH N T IH NG
implements	IH M P L AH M AH N T S
implication	IH M P L AH K EY SH AH N
implications	IH M P L AH K EY SH AH N Z
implicit	IH M P L IH S AH T
implied	IH M P L AY D
implies	IH M P L AY Z
imply	IH M P L AY
import	IH M P AO R T
importance	IH M P AO R T AH N S
important	IH M P AO R T AH N T
importantly	IH M P AO R T AH N T L IY
imported	IH M P AO R T IH D
importer	IH M P AO R T ER
importers	IH M P AO R T ER Z
importing	IH M P AO R T IH NG
imports	IH M P AO R T S
impose	IH M P OW Z
imposed	IH M P OW Z D
imposing	IH M P OW Z IH NG
impossible	IH M P AA S AH B AH L
impotence	IH M P AH T AH N S
impress	IH M P R EH S
impressed	IH M P R EH S T
impression	IH M P R EH SH AH N
impressions	IH M P R EH SH AH N Z
impressive	IH M P R EH S IH V
imprint	IH M P R IH N T
imprisonment	IH M P R IH Z AH N M AH N T
improper	IH M P R AA P ER
improve	IH M P R UW V
improved	IH M P R UW V D
improvement	IH M P R UW V M AH N T
improvements	IH M P R UW V M AH N T S
improves	IH M P R UW V Z
improving	IH M P R UW V IH NG
impulse	IH M P AH L S
inability	IH N AH B IH L IH T IY
inaccuracies	IH N AE K Y ER AE S IY Z
inaccurate	IH N AE K Y ER AH T
inactive	IH N AE K T IH V
inadequate	IH N AE D AH K W AH T
inaugural	IH N AO G ER AH L
inbound	IH N B AW N D
inbox	IH N B AA K S
inc	IH NG K
incense	IH N S EH N S
incentive	IH N S EH N T IH V
incentives	IH N S EH N T IH V Z
inception	IH N S EH P SH AH N
incest	IH N S EH S T
inch	IH N CH
inches	IH N CH AH Z
incidence	IH N S AH D AH N S
incident	IH N S AH D AH N T
incidental	IH N S IH D EH N T AH L
incidents	IH N S AH D AH N T S
inclined	IH N K L AY N D
include	IH N K L UW D
included	IH N K L UW D AH D
includes	IH N K L UW D Z
including	IH N K L UW D IH NG
inclusion	IH N K L UW ZH AH N
inclusive	IH N K L UW S IH V
income	IH N K AH M
incomes	IH N K AH M Z
incoming	IH N K AH M IH NG
incompatible	IH N K AH M P AE T AH B AH L
incomplete	IH N K AH M P L IY T
inconsistent	IH N K AH N S IH S T AH N T
incorporate	IH N K AO R P ER EY T
incorporated	IH N K AO R P ER EY T IH D
incorporates	IH N K AO R P ER EY T S
incorrect	IH N K ER EH K T
incorrectly	IH N K ER EH K T L IY
increase	IH N K R IY S
increased	IH N K R IY S T
increases	IH N K R IY S AH Z
increasing	IH N K R IY S IH NG
increasingly	IH N K R IY S IH NG L IY
incredible	IH N K R EH D AH B AH L
incredibly	IH N K R EH D AH B L IY
increment	IH N K R AH M AH N T
incremental	IH N K R AH M EH N T AH L
increments	IH NG K R AH M AH N T S
incumbent	IH N K AH M B AH N T
incur	IH N K ER
incurred	IH N K ER D
indeed	IH N D IY D
indemnity	IH N D EH M N AH T IY
independence	IH N D IH P EH N D AH N S
independent	IH N D IH P EH N D AH N T
index	IH N D EH K S
indexed	IH N D EH K S T
indexes	IH N D EH K S IH Z
indexing	IH N D EH K S IH NG
india	IH N D IY AH
indian	IH N D IY AH N
indiana	IH N D IY AE N AH
indianapolis	IH N D IY AH N AE P AH L IH S
indians	IH N D IY AH N Z
indicate	IH N D AH K EY T
indicated	IH N D AH K EY T AH D
indicates	IH N D IH K EY T S
indicating	IH N D AH K EY T IH NG
indication	IH N D AH K EY SH AH N
indications	IH N D AH K EY SH AH N Z
indicative	IH N D IH K AH T IH V
indicator	IH N D AH K EY T ER
indicators	IH N D AH K EY T ER Z
indices	IH N D IH S IY Z
indictment	IH N D AY T M AH N T
indie	IH N D IY
indies	IH N D IY Z
indigenous	IH N D IH JH AH N AH S
indigo	IH N D AH G OW
indirect	IH N D ER EH K T
indirectly	IH N D ER EH K T L IY
individual	IH N D AH V IH JH AH W AH L
individually	IH N D IH V IH JH UW AH L IY
individuals	IH N D AH V IH JH AH W AH L Z
indo	IH N D OW
indonesia	IH N D OW N IY ZH AH
indonesian	IH N D OW N IY ZH AH N
indoor	IH N D AO R
indoors	IH N D AO R Z
induce	IH N D UW S
induced	IH N D UW S T
induction	IH N D AH K SH AH N
indulgence	IH N D AH L JH AH N S
industrial	IH N D AH S T R IY AH L
industries	IH N D AH S T R IY Z
industry	IH N D AH S T R IY
indy	IH N D IY
ineffective	IH N IH F EH K T IH V
inequalities	IH N AH K W AA L IH T IY Z
inequality	IH N IH K W AA L AH T IY
inevitable	IH N EH V AH T AH B AH L
inevitably	IH N EH V AH T AH B L IY
inexpensive	IH N IH K S P EH N S IH V
infamous	IH N F AH M AH S
infant	IH N F AH N T
infantry	IH N F AH N T R IY
infants	IH N F AH N T S
infect	IH N F EH K T
infected	IH N F EH K T IH D
infection	IH N F EH K SH AH N
infections	IH N F EH K SH AH N Z
infectious	IH N F EH K SH AH S
inference	IH N F ER AH N S
inferior	IH N F IH R IY ER
infertility	IH N F ER T IH L IH T IY
infinite	IH N F AH N AH T
infiniti	IH N F IH N IH T IY
infinity	IH N F IH N IH T IY
inflammation	IH N F L AH M EY SH AH N
inflammatory	IH N F L AE M AH T AO R IY
inflatable	IH N F L EY T AH B AH L
inflation	IH N F L EY SH AH N
influence	IH N F L UW AH N S
influenced	IH N F L UW AH N S T
influences	IH N F L UW AH N S IH Z
influencing	IH N F L UW AH N S IH NG
influential	IH N F L UW EH N SH AH L
influenza	IH N F L UW EH N Z AH
info	IH N F OW
inform	IH N F AO R M
informal	IH N F AO R M AH L
informatics	IH N F ER M AE T IH K S
information	IH N F ER M EY SH AH N
informations	IH N F ER M EY SH AH N Z
informative	IH N F AO R M AH T IH V
informed	IH N F AO R M D
informing	IH N F AO R M IH NG
informs	IH N F AO R M Z
infoworld	IH N F OW W ER L D
infrared	IH N F R ER EH D
infringement	IH N F R IH N JH M AH N T
infusion	IH N F Y UW ZH AH N
ing	IH NG
ingot	IH NG G AH T
ingram	IH NG G R AH M
ingredient	IH N G R IY D IY AH N T
ingredients	IH N G R IY D IY AH N T S
inhabitants	IH N HH AE B AH T AH N T S
inhalation	IH N AH L EY SH AH N
inherent	IH N HH IH R AH N T
inherently	IH N HH IH R AH N T L IY
inheritance	IH N HH EH R AH T AH N S
inherited	IH N HH EH R AH T IH D
inhibit	IH N HH IH B AH T
inhibition	IH N HH AH B IH SH AH N
inhibitor	IH N HH IH B AH T ER
inhibitors	IH N HH IH B AH T ER Z
initial	IH N IH SH AH L
initialize	IH N IH SH AH L AY Z
initially	IH N IH SH AH L IY
initials	IH N IH SH AH L Z
initiate	IH N IH SH IY EY T
initiated	IH N IH SH IY EY T AH D
initiating	IH N IH SH IY EY T IH NG
initiation	IH N IH SH IY EY SH AH N
initiative	IH N IH SH AH T IH V
initiatives	IH N IH SH AH T IH V Z
injected	IH N JH EH K T AH D
injection	IH N JH EH K SH AH N
injections	IH N JH EH K SH AH N Z
injunction	IH N JH AH NG K SH AH N
injured	IH N JH ER D
injuries	IH N JH ER IY Z
injury	IH N JH ER IY
injustice	IH N JH AH S T IH S
ink	IH NG K
inkjet	IH NG K JH EH T
inks	IH NG K S
inland	IH N L AE N D
inlet	IH N L EH T
inline	IH N L AY N
inmate	IH N M EY T
inmates	IH N M EY T S
inn	IH N
inner	IH N ER
inning	IH N IH NG
innings	IH N IH NG Z
innocence	IH N AH S AH N S
innocent	IH N AH S AH N T
innovation	IH N AH V EY SH AH N
innovations	IH N AH V EY SH AH N Z
innovative	IH N AH V EY T IH V
inns	IH N Z
inorganic	IH N AO R G AE N IH K
inpatient	IH N P EY SH AH N T
input	IH N P UH T
inputs	IH N P UH T S
inquire	IH N K W AY R
inquiries	IH N K W AY ER IY Z
inquiry	IH N K W AY R IY
ins	IH N Z
insane	IH N S EY N
insanity	IH N S AE N AH T IY
insect	IH N S EH K T
insects	IH N S EH K T S
insert	IH N S ER T
inserted	IH N S ER T AH D
inserting	IH N S ER T IH NG
insertion	IH N S ER SH AH N
inserts	IH N S ER T S
inside	IH N S AY D
insider	IH N S AY D ER
insight	IH N S AY T
insightful	IH N S AY T F AH L
insights	IH N S AY T S
insignia	IH N S IH G N IY AH
insist	IH N S IH S T
insisted	IH N S IH S T AH D
insists	IH N S IH S T S
insomnia	IH N S AA M N IY AH
inspect	IH N S P EH K T
inspected	IH N S P EH K T IH D
inspection	IH N S P EH K SH AH N
inspections	IH N S P EH K SH AH N Z
inspector	IH N S P EH K T ER
inspectors	IH N S P EH K T ER Z
inspiration	IH N S P ER EY SH AH N
inspire	IH N S P AY R
inspired	IH N S P AY ER D
inspiring	IH N S P AY R IH NG
instability	IH N S T AH B IH L IH T IY
install	IH N S T AO L
installation	IH N S T AH L EY SH AH N
installed	IH N S T AO L D
installer	IH N S T AO L ER
installing	IH N S T AO L IH NG
installment	IH N S T AO L M AH N T
installs	IH N S T AO L Z
instance	IH N S T AH N S
instances	IH N S T AH N S AH Z
instant	IH N S T AH N T
instantly	IH N S T AH N T L IY
instead	IH N S T EH D
instinct	IH N S T IH NG K T
institut	IH N S T IH T UW T
institute	IH N S T AH T UW T
institutes	IH N S T AH T UW T S
institution	IH N S T IH T UW SH AH N
institutions	IH N S T IH T UW SH AH N Z
instruct	IH N S T R AH K T
instructed	IH N S T R AH K T AH D
instruction	IH N S T R AH K SH AH N
instructions	IH N S T R AH K SH AH N Z
instructor	IH N S T R AH K T ER
instructors	IH N S T R AH K T ER Z
instrument	IH N S T R AH M AH N T
instrumental	IH N S T R AH M EH N T AH L
instruments	IH N S T R AH M AH N T S
insufficient	IH N S AH F IH SH AH N T
insulated	IH N S AH L EY T AH D
insulation	IH N S AH L EY SH AH N
insulin	IH N S AH L AH N
insult	IH N S AH L T
insurance	IH N SH UH R AH N S
insure	IH N SH UH R
insured	IH N SH UH R D
insurer	IH N SH UH R ER
insurers	IH N SH UH R ER Z
intact	IH N T AE K T
intake	IH N T EY K
intangible	IH N T AE N JH AH B AH L
integer	IH N T AH JH ER
integers	IH N T AH JH ER Z
integral	IH N T AH G R AH L
integrate	IH N T AH G R EY T
integrated	IH N T AH G R EY T AH D
integrates	IH N T AH G R EY T S
integrating	IH N T AH G R EY T IH NG
integration	IH N T AH G R EY SH AH N
integrity	IH N T EH G R AH T IY
intel	IH N T EH L
intellect	IH N T AH L EH K T
intellectual	IH N T AH L EH K CH UW AH L
intelligence	IH N T EH L AH JH AH N S
intelligent	IH N T EH L AH JH AH N T
intend	IH N T EH N D
intended	IH N T EH N D IH D
intends	IH N T EH N D Z
intense	IH N T EH N S
intensity	IH N T EH N S AH T IY
intensive	IH N T EH N S IH V
intent	IH N T EH N T
intention	IH N T EH N CH AH N
intentional	IH N T EH N SH AH N AH L
intentions	IH N T EH N CH AH N Z
inter	IH N T ER
interact	IH N T ER AE K T
interacting	IH N T ER AE K T IH NG
interaction	IH N T ER AE K SH AH N
interactions	IH N T ER AE K SH AH N Z
interactive	IH N T ER AE K T IH V
intercept	IH N T ER S EH P T
interchange	IH N T ER CH EY N JH
interconnect	IH N T ER K AH N EH K T
intercourse	IH N T ER K AO R S
interest	IH N T R AH S T
interested	IH N T R AH S T IH D
interesting	IH N T R AH S T IH NG
interests	IH N T R AH S T S
interface	IH N T ER F EY S
interfaces	IH N T ER F EY S IH Z
interfere	IH N T ER F IH R
interference	IH N T ER F IH R AH N S
interim	IH N T ER AH M
interior	IH N T IH R IY ER
interiors	IH N T IH R IY ER Z
intermediate	IH N T ER M IY D IY IH T
intermittent	IH N T ER M IH T AH N T
intern	IH N T ER N
internal	IH N T ER N AH L
internally	IH N T ER N AH L IY
internet	IH N T ER N EH T
internship	IH N T ER N SH IH P
internships	IH N T ER N SH IH P S
interpret	IH N T ER P R AH T
interpreted	IH N T ER P R AH T AH D
interpreter	IH N T ER P R AH T ER
interpreters	IH N T ER P R AH T ER Z
interpreting	IH N T ER P R EH T IH NG
interracial	IH N T ER R EY SH AH L
interrupt	IH N T ER AH P T
interrupted	IH N T ER AH P T IH D
interruption	IH N T ER AH P SH AH N
intersection	IH N T ER S EH K SH AH N
interstate	IH N T ER S T EY T
interval	IH N T ER V AH L
intervals	IH N T ER V AH L Z
intervene	IH N T ER V IY N
intervention	IH N T ER V EH N SH AH N
interview	IH N T ER V Y UW
interviewed	IH N T ER V Y UW D
interviewing	IH N T ER V Y UW IH NG
interviews	IH N T ER V Y UW Z
intestinal	IH N T EH S T AH N AH L
intimate	IH N T AH M AH T
into	IH N T UW
intra	IH N T R AA
intravenous	IH N T R AH V IY N AH S
intriguing	IH N T R IY G IH NG
intrinsic	IH N T R IH N S IH K
intro	IH N T R OW
introduce	IH N T R AH D UW S
introduced	IH N T R AH D UW S T
introduces	IH N T R AH D UW S IH Z
introducing	IH N T R AH D UW S IH NG
introduction	IH N T R AH D AH K SH AH N
introductory	IH N T R AH D AH K T ER IY
intrusion	IH N T R UW ZH AH N
intuition	IH N T UW IH SH AH N
intuitive	IH N T UW AH T IH V
invalid	IH N V AH L AH D
invaluable	IH N V AE L Y AH B AH L
invariant	IH N V EH R IY AH N T
invasion	IH N V EY ZH AH N
invasive	IH N V EY S IH V
invented	IH N V EH N T AH D
invention	IH N V EH N SH AH N
inventions	IH N V EH N SH AH N Z
inventor	IH N V EH N T ER
inventories	IH N V AH N T AO R IY Z
inventory	IH N V AH N T AO R IY
inverness	IH N V ER N EH S
inverse	IH N V ER S
inverted	IH N V ER T IH D
invest	IH N V EH S T
invested	IH N V EH S T AH D
investigate	IH N V EH S T AH G EY T
investigated	IH N V EH S T AH G EY T AH D
investigator	IH N V EH S T AH G EY T ER
investing	IH N V EH S T IH NG
investment	IH N V EH S T M AH N T
investments	IH N V EH S T M AH N T S
investor	IH N V EH S T ER
investors	IH N V EH S T ER Z
invisible	IH N V IH Z AH B AH L
invitation	IH N V IH T EY SH AH N
invitational	IH N V AH T EY SH AH N AH L
invitations	IH N V IH T EY SH AH N Z
invite	IH N V AY T
invited	IH N V AY T AH D
invites	IH N V AY T S
inviting	IH N V AY T IH NG
invoice	IH N V OY S
invoices	IH N V OY S IH Z
invoke	IH N V OW K
invoked	IH N V OW K T
involve	IH N V AA L V
involved	IH N V AA L V D
involvement	IH N V AA L V M AH N T
involves	IH N V AA L V Z
involving	IH N V AA L V IH NG
inward	IH N W ER D
iomega	AY OW M EY G AH
ion	AY AH N
ionic	AY AA N IH K
ions	AY AH N Z
ios	IY OW S
iowa	AY AH W AH
ipod	AY P AA D
ipods	AY P AA D Z
ira	AY R AH
iran	IH R AA N
iranian	IH R AA N IY AH N
iraq	IH R AA K
iraqi	IH R AE K IY
iraqis	IH R AE K IY Z
ire	AY R
ireland	AY ER L AH N D
irene	AY R IY N
iris	AY R AH S
irish	AY R IH SH
iron	AY ER N
ironic	AY R AA N IH K
ironically	AY R AA N IH K L IY
ironing	AY ER N IH NG
irons	AY ER N Z
irony	AY R AH N IY
irregular	IH R EH G Y AH L ER
irrelevant	IH R EH L AH V AH N T
irrigation	IH R AH G EY SH AH N
irritation	IH R IH T EY SH AH N
irs	AY AA R EH S
irvine	ER V AY N
irving	ER V IH NG
irwin	ER W AH N
isa	IY S AH
isaac	AY Z AH K
isabel	IH Z AH B EH L
isabella	IH Z AH B EH L AH
isaiah	AY Z EY AH
isbn	AY EH S B IY EH N
ish	IH SH
isis	AY S AH S
islam	IH S L AA M
islamic	IH Z L AA M IH K
island	AY L AH N D
islander	AY L AH N D ER
islanders	AY L AH N D ER Z
islands	AY L AH N D Z
isle	AY L
isles	AY L Z
isolate	AY S AH L EY T
isolated	AY S AH L EY T AH D
isolates	AY S AH L EY T S
isolation	AY S AH L EY SH AH N
israel	IH Z R IY AH L
israeli	IH Z R EY L IY
israelis	IH Z R EY L IY Z
issuance	IH SH UW AH N S
issue	IH SH UW
issued	IH SH UW D
issuer	IH SH UW ER
issues	IH SH UW Z
issuing	IH SH UW IH NG
istanbul	IH S T AA N B UW L
isthmus	IH S M AH S
isuzu	IH S UW Z UW
ita	AY T AH
italia	IY T AE L IY AH
italian	IH T AE L Y AH N
italiano	IH T AA L IY AA N OW
italic	AY T AE L IH K
italy	IH T AH L IY
item	AY T AH M
items	AY T AH M Z
iteration	IH T ER EY SH AH N
ithaca	IH TH AH K AH
itinerary	AY T IH N ER EH R IY
its	IH T S
itself	IH T S EH L F
itunes	AY T UW N Z
ivan	AY V AH N
ivory	AY V ER IY
ivy	AY V IY
jack	JH AE K
jacket	JH AE K AH T
jackets	JH AE K IH T S
jackie	JH AE K IY
jacking	JH AE K IH NG
jackpot	JH AE K P AA T
jacks	JH AE K S
jackson	JH AE K S AH N
jacksonville	JH AE K S AH N V IH L
jacob	JH EY K AH B
jacobs	JH EY K AH B Z
jacqueline	JH AE K W AH L IH N
jacques	ZH AA K
jacuzzi	JH AH K UW Z IY
jade	JH EY D
jaguar	JH AE G W AA R
jail	JH EY L
jakarta	JH AH K AA R T AH
jake	JH EY K
jam	JH AE M
jamaica	JH AH M EY K AH
james	JH EY M Z
jameson	JH EY M S AH N
jamestown	JH EY M Z T AW N
jamie	JH EY M IY
jams	JH AE M Z
jan	JH AE N
jane	JH EY N
janeiro	JH AH N EH R OW
janet	JH AE N AH T
janice	JH AE N AH S
janis	JH AE N IH S
janitorial	JH AE N IH T AO R IY AH L
january	JH AE N Y UW EH R IY
japan	JH AH P AE N
japanese	JH AE P AH N IY Z
jar	JH AA R
jared	JH EH R IH D
jargon	JH AA R G AH N
jars	JH AA R Z
jarvis	JH AA R V AH S
jasmine	JH AE Z M AH N
jason	JH EY S AH N
jasper	JH AE S P ER
jaunty	JH AO N T IY
java	JH AA V AH
javascript	JH AA V AH S K R IH P T
jaw	JH AO
jaws	JH AO Z
jay	JH EY
jays	JH EY Z
jazz	JH AE Z
jealous	JH EH L AH S
jean	JH IY N
jeanne	JH IY N
jeans	JH IY N Z
jedi	JH EH D IY
jeep	JH IY P
jeeves	JH IY V Z
jeff	JH EH F
jefferson	JH EH F ER S AH N
jeffrey	JH EH F R IY
jelly	JH EH L IY
jen	JH EH N
jenkins	JH EH NG K AH N Z
jenna	JH EH N AH
jennifer	JH EH N AH F ER
jennings	JH EH N IH NG Z
jenny	JH EH N IY
jensen	JH EH N S AH N
jeremiah	JH EH R AH M AY AH
jeremy	JH EH R AH M IY
jerk	JH ER K
jerking	JH ER K IH NG
jerome	JH ER OW M
jerry	JH EH R IY
jersey	JH ER Z IY
jerseys	JH ER Z IY Z
jerusalem	JH ER UW S AH L AH M
jess	JH EH S
jesse	JH EH S IY
jessica	JH EH S IH K AH
jessie	JH EH S IY
jesus	JH IY Z AH S
jet	JH EH T
jets	JH EH T S
jetty	JH EH T IY
jew	JH UW
jewel	JH UW AH L
jewelry	JH UW AH L R IY
jewels	JH UW AH L Z
jewish	JH UW IH SH
jews	JH UW Z
jfk	JH IY EH F K EY
jigsaw	JH IH G S AO
jihad	JH IY HH AE D
jill	JH IH L
jim	JH IH M
jimi	JH IH M IY
jimmy	JH IH M IY
jin	JH IH N
jingle	JH IH NG G AH L
jive	JH AY V
joan	JH OW N
joanna	JH OW AE N AH
joanne	JH OW AE N
joaquin	W AA K IY N
job	JH AA B
jobs	JH AA B Z
jockey	JH AA K IY
joe	JH OW
joel	JH OW AH L
joey	JH OW IY
johan	Y OW HH AA N
johann	Y OW HH AA N
johannes	JH OW HH AE N AH S
johannesburg	JH OW HH AE N IH S B ER G
john	JH AA N
johnny	JH AA N IY
johns	JH AA N Z
johnson	JH AA N S AH N
johnston	JH AA N S T AH N
join	JH OY N
joined	JH OY N D
joining	JH OY N IH NG
joins	JH OY N Z
joint	JH OY N T
jointly	JH OY N T L IY
joints	JH OY N T S
joist	JH OY S T
joke	JH OW K
jokes	JH OW K S
jolie	JH OW L IY
jolla	HH OY Y AH
jolly	JH AA L IY
jolt	JH OW L T
jon	JH AA N
jonah	JH OW N AH
jonas	JH OW N AH S
jonathan	JH AA N AH TH AH N
jones	JH OW N Z
jong	JH AO NG
joplin	JH AA P L IH N
jordan	JH AO R D AH N
jorge	HH AO R HH EY
jose	HH OW Z EY
josef	JH OW S AH F
joseph	JH OW S AH F
josephine	JH OW S AH F IY N
josh	JH AA SH
joshua	JH AA SH UW AH
joule	JH UW L
jour	JH UW R
journal	JH ER N AH L
journalism	JH ER N AH L IH Z AH M
journalist	JH ER N AH L AH S T
journalists	JH ER N AH L AH S T S
journals	JH ER N AH L Z
journey	JH ER N IY
journeys	JH ER N IY Z
jovi	JH OW V IY
joy	JH OY
joyce	JH OY S
joyful	JH OY F AH L
joystick	JH OY S T IH K
juan	W AA N
jubilee	JH UW B AH L IY
judaism	JH UW D EY IH Z AH M
judd	JH AH D
jude	JH UW D
judge	JH AH JH
judged	JH AH JH D
judgement	JH AH JH M AH N T
judges	JH AH JH IH Z
judging	JH AH JH IH NG
judgment	JH AH JH M AH N T
judgments	JH AH JH M AH N T S
judicial	JH UW D IH SH AH L
judiciary	JH UW D IH SH IY EH R IY
judith	JH UW D AH TH
judy	JH UW D IY
juice	JH UW S
juices	JH UW S AH Z
juicy	JH UW S IY
jukebox	JH UW K B AA K S
jules	JH UW L Z
julia	JH UW L Y AH
julian	JH UW L IY AH N
julie	JH UW L IY
juliet	JH UW L IY EH T
julio	JH UW L IY OW
julius	JH UW L Y AH S
july	JH UW L AY
jumbo	JH AH M B OW
jump	JH AH M P
jumped	JH AH M P T
jumper	JH AH M P ER
jumping	JH AH M P IH NG
jumps	JH AH M P S
jun	JH AH N
junction	JH AH NG K SH AH N
june	JH UW N
jung	Y UH NG
jungle	JH AH NG G AH L
junior	JH UW N Y ER
juniors	JH UW N Y ER Z
juniper	JH UW N AH P ER
junk	JH AH NG K
juno	JH UW N OW
jupiter	JH UW P AH T ER
jurisdiction	JH UH R AH S D IH K SH AH N
jury	JH UH R IY
just	JH AH S T
justice	JH AH S T AH S
justified	JH AH S T AH F AY D
justify	JH AH S T AH F AY
justin	JH AH S T AH N
juvenile	JH UW V AH N AH L
kai	K AY
kaiser	K AY Z ER
kalamazoo	K AE L AH M AH Z UW
kan	K AE N
kane	K EY N
kangaroo	K AE NG G ER UW
kansas	K AE N Z AH S
kaplan	K AE P L AH N
kappa	K AE P AH
kara	K EH R AH
karaoke	K EH R IY OW K IY
karate	K ER AA T IY
karen	K EH R AH N
karl	K AA R L
karma	K AA R M AH
karst	K AA R S T
kashmir	K AE SH M IH R
kat	K AE T
kate	K EY T
katherine	K AE TH ER IH N
kathleen	K AE TH L IY N
kathryn	K AE TH R IH N
kathy	K AE TH IY
katie	K EY T IY
katrina	K AH T R IY N AH
katy	K EY T IY
katz	K AE T S
kauai	K AW AY
kaufman	K AO F M AH N
kawasaki	K AA W AA S AA K IY
kay	K EY
kayak	K AY AE K
kayaking	K AY AE K IH NG
kazakhstan	K AA Z AA K S T AA N
keel	K IY L
keeling	K IY L IH NG
keen	K IY N
keep	K IY P
keeper	K IY P ER
keeping	K IY P IH NG
keeps	K IY P S
keith	K IY TH
keller	K EH L ER
kelley	K EH L IY
kellogg	K EH L AO G
kelly	K EH L IY
kelvin	K EH L V AH N
ken	K EH N
kendall	K EH N D AH L
kennedy	K EH N AH D IY
kennel	K EH N AH L
kenneth	K EH N IH TH
kenny	K EH N IY
keno	K IY N OW
kensington	K EH N Z IH NG T AH N
kent	K EH N T
kentucky	K AH N T AH K IY
kenwood	K EH N W UH D
kenya	K EH N Y AH
kept	K EH P T
kerala	K EH R AA L AH
kern	K ER N
kernel	K ER N AH L
kernels	K ER N AH L Z
kerr	K ER
kerry	K EH R IY
kettle	K EH T AH L
kevin	K EH V IH N
key	K IY
keyboard	K IY B AO R D
keyboards	K IY B AO R D Z
keynes	K EY N Z
keynote	K IY N OW T
keypad	K IY P AE D
keys	K IY Z
keystone	K IY S T OW N
keyword	K IY W ER D
keywords	K IY W ER D Z
khan	K AA N
kia	K IY ER
kick	K IH K
kicked	K IH K T
kicking	K IH K IH NG
kicks	K IH K S
kid	K IH D
kidding	K IH D IH NG
kidney	K IH D N IY
kids	K IH D Z
kiev	K IY EH V
kill	K IH L
killed	K IH L D
killer	K IH L ER
killers	K IH L ER Z
killing	K IH L IH NG
kills	K IH L Z
kiln	K IH L N
kilo	K IH L OW
kilometers	K AH L AA M AH T ER Z
kilometres	K IH L AO M AH T ER Z
kim	K IH M
kimberly	K IH M B ER L IY
kin	K IH N
kinase	K AY N EY Z
kind	K AY N D
kinda	K IH N D AH
kindergarten	K IH N D ER G AA R T AH N
kindle	K IH N D AH L
kindly	K AY N D L IY
kindness	K AY N D N AH S
kindred	K IH N D R IH D
kinds	K AY N D Z
kinetic	K AH N EH T IH K
kinetics	K AH N EH T IH K S
king	K IH NG
kingdom	K IH NG D AH M
kings	K IH NG Z
kingston	K IH NG S T AH N
kinky	K IH NG K IY
kiosk	K IY AO S K
kirby	K ER B IY
kiribati	K IH R IH B AA T IY
kirk	K ER K
kirsten	K ER S T AH N
kiss	K IH S
kissed	K IH S T
kisses	K IH S AH Z
kissimmee	K IH S IH M IY
kissing	K IH S IH NG
kit	K IH T
kitchen	K IH CH AH N
kitchens	K IH CH AH N Z
kite	K AY T
kits	K IH T S
kitten	K IH T AH N
kittens	K IH T AH N Z
kitts	K IH T S
kitty	K IH T IY
kiwi	K IY W IY
klaus	K L AW S
klein	K L AY N
knack	N AE K
knee	N IY
knees	N IY Z
knew	N UW
knife	N AY F
knight	N AY T
knights	N AY T S
knit	N IH T
knitting	N IH T IH NG
knives	N AY V Z
knob	N AA B
knobs	N AA B Z
knock	N AA K
knocked	N AA K T
knocking	N AA K IH NG
knoll	N OW L
knot	N AA T
knots	N AA T S
know	N OW
knowing	N OW IH NG
knowingly	N OW IH NG L IY
knowledge	N AA L AH JH
knowles	N OW L Z
known	N OW N
knows	N OW Z
knox	N AA K S
knoxville	N AA K S V IH L
kobe	K OW B EY
koch	K AO CH
kodak	K OW D AE K
koh	K OW
kona	K OW N AH
kong	K AO NG
konica	K AA N IH K AH
kool	K UW L
korea	K AO R IY AH
korean	K AO R IY AH N
korn	K AO R N
kos	K AA S
kosher	K OW SH ER
kosovo	K OW S OW V OW
kraft	K R AE F T
kramer	K R EY M ER
krill	K R IH L
kris	K R IH S
krishna	K R IH SH N AH
kristen	K R IH S T AH N
kristin	K R IH S T IH N
kruger	K R UW G ER
krypton	K R IH P T AA N
kuala	K W AA L AH
kudos	K UW D OW S
kumar	K UW M AA R
kung	K AH NG
kurdish	K ER D IH SH
kurt	K ER T
kuwait	K UW W EY T
kyle	K AY L
kylie	K AY L IY
kyocera	K Y OW S EH R AH
kyoto	K Y OW T OW
kyrgyzstan	K IH R G IH S T AE N
lab	L AE B
label	L EY B AH L
labeled	L EY B AH L D
labeling	L EY B AH L IH NG
labelled	L EY B AH L D
labels	L EY B AH L Z
labor	L EY B ER
laboratories	L AE B R AH T AO R IY Z
laboratory	L AE B R AH T AO R IY
labour	L EY B ER
labrador	L AE B R AH D AO R
labs	L AE B Z
lac	L AE K
lace	L EY S
lack	L AE K
lacked	L AE K T
lacking	L AE K IH NG
lacks	L AE K S
lacrosse	L AH K R AO S
lad	L AE D
ladder	L AE D ER
ladders	L AE D ER Z
laden	L EY D AH N
ladies	L EY D IY Z
lady	L EY D IY
lafayette	L AA F IY EH T
lag	L AE G
lagoon	L AH G UW N
laguna	L AH G UW N AH
lai	L AY
laid	L EY D
lake	L EY K
lakeland	L EY K L AH N D
lakers	L EY K ER Z
lakes	L EY K S
lakeside	L EY K S AY D
lakewood	L EY K W UH D
lam	L AE M
lama	L AA M AH
lamar	L AH M AA R
lamb	L AE M
lambda	L AE M D AH
lambert	L AE M B ER T
lamborghini	L AE M B ER G IY N IY
lame	L EY M
laminate	L AE M AH N AH T
laminated	L AE M AH N EY T AH D
lamp	L AE M P
lamps	L AE M P S
lan	L AE N
lancashire	L AE NG K AH SH AY R
lancaster	L AE N K AE S T ER
lance	L AE N S
land	L AE N D
landed	L AE N D AH D
landfill	L AE N D F IH L
landing	L AE N D IH NG
landlord	L AE N D L AO R D
landlords	L AE N D L AO R D Z
landmark	L AE N D M AA R K
landmarks	L AE N D M AA R K S
lands	L AE N D Z
landscape	L AE N D S K EY P
landscapes	L AE N D S K EY P S
landscaping	L AE N D S K EY P IH NG
lane	L EY N
lanes	L EY N Z
lang	L AE NG
lange	L AE NG
langley	L AE NG L IY
language	L AE NG G W AH JH
languages	L AE NG G W AH JH AH Z
lanka	L AE NG K AH
lansing	L AE N S IH NG
lantern	L AE N T ER N
lanyard	L AE N Y ER D
lao	L AW
laos	L AA OW S
lap	L AE P
laps	L AE P S
laptop	L AE P T AA P
laptops	L AE P T AA P S
lara	L AA R AH
large	L AA R JH
largely	L AA R JH L IY
larger	L AA R JH ER
largest	L AA R JH AH S T
largo	L AA R G OW
larry	L EH R IY
lars	L AA R Z
larsen	L AA R S AH N
larson	L AA R S AH N
larvae	L AA R V IY
las	L AA S
laser	L EY Z ER
lasers	L EY Z ER Z
lasik	L EY S IH K
last	L AE S T
lasted	L AE S T AH D
lasting	L AE S T IH NG
lastly	L AE S T L IY
lasts	L AE S T S
lat	L AA T
latch	L AE CH
late	L EY T
lately	L EY T L IY
latency	L EY T AH N S IY
latent	L EY T AH N T
later	L EY T ER
lateral	L AE T ER AH L
latest	L EY T AH S T
latex	L EY T EH K S
lathe	L EY DH
latin	L AE T AH N
latina	L AA T IY N AH
latino	L AA T IY N OW
latitude	L AE T AH T UW D
latte	L AA T EY
latter	L AE T ER
lattice	L AE T AH S
latvia	L AE T V IY AH
latvian	L AE T V IY AH N
lauderdale	L AO D ER D EY L
laugh	L AE F
laughed	L AE F T
laughing	L AE F IH NG
laughs	L AE F S
laughter	L AE F T ER
launch	L AO N CH
launched	L AO N CH T
launches	L AO N CH AH Z
launching	L AO N CH IH NG
laundering	L AO N D ER IH NG
laundry	L AO N D R IY
laura	L AO R AH
laurel	L AO R AH L
lauren	L AO R AH N
laurence	L AO R AH N S
laurent	L AO R AH N T
laurie	L AO R IY
lava	L AA V AH
lavender	L AE V AH N D ER
lavigne	L AH V IH N Y
law	L AO
lawful	L AO F AH L
lawmakers	L AO M EY K ER Z
lawn	L AO N
lawrence	L AO R AH N S
laws	L AO Z
lawson	L AO S AH N
lawsuit	L AO S UW T
lawsuits	L AO S UW T S
lawyer	L AO Y ER
lawyers	L AO Y ER Z
lax	L AE K S
lay	L EY
layer	L EY ER
layered	L EY ER D
layers	L EY ER Z
laying	L EY IH NG
layout	L EY AW T
layouts	L EY AW T S
lays	L EY Z
lazy	L EY Z IY
lbs	P AW N D Z
lea	L IY
lead	L EH D
leader	L IY D ER
leaders	L IY D ER Z
leadership	L IY D ER SH IH P
leading	L IY D IH NG
leads	L IY D Z
leaf	L IY F
leaflet	L IY F L AH T
league	L IY G
leagues	L IY G Z
leah	L IY AH
leak	L IY K
leakage	L IY K AH JH
leaks	L IY K S
lean	L IY N
leaning	L IY N IH NG
leap	L IY P
learn	L ER N
learned	L ER N D
learner	L ER N ER
learners	L ER N ER Z
learning	L ER N IH NG
learns	L ER N Z
learnt	L ER N T
lease	L IY S
leased	L IY S T
leases	L IY S IH Z
leasing	L IY S IH NG
least	L IY S T
leather	L EH DH ER
leave	L IY V
leaves	L IY V Z
leaving	L IY V IH NG
lebanese	L EH B AH N IY Z
lebanon	L EH B AH N AH N
lecture	L EH K CH ER
lecturer	L EH K CH ER ER
lectures	L EH K CH ER Z
led	L EH D
ledge	L EH JH
ledger	L EH JH ER
lee	L IY
leeds	L IY D Z
left	L EH F T
leg	L EH G
legacy	L EH G AH S IY
legal	L IY G AH L
legally	L IY G AH L IY
legend	L EH JH AH N D
legendary	L EH JH AH N D EH R IY
legends	L EH JH AH N D Z
legion	L IY JH AH N
legislation	L EH JH AH S L EY SH AH N
legislative	L EH JH AH S L EY T IH V
legislators	L EH JH AH S L EY T ER Z
legislature	L EH JH AH S L EY CH ER
legitimacy	L AH JH IH T AH M AH S IY
legitimate	L AH JH IH T AH M AH T
lego	L EH G OW
legs	L EH G Z
lehigh	L IY HH AY
lei	L EY
leicester	L EH S T ER
leigh	L IY
leipzig	L AY P S IH G
leisure	L EH ZH ER
lemma	L EH M AH
lemon	L EH M AH N
len	L EH N
lena	L IY N AH
lend	L EH N D
lender	L EH N D ER
lenders	L EH N D ER Z
lending	L EH N D IH NG
length	L EH NG K TH
lengths	L EH NG K TH S
lengthy	L EH NG TH IY
lennon	L EH N AH N
lenny	L EH N IY
lenox	L EH N AH K S
lens	L EH N Z
lenses	L EH N Z AH Z
lent	L EH N T
leo	L IY OW
leon	L IY AA N
leonard	L EH N ER D
leonardo	L IY AH N AA R D OW
leone	L IY OW N
leopard	L EH P ER D
leroy	L IY R OY
les	L EH S
lesbian	L EH Z B IY AH N
lesbians	L EH Z B IY AH N Z
lesions	L IY ZH AH N Z
leslie	L EH S L IY
lesotho	L EH S OW TH OW
less	L EH S
lesser	L EH S ER
lesson	L EH S AH N
lessons	L EH S AH N Z
lest	L EH S T
lester	L EH S T ER
let	L EH T
lethal	L IY TH AH L
lets	L EH T S
lett	L EH T
letter	L EH T ER
lettering	L EH T ER IH NG
letters	L EH T ER Z
letting	L EH T IH NG
lettuce	L EH T AH S
leu	L UW
leukemia	L UW K IY M IY AH
lev	L EH V
level	L EH V AH L
levels	L EH V AH L Z
lever	L EH V ER
leverage	L EH V ER IH JH
leveraging	L EH V R IH JH IH NG
levi	L IY V AY
levin	L EH V IH N
levine	L AH V IY N
levy	L EH V IY
lewis	L UW IH S
lex	L EH K S
lexicon	L EH K S IH K AA N
lexington	L EH K S IH NG T AH N
lexmark	L EH K S M AA R K
lexus	L EH K S AH S
liabilities	L AY AH B IH L AH T IY Z
liability	L AY AH B IH L IH T IY
liable	L AY AH B AH L
liaison	L IY EY Z AA N
liam	L IY AH M
liar	L AY ER
lib	L IH B
libby	L IH B IY
liberal	L IH B ER AH L
liberals	L IH B ER AH L Z
liberation	L IH B ER EY SH AH N
liberia	L AY B IH R IY AH
libertarian	L IH B ER T EH R IY AH N
liberties	L IH B ER T IY Z
liberty	L IH B ER T IY
librarian	L AY B R EH R IY AH N
librarians	L AY B R EH R IY AH N Z
libraries	L AY B R EH R IY Z
library	L AY B R EH R IY
libya	L IH B IY AH
libyan	L IH B IY AH N
licence	L AY S AH N S
licences	L AY S AH N S IH Z
license	L AY S AH N S
licensed	L AY S AH N S T
licensee	L AY S AH N S IY
licensees	L AY S AH N S IY Z
licenses	L AY S AH N S IH Z
licensing	L AY S AH N S IH NG
licensure	L AY S AH N CH ER
lick	L IH K
licking	L IH K IH NG
lid	L IH D
lie	L AY
lied	L AY D
lien	L IY N
liens	L IY N Z
lies	L AY Z
lieu	L UW
lieutenant	L UW T EH N AH N T
life	L AY F
lifecycle	L AY F S AY K AH L
lifelong	L AY F L AO NG
lifestyle	L AY F S T AY L
lifestyles	L AY F S T AY L Z
lifetime	L AY F T AY M
lift	L IH F T
lifted	L IH F T AH D
lifting	L IH F T IH NG
lifts	L IH F T S
ligand	L IH G AH N D
light	L AY T
lighted	L AY T AH D
lighter	L AY T ER
lighthouse	L AY T HH AW S
lighting	L AY T IH NG
lightly	L AY T L IY
lightning	L AY T N IH NG
lights	L AY T S
lightweight	L AY T W EY T
like	L AY K
liked	L AY K T
likelihood	L AY K L IY HH UH D
likely	L AY K L IY
likes	L AY K S
likewise	L AY K W AY Z
liking	L AY K IH NG
lil	L IH L
lilac	L AY L AE K
lilies	L IH L IY Z
lillian	L IH L IY AH N
lilly	L IH L IY
lily	L IH L IY
lim	L IH M
lima	L AY M AH
limb	L IH M
limber	L IH M B ER
limbs	L IH M Z
lime	L AY M
limerick	L IH M ER IH K
limestone	L AY M S T OW N
limit	L IH M AH T
limitation	L IH M IH T EY SH AH N
limitations	L IH M IH T EY SH AH N Z
limited	L IH M AH T AH D
limiting	L IH M AH T IH NG
limits	L IH M AH T S
limo	L IH M OW
limousine	L IH M AH Z IY N
limousines	L IH M AH Z IY N Z
limp	L IH M P
lin	L IH N
lincoln	L IH NG K AH N
lincolnshire	L IH NG K AH N SH IH R
linda	L IH N D AH
linden	L IH N D AH N
lindsay	L IH N D Z IY
lindsey	L IH N D Z IY
line	L AY N
lineage	L IH N IY AH JH
linear	L IH N IY ER
lined	L AY N D
linen	L IH N AH N
linens	L IH N AH N Z
liner	L AY N ER
liners	L AY N ER Z
lines	L AY N Z
lineup	L AY N AH P
ling	L IH NG
lingerie	L AA N ZH ER EY
linguistic	L IH NG G W IH S T IH K
linguistics	L IH NG G W IH S T IH K S
lining	L AY N IH NG
link	L IH NG K
linkage	L IH NG K AH JH
linkages	L IH NG K IH JH IH Z
linked	L IH NG K T
linker	L IH NG K ER
linking	L IH NG K IH NG
links	L IH NG K S
linn	L IH N
lintel	L IH N T AH L
linus	L AY N AH S
linux	L IH N AH K S
lion	L AY AH N
lionel	L AY AH N AH L
lions	L AY AH N Z
lip	L IH P
lipid	L AY P AH D
liposuction	L IH P OW S AH K SH AH N
lips	L IH P S
lipstick	L IH P S T IH K
liquid	L IH K W AH D
liquidation	L IH K W IH D EY SH AH N
liquidity	L IH K W IH D AH T IY
liquids	L IH K W AH D Z
liquor	L IH K ER
lira	L IH R AH
lis	L IH S
lisa	L IY S AH
lisbon	L IH Z B AH N
lisp	L IH S P
list	L IH S T
listed	L IH S T AH D
listen	L IH S AH N
listened	L IH S AH N D
listener	L IH S AH N ER
listeners	L IH S AH N ER Z
listening	L IH S AH N IH NG
lister	L IH S T ER
listing	L IH S T IH NG
listings	L IH S T IH NG Z
lists	L IH S T S
lit	L IH T
lite	L AY T
liter	L IY T ER
literacy	L IH T ER AH S IY
literal	L IH T ER AH L
literally	L IH T ER AH L IY
literary	L IH T ER EH R IY
literature	L IH T ER AH CH ER
lithe	L AY DH
lithium	L IH TH IY AH M
lithuania	L IH TH AH W EY N IY AH
lithuanian	L IH TH AH W EY N IY AH N
litigation	L IH T AH G EY SH AH N
litter	L IH T ER
little	L IH T AH L
liu	L Y UW
live	L AY V
lived	L IH V D
lively	L AY V L IY
liver	L IH V ER
liverpool	L IH V ER P UW L
lives	L IH V Z
livestock	L AY V S T AA K
living	L IH V IH NG
livingston	L IH V IH NG S T AH N
liz	L IH Z
lizard	L IH Z ER D
llc	EH L EH L S IY
lloyd	L OY D
load	L OW D
loaded	L OW D IH D
loader	L OW D ER
loading	L OW D IH NG
loads	L OW D Z
loan	L OW N
loans	L OW N Z
lob	L AA B
lobby	L AA B IY
lobbying	L AA B IY IH NG
lobster	L AA B S T ER
local	L OW K AH L
locale	L OW K AE L
localities	L OW K AE L IH T IY Z
locality	L OW K AE L AH T IY
localization	L OW K AH L AH Z EY SH AH N
localized	L OW K AH L AY Z D
locally	L OW K AH L IY
locals	L OW K AH L Z
locate	L OW K EY T
located	L OW K EY T AH D
locating	L OW K EY T IH NG
location	L OW K EY SH AH N
locations	L OW K EY SH AH N Z
locator	L OW K EY T ER
loch	L AA K
lock	L AA K
locke	L AA K
locked	L AA K T
locker	L AA K ER
locking	L AA K IH NG
locks	L AA K S
locus	L OW K AH S
lode	L OW D
lodestar	L OW D S T AA R
lodge	L AA JH
lodged	L AA JH D
lodges	L AA JH AH Z
lodging	L AA JH IH NG
loft	L AO F T
lofty	L AO F T IY
log	L AO G
logan	L OW G AH N
logged	L AO G D
logger	L AA G ER
logging	L AO G IH NG
logic	L AA JH IH K
logical	L AA JH IH K AH L
login	L AO G IH N
logistics	L AH JH IH S T IH K S
logo	L OW G OW
logos	L OW G OW Z
logout	L AO G AW T
logs	L AO G Z
lois	L OW AH S
lol	L AO L
lola	L OW L AH
lolita	L OW L IY T AH
lon	L AA N
london	L AH N D AH N
lone	L OW N
lonely	L OW N L IY
long	L AO NG
longer	L AO NG G ER
longest	L AO NG G AH S T
longevity	L AO N JH EH V AH T IY
longhorn	L AO NG HH AO R N
longitude	L AA N JH AH T UW D
longitudinal	L AA N JH AH T UW D AH N AH L
look	L UH K
looked	L UH K T
looking	L UH K IH NG
lookout	L UH K AW T
looks	L UH K S
lookup	L UH K AH P
loom	L UW M
loop	L UW P
loops	L UW P S
loose	L UW S
loosely	L UW S L IY
lope	L OW P
lopez	L OW P EH Z
lord	L AO R D
lords	L AO R D Z
lore	L AO R
loren	L AO R AH N
lorenzo	L ER EH N Z OW
lori	L AO R IY
lorraine	L ER EY N
los	L OW S
lose	L UW Z
loser	L UW Z ER
losers	L UW Z ER Z
loses	L UW Z AH Z
losing	L UW Z IH NG
loss	L AO S
losses	L AO S AH Z
lost	L AO S T
lot	L AA T
lotion	L OW SH AH N
lots	L AA T S
lottery	L AA T ER IY
lotto	L AA T OW
lotus	L OW T AH S
lou	L UW
loud	L AW D
louis	L UW IH S
louise	L UW IY Z
louisiana	L UW IY Z IY AE N AH
louisville	L UW IY V IH L
lounge	L AW N JH
love	L AH V
loved	L AH V D
lovely	L AH V L IY
lover	L AH V ER
lovers	L AH V ER Z
loves	L AH V Z
loving	L AH V IH NG
low	L OW
lowe	L OW
lowell	L OW AH L
lower	L OW ER
lowered	L OW ER D
lowering	L OW ER IH NG
lowest	L OW AH S T
lows	L OW Z
loyal	L OY AH L
loyalty	L OY AH L T IY
loyola	L OY OW L AH
ltd	L IH M IH T IH D
lubbock	L AH B AH K
lubricants	L UW B R AH K AH N T S
luc	L UW K
lucas	L UW K AH S
lucent	L UW S IH N T
lucia	L UW SH AH
lucid	L UW S AH D
luck	L AH K
luckily	L AH K AH L IY
lucky	L AH K IY
lucy	L UW S IY
ludwig	L AH D W IH G
lug	L AH G
luggage	L AH G AH JH
luis	L UW IY S
luke	L UW K
lulu	L UW L UW
lumber	L AH M B ER
lumen	L UW M AH N
lump	L AH M P
lumpur	L AH M P UH R
luna	L UW N AH
lunar	L UW N ER
lunch	L AH N CH
luncheon	L AH N CH AH N
lund	L AH N D
lung	L AH NG
lunge	L AH N JH
lungs	L AH NG Z
lure	L UH R
lush	L AH SH
lust	L AH S T
luster	L AH S T ER
luther	L UW TH ER
lutheran	L UW TH ER AH N
luton	L UW T AH N
lux	L AH K S
luxembourg	L AH K S AH M B AO R G
luxurious	L AH G ZH ER IY AH S
luxury	L AH G ZH ER IY
lycos	L AY K OW S
lydia	L IH D IY AH
lying	L AY IH NG
lyme	L AY M
lymph	L IH M F
lymphoma	L IH M F OW M AH
lynch	L IH N CH
lynn	L IH N
lynne	L IH N
lynx	L IH NG K S
lyon	L AY AH N
lyons	L AY AH N Z
lyre	L AY R
lyric	L IH R IH K
lyrics	L IH R IH K S
mac	M AE K
macau	M AH K AW
macdonald	M AH K D AA N AH L D
macedonia	M AE S AH D OW N IY AH
mach	M AA K
machine	M AH SH IY N
machinery	M AH SH IY N ER IY
machines	M AH SH IY N Z
machining	M AH SH IY N IH NG
macintosh	M AE K AH N T AO SH
mack	M AE K
mackay	M AH K EY
mackenzie	M AH K EH N Z IY
macmillan	M AH K M IH L AH N
macon	M EY K AH N
macro	M AE K R OW
macromedia	M AE K R OW M IY D IY AH
macs	M AE K S
macworld	M AE K W ER L D
macy	M EY S IY
mad	M AE D
madagascar	M AE D AH G AE S K ER
madam	M AE D AH M
madame	M AE D AH M
madden	M AE D AH N
made	M EY D
madison	M AE D AH S AH N
madness	M AE D N AH S
madonna	M AH D AA N AH
madrid	M AH D R IH D
mae	M EY
maestro	M AY S T R OW
mafia	M AA F IY AH
mag	M AE G
magazine	M AE G AH Z IY N
magazines	M AE G AH Z IY N Z
magellan	M AH JH EH L AH N
magenta	M AH JH EH N T AH
maggie	M AE G IY
magic	M AE JH IH K
magical	M AE JH IH K AH L
magician	M AH JH IH SH AH N
magistrate	M AE JH AH S T R EY T
magna	M AE G N AH
magnesium	M AE G N IY Z IY AH M
magnet	M AE G N AH T
magnetic	M AE G N EH T IH K
magnets	M AE G N AH T S
magnificent	M AE G N IH F AH S AH N T
magnitude	M AE G N AH T UW D
magnolia	M AE G N OW L Y AH
magnum	M AE G N AH M
magpie	M AE G P AY
mags	M AE G Z
mah	M AA
maharashtra	M AA HH ER AA SH T R AH
mahogany	M AH HH AA G AH N IY
mai	M AY
maid	M EY D
maiden	M EY D AH N
mail	M EY L
mailbox	M EY L B AA K S
mailed	M EY L D
mailer	M EY L ER
mailing	M EY L IH NG
mailman	M EY L M AE N
mails	M EY L Z
main	M EY N
maine	M EY N
mainframe	M EY N F R EY M
mainland	M EY N L AE N D
mainly	M EY N L IY
mains	M EY N Z
mainstream	M EY N S T R IY M
maintain	M EY N T EY N
maintained	M EY N T EY N D
maintaining	M EY N T EY N IH NG
maintains	M EY N T EY N Z
maintenance	M EY N T AH N AH N S
mais	M EY S
maize	M EY Z
majestic	M AH JH EH S T IH K
majesty	M AE JH AH S T IY
major	M EY JH ER
majordomo	M EY JH ER D OW M OW
majority	M AH JH AO R AH T IY
majors	M EY JH ER Z
make	M EY K
makeover	M AE K OW V ER
maker	M EY K ER
makers	M EY K ER Z
makes	M EY K S
makeup	M EY K AH P
making	M EY K IH NG
mal	M AE L
malaga	M AE L AH G AH
malaria	M AH L EH R IY AH
malawi	M AH L AA W IY
malay	M EY L EY
malaysia	M AH L EY ZH AH
malaysian	M AH L EY ZH AH N
malcolm	M AE L K AH M
maldives	M AO L D AY V Z
male	M EY L
males	M EY L Z
mali	M AA L IY
malibu	M AE L AH B UW
malicious	M AH L IH SH AH S
malignant	M AH L IH G N AH N T
mall	M AO L
mallet	M AE L IH T
malls	M AO L Z
malone	M AH L OW N
malpractice	M AE L P R AE K T AH S
malt	M AO L T
malta	M AO L T AH
maltese	M AO L T IY Z
malware	M AE L W EH R
mama	M AA M AH
mambo	M AA M B OW
mammalian	M AH M EY L IY AH N
mammals	M AE M AH L Z
mammoth	M AE M AH TH
man	M AE N
mana	M AA N AH
manage	M AE N AH JH
managed	M AE N AH JH D
management	M AE N AH JH M AH N T
manager	M AE N AH JH ER
managerial	M AE N IH JH IH R IY AH L
managers	M AE N AH JH ER Z
manages	M AE N IH JH IH Z
managing	M AE N AH JH IH NG
manchester	M AE N CH EH S T ER
mandarin	M AE N D ER AH N
mandate	M AE N D EY T
mandated	M AE N D EY T IH D
mandates	M AE N D EY T S
mandatory	M AE N D AH T AO R IY
mandrake	M AE N D R EY K
mandy	M AE N D IY
manga	M AE NG G AH
mango	M AE NG G OW
manhattan	M AE N HH AE T AH N
mania	M EY N IY AH
manifest	M AE N AH F EH S T
manifesto	M AE N AH F EH S T OW
manifold	M AE N AH F OW L D
manila	M AH N IH L AH
manipulate	M AH N IH P Y AH L EY T
manipulated	M AH N IH P Y AH L EY T IH D
manipulation	M AH N IH P Y AH L EY SH AH N
manitoba	M AE N IH T OW B AH
mankind	M AE N K AY N D
mann	M AE N
manner	M AE N ER
manners	M AE N ER Z
manning	M AE N IH NG
manor	M AE N ER
manpower	M AE N P AW ER
mans	M AE N Z
mansfield	M AE N Z F IY L D
mansion	M AE N SH AH N
manson	M AE N S AH N
manta	M AE N T AH
mantle	M AE N T AH L
mantra	M AE N T R AH
manual	M AE N Y UW AH L
manually	M AE N Y UW AH L IY
manuals	M AE N Y UW AH L Z
manuel	M AA N W EH L
manufacture	M AE N Y AH F AE K CH ER
manufactured	M AE N Y AH F AE K CH ER D
manufacturer	M AE N Y AH F AE K CH ER ER
manufactures	M AE N Y AH F AE K CH ER Z
manure	M AH N UH R
manuscript	M AE N Y AH S K R IH P T
manuscripts	M AE N Y AH S K R IH P T S
many	M EH N IY
mao	M AW
maori	M AW R IY
map	M AE P
maple	M EY P AH L
mapped	M AE P T
mapping	M AE P IH NG
maps	M AE P S
mar	M AA R
mara	M AA R AH
marathon	M EH R AH TH AA N
marble	M AA R B AH L
marc	M AA R K
marcel	M AA R S EH L
march	M AA R CH
marching	M AA R CH IH NG
marcia	M AA R SH AH
marco	M AA R K OW
marcos	M AA R K OW S
marcus	M AA R K AH S
mardi	M AA R D IY
mare	M EH R
margaret	M AA R G ER IH T
margin	M AA R JH AH N
marginal	M AA R JH AH N AH L
margins	M AA R JH AH N Z
maria	M ER IY AH
mariah	M ER AY AH
marian	M EH R IY AH N
mariana	M EH R IY AE N AH
marianne	M EH R IY AE N
marie	M ER IY
marietta	M EH R IY EH T AH
marijuana	M EH R AH W AA N AH
marilyn	M EH R AH L AH N
marin	M EH R IH N
marina	M ER IY N AH
marine	M ER IY N
mariner	M EH R AH N ER
mariners	M EH R AH N ER Z
marines	M ER IY N Z
marino	M ER IY N OW
mario	M AA R IY OW
marion	M EH R IY AH N
marital	M EH R AH T AH L
maritime	M EH R AH T AY M
mark	M AA R K
marked	M AA R K T
marker	M AA R K ER
markers	M AA R K ER Z
market	M AA R K AH T
marketed	M AA R K AH T AH D
marketers	M AA R K AH T ER Z
marketing	M AA R K AH T IH NG
marketplace	M AA R K AH T P L EY S
markets	M AA R K AH T S
marking	M AA R K IH NG
markings	M AA R K IH NG Z
marks	M AA R K S
markup	M AA R K AH P
markus	M AA R K AH S
marlboro	M AA R L B ER OW
marlborough	M AA R L B ER OW
marley	M AA R L IY
marlin	M AA R L AH N
maroon	M ER UW N
marquette	M AA R K EH T
marquis	M AA R K IY
marriage	M EH R IH JH
marriages	M EH R IH JH IH Z
married	M EH R IY D
marriott	M EH R IY AH T
marrow	M EH R OW
marry	M EH R IY
mars	M AA R Z
marsh	M AA R SH
marshal	M AA R SH AH L
marshall	M AA R SH AH L
mart	M AA R T
marten	M AA R T AH N
martha	M AA R TH AH
martial	M AA R SH AH L
martin	M AA R T AH N
martinez	M AA R T IY N EH Z
martini	M AA R T IY N IY
martinique	M AA R T IH N IY K
marty	M AA R T IY
marvel	M AA R V AH L
marvelous	M AA R V AH L AH S
marvin	M AA R V IH N
marx	M AA R K S
mary	M EH R IY
maryland	M EH R AH L AH N D
mas	M AA Z
maserati	M AE S EH R AA T IY
mask	M AE S K
masks	M AE S K S
mason	M EY S AH N
masonry	M EY S AH N R IY
mass	M AE S
massacre	M AE S AH K ER
massage	M AH S AA ZH
masses	M AE S AH Z
massey	M AE S IY
massive	M AE S IH V
mast	M AE S T
master	M AE S T ER
masterbating	M AE S T ER B EY T IH NG
masterbation	M AE S T ER B EY SH AH N
mastercard	M AE S T ER K AA R D
mastering	M AE S T ER IH NG
masterpiece	M AE S T ER P IY S
masters	M AE S T ER Z
mastery	M AE S T ER IY
masturbating	M AE S T ER B EY T IH NG
masturbation	M AE S T ER B EY SH AH N
mat	M AE T
match	M AE CH
matched	M AE CH T
matches	M AE CH AH Z
matching	M AE CH IH NG
mate	M EY T
mateo	M AA T EY OW
material	M AH T IH R IY AH L
materially	M AH T IH R IY AH L IY
materials	M AH T IH R IY AH L Z
maternal	M AH T ER N AH L
maternity	M AH T ER N IH T IY
mates	M EY T S
math	M AE TH
mathematical	M AE TH AH M AE T IH K AH L
mathematics	M AE TH AH M AE T IH K S
mating	M EY T IH NG
matrices	M EY T R IH S IH Z
matrix	M EY T R IH K S
mats	M AE T S
matt	M AE T
matte	M AE T
matter	M AE T ER
matters	M AE T ER Z
matthew	M AE TH Y UW
matthews	M AE TH Y UW Z
matthias	M AH TH AY AH S
mattress	M AE T R AH S
mattresses	M AE T R AH S AH Z
mature	M AH CH UH R
maturity	M AH CH UH R AH T IY
maui	M AW IY
maureen	M AO R IY N
maurice	M AO R IY S
mauritania	M AO R IH T EY N IY AH
mauritius	M AO R IH T IY AH S
maven	M EY V AH N
maverick	M AE V ER IH K
max	M AE K S
maxi	M AE K S IY
maxim	M AE K S AH M
maximal	M AE K S AH M AH L
maximize	M AE K S AH M AY Z
maximizing	M AE K S AH M AY Z IH NG
maximum	M AE K S AH M AH M
maxtor	M AE K S T ER
maxwell	M AE K S W EH L
may	M EY
maya	M AY AH
maybe	M EY B IY
mayer	M EY ER
mayhem	M EY HH EH M
mayo	M EY OW
mayor	M EY ER
mayotte	M EY AO T
mazda	M AA Z D AH
maze	M EY Z
mba	EH M B IY EY
mcafee	M AE K AH F IY
mcbride	M AH K B R AY D
mccain	M AH K EY N
mccarthy	M AH K AA R TH IY
mccartney	M AH K AA R T N IY
mccormick	M AH K AO R M IH K
mccoy	M AH K OY
mcdonald	M AH K D AA N AH L D
mcdowell	M AH K D AW AH L
mcgee	M AH G IY
mcgill	M AH G IH L
mcgraw	M AH G R AO
mcgregor	M AH G R EH G ER
mcguire	M AH G W AY R
mckenzie	M AH K EH N Z IY
mckinney	M AH K IH N IY
mclaren	M AH K L EH R AH N
mclean	M AH K L IY N
mcmahon	M AH K M EY AH N
mead	M IY D
meade	M IY D
meadow	M EH D OW
meadows	M EH D OW Z
meal	M IY L
meals	M IY L Z
mean	M IY N
meaning	M IY N IH NG
meaningful	M IY N IH NG F AH L
meaningless	M IY N IH NG L AH S
meanings	M IY N IH NG Z
means	M IY N Z
meant	M EH N T
meantime	M IY N T AY M
meanwhile	M IY N W AY L
measurable	M EH ZH ER AH B AH L
measure	M EH ZH ER
measured	M EH ZH ER D
measurement	M EH ZH ER M AH N T
measurements	M EH ZH ER M AH N T S
measures	M EH ZH ER Z
measuring	M EH ZH ER IH NG
meat	M IY T
meats	M IY T S
mechanic	M AH K AE N IH K
mechanical	M AH K AE N IH K AH L
mechanics	M AH K AE N IH K S
mechanism	M EH K AH N IH Z AH M
mechanisms	M EH K AH N IH Z AH M Z
med	M EH D
medal	M EH D AH L
medals	M EH D AH L Z
medford	M EH D F ER D
media	M IY D IY AH
median	M IY D IY AH N
mediated	M IY D IY EY T IH D
mediation	M IY D IY EY SH AH N
mediator	M IY D IY EY T ER
medicaid	M EH D AH K EY D
medical	M EH D AH K AH L
medically	M EH D AH K L IY
medicare	M EH D AH K EH R
medication	M EH D AH K EY SH AH N
medications	M EH D AH K EY SH AH N Z
medicinal	M AH D IH S AH N AH L
medicine	M EH D AH S AH N
medicines	M EH D AH S AH N Z
medieval	M IH D IY V AH L
medina	M AH D AY N AH
meditation	M EH D AH T EY SH AH N
medium	M IY D IY AH M
medley	M EH D L IY
meet	M IY T
meeting	M IY T IH NG
meetings	M IY T IH NG Z
meets	M IY T S
meetup	M IY T AH P
meg	M EH G
mega	M EH G AH
megan	M EY G AH N
mehr	M EH R
mel	M EH L
melanie	M EH L AH N IY
melanoma	M EH L AH N OW M AH
melbourne	M EH L B ER N
melinda	M AH L IH N D AH
melissa	M AH L IH S AH
mellon	M EH L AH N
mellow	M EH L OW
melodies	M EH L AH D IY Z
melody	M EH L AH D IY
melt	M EH L T
melted	M EH L T AH D
melting	M EH L T IH NG
melvin	M EH L V IH N
member	M EH M B ER
members	M EH M B ER Z
membership	M EH M B ER SH IH P
memberships	M EH M B ER SH IH P S
membrane	M EH M B R EY N
membranes	M EH M B R EY N Z
memo	M EH M OW
memoir	M EH M W AA R
memoirs	M EH M W AA R Z
memorabilia	M EH M ER AH B IY L Y AH
memorable	M EH M ER AH B AH L
memorandum	M EH M ER AE N D AH M
memorial	M AH M AO R IY AH L
memorials	M AH M AO R IY AH L Z
memories	M EH M ER IY Z
memory	M EH M ER IY
memphis	M EH M F AH S
men	M EH N
menace	M EH N AH S
menopause	M EH N AH P AW Z
mens	M EH N Z
mental	M EH N T AH L
mentally	M EH N T AH L IY
mention	M EH N SH AH N
mentioned	M EH N SH AH N D
mentioning	M EH N SH AH N IH NG
mentions	M EH N SH AH N Z
mentor	M EH N T AO R
mentoring	M EH N T ER IH NG
mentors	M EH N T ER Z
menu	M EH N Y UW
menus	M EH N Y UW Z
mer	M EH R
mercedes	M ER S EY D IY Z
mercer	M ER S ER
merchandise	M ER CH AH N D AY Z
merchant	M ER CH AH N T
merchants	M ER CH AH N T S
merck	M ER K
mercury	M ER K Y ER IY
mercy	M ER S IY
mere	M IH R
meredith	M EH R IH D IH TH
merely	M IH R L IY
merge	M ER JH
merged	M ER JH D
merger	M ER JH ER
mergers	M ER JH ER Z
merging	M ER JH IH NG
meridian	M ER IH D IY AH N
merit	M EH R AH T
merits	M EH R AH T S
merlin	M ER L IH N
mermaid	M ER M EY D
merriam	M EH R IY AH M
merrill	M EH R AH L
merry	M EH R IY
mesa	M EY S AH
mesh	M EH SH
mesothelioma	M EH S AH TH IY L IY OW M AH
mess	M EH S
message	M EH S AH JH
messages	M EH S AH JH AH Z
messaging	M EH S IH JH IH NG
messenger	M EH S AH N JH ER
messiah	M AH S AY AH
messy	M EH S IY
met	M EH T
meta	M IY T AH
metabolic	M EH T AH B AA L IH K
metabolism	M AH T AE B AH L IH Z AH M
metal	M EH T AH L
metallic	M AH T AE L IH K
metallica	M AH T AE L IH K AH
metals	M EH T AH L Z
metaphor	M EH T AH F AO R
meteor	M IY T IY ER
meteorology	M IY T IY ER AA L AH JH IY
meter	M IY T ER
metering	M IY T ER IH NG
meters	M IY T ER Z
meth	M EH TH
methane	M EH TH EY N
method	M EH TH AH D
methodist	M EH TH AH D AH S T
methodology	M EH TH AH D AA L AH JH IY
methods	M EH TH AH D Z
methyl	M EH TH AH L
metre	M IY T ER
metres	M IY T ER Z
metric	M EH T R IH K
metrics	M EH T R IH K S
metro	M EH T R OW
metropolis	M AH T R AA P AH L AH S
metropolitan	M EH T R AH P AA L AH T AH N
mets	M EH T S
mexican	M EH K S AH K AH N
mexico	M EH K S AH K OW
meyer	M AY ER
mgm	EH M G IY EH M
mia	M IY AH
miami	M AY AE M IY
mib	M IH B
mic	M IH K
mica	M AY K AH
micah	M AY K AH
mice	M AY S
michael	M AY K AH L
michaels	M AY K AH L Z
michel	M IH SH EH L
michele	M IH SH EH L
michelle	M IH SH EH L
michigan	M IH SH IH G AH N
mick	M IH K
mickey	M IH K IY
micro	M AY K R OW
microbial	M AY K R OW B IY AH L
microbiology	M AY K R OW B AY AA L AH JH IY
micron	M AY K R AA N
micronesia	M AY K R OW N IY ZH AH
microphone	M AY K R AH F OW N
microphones	M AY K R OW F OW N Z
microscope	M AY K R AH S K OW P
microscopic	M AY K R AH S K AA P IH K
microscopy	M AY K R AH S K AH P IY
microsoft	M AY K R OW S AO F T
microsystems	M AY K R OW S IH S T AH M Z
microwave	M AY K R AH W EY V
mid	M IH D
middle	M IH D AH L
middlesex	M IH D AH L S EH K S
middleton	M IH D AH L T AH N
middletown	M IH D AH L T AW N
midget	M IH JH AH T
midi	M IY D IY
midland	M IH D L AE N D
midlands	M IH D L AE N D Z
midnight	M IH D N AY T
midst	M IH D S T
midtown	M IH D T AW N
midway	M IH D W EY
midwest	M IH D W EH S T
mifflin	M IH F L IH N
might	M AY T
mighty	M AY T IY
migraine	M AY G R EY N
migrant	M AY G R AH N T
migrants	M AY G R AH N T S
migrate	M AY G R EY T
migrating	M AY G R EY T IH NG
migration	M AY G R EY SH AH N
miguel	M IH G EH L
mike	M AY K
mikes	M AY K S
mil	M IH L
milan	M AH L AA N
milano	M IY L AA N OW
mild	M AY L D
mile	M AY L
mileage	M AY L AH JH
miles	M AY L Z
milestone	M AY L S T OW N
milestones	M AY L S T OW N Z
milford	M IH L F ER D
military	M IH L AH T EH R IY
militia	M AH L IH SH AH
milk	M IH L K
mill	M IH L
millennium	M AH L EH N IY AH M
miller	M IH L ER
milling	M IH L IH NG
million	M IH L Y AH N
millionaire	M IH L Y AH N EH R
millions	M IH L Y AH N Z
mills	M IH L Z
milton	M IH L T AH N
milwaukee	M IH L W AO K IY
mime	M AY M
mimi	M IY M IY
min	M IH N
mind	M AY N D
minded	M AY N D AH D
mindful	M AY N D F AH L
mindless	M AY N D L AH S
minds	M AY N D Z
mine	M AY N
miner	M AY N ER
mineral	M IH N ER AH L
minerals	M IH N ER AH L Z
miners	M AY N ER Z
mines	M AY N Z
ming	M IH NG
minh	M IH N
mini	M IH N IY
miniature	M IH N IY AH CH UH R
miniatures	M IH N IY AH CH ER Z
minimal	M IH N AH M AH L
minimize	M IH N AH M AY Z
minimizing	M IH N AH M AY Z IH NG
minimum	M IH N AH M AH M
mining	M AY N IH NG
minister	M IH N AH S T ER
ministerial	M IH N IH S T IY R IY AH L
ministers	M IH N AH S T ER Z
ministries	M IH N IH S T R IY Z
ministry	M IH N AH S T R IY
mink	M IH NG K
minneapolis	M IH N IY AE P AH L IH S
minnesota	M IH N IH S OW T AH
minnie	M IH N IY
minolta	M IH N AA L T AH
minor	M AY N ER
minorities	M AY N AO R AH T IY Z
minority	M AY N AO R AH T IY
minors	M AY N ER Z
mint	M IH N T
minus	M AY N AH S
minute	M IH N AH T
minutes	M IH N AH T S
mips	M IH P S
mir	M IH R
mira	M IH R AH
miracle	M IH R AH K AH L
miracles	M IH R AH K AH L Z
mirage	M ER AA ZH
miranda	M ER AE N D AH
miriam	M IH R IY AH M
mirror	M IH R ER
mirrors	M IH R ER Z
mis	M IH S
misconduct	M IH S K AA N D AH K T
miserable	M IH Z ER AH B AH L
misery	M IH Z ER IY
misleading	M IH S L IY D IH NG
misplace	M IH S P L EY S
miss	M IH S
missed	M IH S T
misses	M IH S AH Z
missile	M IH S AH L
missiles	M IH S AH L Z
missing	M IH S IH NG
mission	M IH SH AH N
missionaries	M IH SH AH N EH R IY Z
missionary	M IH SH AH N EH R IY
missions	M IH SH AH N Z
mississauga	M IH S IH S AO G AH
mississippi	M IH S IH S IH P IY
missouri	M AH Z UH R IY
missy	M IH S IY
mist	M IH S T
mistake	M IH S T EY K
mistaken	M IH S T EY K AH N
mistakes	M IH S T EY K S
mister	M IH S T ER
mistral	M IH S T R AH L
mistress	M IH S T R AH S
misty	M IH S T IY
misuse	M IH S Y UW Z
mit	EH M AY T IY
mitch	M IH CH
mitchell	M IH CH AH L
mitigate	M IH T AH G EY T
mitigation	M IH T IH G EY SH AH N
mitsubishi	M IH T S UW B IY SH IY
mix	M IH K S
mixed	M IH K S T
mixer	M IH K S ER
mixers	M IH K S ER Z
mixes	M IH K S AH Z
mixing	M IH K S IH NG
mixture	M IH K S CH ER
mixtures	M IH K S CH ER Z
mob	M AA B
mobil	M OW B AH L
mobile	M OW B AH L
mobiles	M OW B AH L Z
mobility	M OW B IH L AH T IY
mobilization	M OW B AH L AH Z EY SH AH N
moby	M OW B IY
mock	M AA K
mod	M AO D
modal	M OW D AH L
mode	M OW D
model	M AA D AH L
modeled	M AA D AH L D
modeling	M AA D AH L IH NG
modelling	M AA D AH L IH NG
models	M AA D AH L Z
modem	M OW D AH M
modems	M OW D AH M Z
moderate	M AA D ER AH T
moderated	M AA D ER EY T IH D
moderately	M AA D ER AH T L IY
moderation	M AA D ER EY SH AH N
moderator	M AA D ER EY T ER
moderators	M AA D ER EY T ER Z
modern	M AA D ER N
modes	M OW D Z
modest	M AA D AH S T
modification	M AA D AH F AH K EY SH AH N
modified	M AA D AH F AY D
modify	M AA D AH F AY
modifying	M AA D AH F AY IH NG
modular	M AA JH AH L ER
modulation	M AA JH AH L EY SH AH N
module	M AA JH UW L
modules	M AA JH UW L Z
moe	M OW
mohammed	M OW HH AE M IH D
moi	M W AA
moines	M OY N Z
moist	M OY S T
moisture	M OY S CH ER
mojo	M OW JH OW
mol	M AO L
mold	M OW L D
molded	M OW L D AH D
molding	M OW L D IH NG
moldova	M OW L D OW V AH
mole	M OW L
molecular	M AH L EH K Y AH L ER
molecule	M AA L AH K Y UW L
molecules	M AA L AH K Y UW L Z
molly	M AA L IY
mom	M AA M
moment	M OW M AH N T
moments	M OW M AH N T S
momentum	M OW M EH N T AH M
momma	M AA M AH
mommy	M AA M IY
moms	M AA M Z
mon	M OW N
mona	M OW N AH
monaco	M AA N AH K OW
monarch	M AA N AA R K
monastery	M AA N AH S T EH R IY
monday	M AH N D IY
mondays	M AH N D IY Z
monde	M AA N D
mondo	M AA N D OW
monetary	M AA N AH T EH R IY
money	M AH N IY
mongolia	M AA NG G OW L IY AH
monica	M AA N IH K AH
monies	M AH N IY Z
monitor	M AA N AH T ER
monitored	M AA N AH T ER D
monitoring	M AA N AH T ER IH NG
monitors	M AA N AH T ER Z
monk	M AH NG K
monkey	M AH NG K IY
monkeys	M AH NG K IY Z
monks	M AH NG K S
monmouth	M AA N M AH TH
mono	M OW N OW
monoclonal	M AA N AH K L OW N AH L
monogram	M AA N AH G R AE M
monolith	M AA N AH L IH TH
monophonic	M AA N AH F AA N IH K
monopoly	M AH N AA P AH L IY
monroe	M AH N R OW
monsoon	M AA N S UW N
monster	M AA N S T ER
monsters	M AA N S T ER Z
mont	M AA N T
montana	M AA N T AE N AH
monte	M AA N T IY
montenegro	M AA N T AH N EY G R OW
monterey	M AA N T ER EY
montgomery	M AA N T G AH M R IY
month	M AH N TH
monthly	M AH N TH L IY
months	M AH N TH S
montreal	M AH N T R IY AO L
montserrat	M AA N S ER AA T
monty	M AO N T IY
monument	M AA N Y UW M AH N T
monuments	M AA N Y AH M AH N T S
moo	M UW
mood	M UW D
moody	M UW D IY
moon	M UW N
moonlight	M UW N L AY T
moor	M UH R
moore	M UH R
moose	M UW S
mop	M AA P
moraine	M ER EY N
moral	M AO R AH L
morale	M ER AE L
morales	M ER AE L Z
morality	M ER AE L AH T IY
moran	M ER AE N
more	M AO R
moreover	M AO R OW V ER
morgan	M AO R G AH N
mormon	M AO R M AH N
morning	M AO R N IH NG
mornings	M AO R N IH NG Z
moroccan	M ER AA K AH N
morocco	M ER AA K OW
morphology	M AO R F AA L AH JH IY
morris	M AO R AH S
morrison	M AO R IH S AH N
morrow	M AA R OW
morse	M AO R S
mortal	M AO R T AH L
mortality	M AO R T AE L AH T IY
mortar	M AO R T ER
mortgage	M AO R G AH JH
mortgages	M AO R G AH JH AH Z
morton	M AO R T AH N
mos	M AO S
mosaic	M OW Z EY IH K
moscow	M AA S K OW
moses	M OW Z AH S
mosque	M AA S K
mosquito	M AH S K IY T OW
moss	M AO S
most	M OW S T
mostly	M OW S T L IY
motel	M OW T EH L
motels	M OW T EH L Z
moth	M AO TH
mother	M AH DH ER
motherboard	M AH DH ER B AO R D
mothers	M AH DH ER Z
motif	M OW T IY F
motion	M OW SH AH N
motions	M OW SH AH N Z
motivate	M OW T AH V EY T
motivated	M OW T AH V EY T AH D
motivation	M OW T AH V EY SH AH N
motivational	M OW T AH V EY SH AH N AH L
motive	M OW T IH V
motives	M OW T IH V Z
motley	M AA T L IY
moto	M OW T OW
motor	M OW T ER
motorcycle	M OW T ER S AY K AH L
motorcycles	M OW T ER S AY K AH L Z
motoring	M OW T ER IH NG
motorized	M OW T ER AY Z D
motorola	M OW T ER OW L AH
motors	M OW T ER Z
motto	M AA T OW
mound	M AW N D
mount	M AW N T
mountain	M AW N T AH N
mountains	M AW N T AH N Z
mounted	M AW N T AH D
mounting	M AW N T IH NG
mounts	M AW N T S
mourning	M AO R N IH NG
mouse	M AW S
mouth	M AW TH
movable	M UW V AH B AH L
move	M UW V
moved	M UW V D
movement	M UW V M AH N T
movements	M UW V M AH N T S
mover	M UW V ER
movers	M UW V ER Z
moves	M UW V Z
movie	M UW V IY
movies	M UW V IY Z
moving	M UW V IH NG
moxie	M AA K S IY
mozambique	M OW Z AE M B IY K
mozart	M OW Z AA R T
mpeg	EH M P EH G
mpg	EH M P IY JH IY
mph	EH M P IY EY CH
mri	EH M AA R AY
mrs	M IH S IH Z
mtv	EH M T IY V IY
much	M AH CH
mud	M AH D
muddy	M AH D IY
mueller	M Y UW L ER
mug	M AH G
mugs	M AH G Z
muhammad	M UH HH AA M AH D
mule	M Y UW L
muller	M AH L ER
multi	M AH L T IY
multilateral	M AH L T IH L AE T ER AH L
multilingual	M AH L T IY L IH NG W AH L
multimedia	M AH L T IY M IY D IY AH
multiplayer	M AH L T IY P L EY ER
multiple	M AH L T AH P AH L
multiplied	M AH L T AH P L AY D
multiply	M AH L T AH P L AY
multitude	M AH L T AH T UW D
mum	M AH M
mumbai	M UH M B AY
mummy	M AH M IY
mundo	M AH N D OW
munich	M Y UW N IH K
municipal	M Y UW N IH S AH P AH L
municipality	M Y UW N IH S AH P AE L AH T IY
murakami	M UH R AA K AA M IY
murder	M ER D ER
murdered	M ER D ER D
murders	M ER D ER Z
murphy	M ER F IY
murray	M ER IY
muscle	M AH S AH L
muscles	M AH S AH L Z
muscular	M AH S K Y AH L ER
muse	M Y UW Z
museum	M Y UW Z IY AH M
museums	M Y UW Z IY AH M Z
mushroom	M AH SH R UW M
mushrooms	M AH SH R UW M Z
music	M Y UW Z IH K
musica	M Y UW Z IH K AH
musical	M Y UW Z IH K AH L
musicals	M Y UW Z IH K AH L Z
musician	M Y UW Z IH SH AH N
musicians	M Y UW Z IH SH AH N Z
musings	M Y UW Z IH NG Z
muslim	M AH Z L AH M
muslims	M AH Z L AH M Z
must	M AH S T
mustang	M AH S T AE NG
mustard	M AH S T ER D
mutant	M Y UW T AH N T
mutants	M Y UW T AH N T S
mutation	M Y UW T EY SH AH N
mutations	M Y UW T EY SH AH N Z
mute	M Y UW T
mutual	M Y UW CH UW AH L
mutually	M Y UW CH UW AH L IY
myanmar	M Y AA N M AA R
myers	M AY ER Z
myocardial	M AY AH K AA R D IY AH L
myriad	M IH R IY AH D
myrtle	M ER T AH L
myself	M AY S EH L F
myspace	M AY S P EY S
mysteries	M IH S T ER IY Z
mysterious	M IH S T IH R IY AH S
mystery	M IH S T ER IY
mystic	M IH S T IH K
mystical	M IH S T IH K AH L
myth	M IH TH
mythic	M IH TH IH K
mythology	M AH TH AA L AH JH IY
myths	M IH TH S
nacional	N EY S IY AH N AH L
nad	N AE D
nadir	N EY D ER
nail	N EY L
nails	N EY L Z
nairobi	N AY R OW B IY
naive	N AY IY V
naked	N EY K AH D
nam	N AE M
name	N EY M
named	N EY M D
namely	N EY M L IY
names	N EY M Z
namibia	N AH M IH B IY AH
naming	N EY M IH NG
nan	N AE N
nancy	N AE N S IY
nanny	N AE N IY
nano	N AA N OW
naomi	N EY OW M IY
nap	N AE P
napa	N AE P AH
naples	N EY P AH L Z
napoleon	N AH P OW L IY AH N
napster	N AE P S T ER
narnia	N AA R N IY AA
narrative	N AE R AH T IH V
narrator	N EH R EY T ER
narrow	N EH R OW
nasa	N AE S AH
nasal	N EY Z AH L
nascar	N AE S K AA R
nasdaq	N AE Z D AE K
nash	N AE SH
nashville	N AE SH V IH L
nassau	N AE S AO
nasty	N AE S T IY
nat	N AE T
natal	N EY T AH L
natalie	N AE T AH L IY
natasha	N AH T AA SH AH
nate	N EY T
nathan	N EY TH AH N
nathaniel	N AH TH AE N Y AH L
nation	N EY SH AH N
national	N AE SH AH N AH L
nationalism	N AE SH AH N AH L IH Z AH M
nationalist	N AE SH AH N AH L AH S T
nationality	N AE SH AH N AE L AH T IY
nationally	N AE SH AH N AH L IY
nationals	N AE SH AH N AH L Z
nations	N EY SH AH N Z
nationwide	N EY SH AH N W AY D
native	N EY T IH V
natives	N EY T IH V Z
nato	N EY T OW
natural	N AE CH ER AH L
naturally	N AE CH ER AH L IY
nature	N EY CH ER
naughty	N AO T IY
nausea	N AO Z IY AH
nautical	N AO T AH K AH L
nav	N AE V
navajo	N AA V AH HH OW
naval	N EY V AH L
navigate	N AE V AH G EY T
navigation	N AE V AH G EY SH AH N
navigational	N AE V AH G EY SH AH N AH L
navigator	N AE V AH G EY T ER
navy	N EY V IY
nay	N EY
nazi	N AA T S IY
nazis	N AA T S IY Z
nba	EH N B IY EY
nbc	EH N B IY S IY
neal	N IY L
near	N IH R
nearby	N IH R B AY
nearest	N IH R AH S T
nearly	N IH R L IY
neat	N IY T
nebraska	N AH B R AE S K AH
nec	N EH K
necessarily	N EH S AH S EH R AH L IY
necessary	N EH S AH S EH R IY
necessity	N AH S EH S AH T IY
neck	N EH K
necklace	N EH K L AH S
necklaces	N EH K L AH S IH Z
nectar	N EH K T ER
ned	N EH D
nederland	N EH D ER L AH N D
need	N IY D
needed	N IY D AH D
needing	N IY D IH NG
needle	N IY D AH L
needles	N IY D AH L Z
needless	N IY D L AH S
needs	N IY D Z
needy	N IY D IY
negative	N EH G AH T IH V
negatively	N EH G AH T IH V L IY
neglect	N AH G L EH K T
neglected	N AH G L EH K T AH D
negligence	N EH G L AH JH AH N S
negligible	N EH G L AH JH AH B AH L
negotiable	N AH G OW SH AH B AH L
negotiate	N AH G OW SH IY EY T
negotiated	N AH G OW SH IY EY T AH D
negotiating	N IH G OW SH IY EY T IH NG
negotiation	N IH G OW SH IY EY SH AH N
negotiations	N AH G OW SH IY EY SH AH N Z
negro	N IY G R OW
neighbor	N EY B ER
neighborhood	N EY B ER HH UH D
neighboring	N EY B ER IH NG
neighbors	N EY B ER Z
neighbour	N EY B ER
neighbouring	N EY B ER IH NG
neighbours	N EY B ER Z
neil	N IY L
neither	N IY DH ER
nel	N EH L
nelly	N EH L IY
nelson	N EH L S AH N
nemo	N EH M OW
neo	N IY OW
neon	N IY AA N
neonatal	N IY OW N EY T AH L
nepal	N AH P AO L
nephew	N EH F Y UW
neptune	N EH P T UW N
nerd	N ER D
nero	N IH R OW
nerve	N ER V
nerves	N ER V Z
nervous	N ER V AH S
nes	N EH S
ness	N EH S
nest	N EH S T
nested	N EH S T AH D
nesting	N EH S T IH NG
net	N EH T
netherlands	N EH DH ER L AH N D Z
nets	N EH T S
netscape	N EH T S K EY P
netware	N EH T W EH R
network	N EH T W ER K
networked	N EH T W ER K T
networking	N EH T W ER K IH NG
networks	N EH T W ER K S
neu	N OY
neural	N UH R AH L
neurological	N UH R AH L AA JH IH K AH L
neurology	N UH R AA L AH JH IY
neurons	N UH R AA N Z
neuroscience	N Y UH R OW S AY AH N S
neutral	N UW T R AH L
neutron	N UW T R AA N
nevada	N AH V AA D AH
never	N EH V ER
nevertheless	N EH V ER DH AH L EH S
neville	N EH V IH L
nevis	N EH V IH S
new	N UW
newark	N UW ER K
newbie	N UW B IY
newborn	N UW B AO R N
newbury	N UW B EH R IY
newcastle	N UW K AE S AH L
newcomers	N UW K AH M ER Z
newer	N UW ER
newest	N UW AH S T
newfoundland	N UW F AH N D L AH N D
newly	N UW L IY
newman	N UW M AH N
newport	N UW P AO R T
news	N UW Z
newsgroup	N UW Z G R UW P
newsgroups	N UW Z G R UW P S
newsletter	N UW Z L EH T ER
newsletters	N UW Z L EH T ER Z
newspaper	N UW Z P EY P ER
newspapers	N UW Z P EY P ER Z
newsroom	N UW Z R UW M
newsweek	N UW Z W IY K
newswire	N UW Z W AY R
newton	N UW T AH N
next	N EH K S T
nextel	N EH K S T EH L
nexus	N EH K S AH S
nfl	EH N EH F EH L
ngo	EH NG G OW
ngos	EH NG G OW Z
nguyen	N UW Y EH N
niagara	N AY AE G R AH
nib	N IH B
nic	N IH K
nicaragua	N IH K ER AA G W AH
nice	N AY S
nicely	N AY S L IY
niche	N IH CH
nicholas	N IH K AH L AH S
nichols	N IH K AH L Z
nicholson	N IH K AH L S AH N
nick	N IH K
nickel	N IH K AH L
nickname	N IH K N EY M
nicolas	N IH K AH L AH S
nicole	N IH K OW L
nicotine	N IH K AH T IY N
nie	N IY
nielsen	N IY L S AH N
nifty	N IH F T IY
nigel	N AY JH AH L
niger	N AY JH ER
nigeria	N AY JH IH R IY AH
nigerian	N AY JH IH R IY AH N
night	N AY T
nightclub	N AY T K L AH B
nightlife	N AY T L AY F
nightly	N AY T L IY
nightmare	N AY T M EH R
nights	N AY T S
nike	N AY K IY
nikki	N IH K IY
nikon	N AY K AA N
nil	N IH L
nile	N AY L
nimble	N IH M B AH L
nimbus	N IH M B AH S
nina	N IY N AH
nine	N AY N
nineteenth	N AY N T IY N TH
ninety	N AY N T IY
ninja	N IH N JH AH
nintendo	N IH N T EH N D OW
ninth	N AY N TH
nip	N IH P
nipple	N IH P AH L
nipples	N IH P AH L Z
nirvana	N IH R V AA N AH
nissan	N IY S AA N
nist	N IH S T
nite	N AY T
nitrate	N AY T R EY T
nitro	N IH T R OW
nitrogen	N AY T R AH JH AH N
nixon	N IH K S AH N
nmr	EH N EH M AA R
noaa	N OW AH
noah	N OW AH
nobel	N OW B EH L
noble	N OW B AH L
nobody	N OW B AA D IY
nod	N AA D
nodded	N AA D AH D
node	N OW D
nodes	N OW D Z
noel	N OW EH L
noir	N OY R
noise	N OY Z
noisy	N OY Z IY
nokia	N OW K IY AH
nolan	N OW L AH N
nom	N AA M
nominal	N AA M AH N AH L
nominate	N AA M AH N AH T
nominated	N AA M AH N EY T AH D
nomination	N AA M AH N EY SH AH N
nominations	N AA M AH N EY SH AH N Z
nominee	N AA M AH N IY
nominees	N AA M AH N IY Z
non	N AA N
none	N AH N
nonetheless	N AH N DH AH L EH S
nonfiction	N AA N F IH K SH AH N
nonlinear	N AA N L IH N IY ER
nonprofit	N AA N P R AA F AH T
nonsense	N AA N S EH N S
noodles	N UW D AH L Z
noon	N UW N
nope	N OW P
nor	N AO R
nora	N AO R AH
nord	N AO R D
nordic	N AO R D IH K
norfolk	N AO R F AH K
norm	N AO R M
norma	N AO R M AH
normal	N AO R M AH L
normalized	N AO R M AH L AY Z D
normally	N AO R M AH L IY
norman	N AO R M AH N
norms	N AO R M Z
norris	N AO R IH S
nortel	N AO R T EH L
north	N AO R TH
northampton	N AO R TH AE M P T AH N
northeast	N AO R TH IY S T
northeastern	N AO R TH IY S T ER N
northern	N AO R DH ER N
northwest	N AO R TH W EH S T
northwestern	N AO R TH W EH S T ER N
norton	N AO R T AH N
norway	N AO R W EY
norwegian	N AO R W IY JH AH N
norwich	N AO R W IH CH
norwood	N AO R W UH D
nose	N OW Z
nostalgia	N AO S T AE L JH AH
not	N AA T
notable	N OW T AH B AH L
notably	N OW T AH B L IY
notation	N OW T EY SH AH N
notch	N AA CH
note	N OW T
notebook	N OW T B UH K
notebooks	N OW T B UH K S
noted	N OW T AH D
notes	N OW T S
noteworthy	N OW T W ER DH IY
nothing	N AH TH IH NG
notice	N OW T AH S
noticeable	N OW T AH S AH B AH L
noticed	N OW T AH S T
notices	N OW T AH S AH Z
notification	N OW T AH F AH K EY SH AH N
notified	N OW T AH F AY D
notify	N OW T AH F AY
noting	N OW T IH NG
notion	N OW SH AH N
notions	N OW SH AH N Z
notorious	N OW T AO R IY AH S
notre	N OW T R AH
nottingham	N AA T IH NG HH AE M
noun	N AW N
nous	N UW S
nouveau	N UW V OW
nov	N OW V
nova	N OW V AH
novel	N AA V AH L
novell	N OW V EH L
novels	N AA V AH L Z
novelties	N AA V AH L T IY Z
novelty	N AA V AH L T IY
november	N OW V EH M B ER
novice	N AA V AH S
novo	N OW V OW
now	N AW
nowadays	N AW AH D EY Z
nowhere	N OW W EH R
nozzle	N AA Z AH L
npr	EH N P IY AA R
nuclear	N UW K L IY ER
nuclei	N UW K L IY AY
nucleic	N UW K L EY IH K
nucleotide	N UW K L IY AH T AY D
nucleus	N UW K L IY AH S
nude	N UW D
nudes	N UW D Z
nudge	N AH JH
nudist	N UW D IH S T
nudity	N UW D IH T IY
nuevo	N W EY V OW
nuggets	N AH G AH T S
nuisance	N UW S AH N S
nuke	N UW K
null	N AH L
number	N AH M B ER
numbered	N AH M B ER D
numbering	N AH M B ER IH NG
numbers	N AH M B ER Z
numeric	N UW M EH R IH K
numerical	N UW M EH R AH K AH L
numerous	N UW M ER AH S
nunavut	N UH N AH V AH T
nur	N UH R
nurse	N ER S
nursery	N ER S ER IY
nurses	N ER S AH Z
nursing	N ER S IH NG
nurture	N ER CH ER
nut	N AH T
nutmeg	N AH T M EH G
nutrient	N UW T R IY AH N T
nutrients	N UW T R IY AH N T S
nutrition	N UW T R IH SH AH N
nutritional	N UW T R IH SH AH N AH L
nuts	N AH T S
nvidia	EH N V IH D IY AH
nylon	N AY L AA N
nylons	N AY L AA N Z
oahu	OW AA HH UW
oak	OW K
oakland	OW K L AH N D
oakley	OW K L IY
oaks	OW K S
oakwood	OW K W UH D
oasis	OW EY S IH S
oat	OW T
oath	OW TH
obedience	OW B IY D IY AH N S
obese	OW B IY S
obesity	OW B IY S AH T IY
obey	OW B EY
obituaries	OW B IH CH UW EH R IY Z
obituary	OW B IH CH UW EH R IY
object	AA B JH EH K T
objection	AH B JH EH K SH AH N
objections	AH B JH EH K SH AH N Z
objective	AH B JH EH K T IH V
objectives	AH B JH EH K T IH V Z
objects	AA B JH EH K T S
obligated	AA B L AH G EY T IH D
obligation	AA B L AH G EY SH AH N
obligations	AA B L AH G EY SH AH N Z
obliged	AH B L AY JH D
oblique	AH B L IY K
obscene	AA B S IY N
obscure	AH B S K Y UH R
observation	AA B Z ER V EY SH AH N
observations	AA B Z ER V EY SH AH N Z
observatory	AH B Z ER V AH T AO R IY
observe	AH B Z ER V
observed	AH B Z ER V D
observer	AH B Z ER V ER
observers	AH B Z ER V ER Z
observing	AH B Z ER V IH NG
obsessed	AH B S EH S T
obsession	AH B S EH SH AH N
obsolete	AA B S AH L IY T
obstacle	AA B S T AH K AH L
obstacles	AA B S T AH K AH L Z
obstetrics	AH B S T EH T R IH K S
obstruction	AH B S T R AH K SH AH N
obtain	AH B T EY N
obtained	AH B T EY N D
obtaining	AH B T EY N IH NG
obvious	AA B V IY AH S
obviously	AA B V IY AH S L IY
occasion	AH K EY ZH AH N
occasional	AH K EY ZH AH N AH L
occasionally	AH K EY ZH AH N AH L IY
occasions	AH K EY ZH AH N Z
occult	AH K AH L T
occupancy	AA K Y AH P AH N S IY
occupation	AA K Y AH P EY SH AH N
occupational	AA K Y AH P EY SH AH N AH L
occupations	AA K Y AH P EY SH AH N Z
occupied	AA K Y AH P AY D
occupy	AA K Y AH P AY
occur	AH K ER
occurred	AH K ER D
occurrence	AH K ER AH N S
occurrences	AH K ER AH N S IH Z
occurring	AH K ER IH NG
occurs	AH K ER Z
ocean	OW SH AH N
oceania	OW SH IY AE N Y AH
oceanic	OW SH IY AE N IH K
oceans	OW SH AH N Z
ocelot	AA S AH L AA T
och	AA K
ochre	OW K ER
oct	AO K T
octave	AA K T IH V
octet	AA K T EH T
october	AA K T OW B ER
odd	AA D
odds	AA D Z
ode	OW D
oder	OW D ER
odessa	OW D EH S AH
odor	OW D ER
odyssey	AA D AH S IY
oecd	OW IY S IY D IY
off	AO F
offended	AH F EH N D AH D
offender	AH F EH N D ER
offenders	AH F EH N D ER Z
offense	AH F EH N S
offenses	AH F EH N S IH Z
offensive	AH F EH N S IH V
offer	AO F ER
offered	AO F ER D
offering	AO F ER IH NG
offerings	AO F ER IH NG Z
offers	AO F ER Z
office	AO F IH S
officer	AO F AH S ER
officers	AO F AH S ER Z
offices	AO F AH S AH Z
official	AH F IH SH AH L
officially	AH F IH SH AH L IY
officials	AH F IH SH AH L Z
offline	AO F L AY N
offs	AO F S
offset	AO F S EH T
offshore	AO F SH AO R
offspring	AO F S P R IH NG
often	AO F AH N
ogden	AA G D AH N
ogg	AA G
ohio	OW HH AY OW
ohm	OW M
oil	OY L
oils	OY L Z
okay	OW K EY
oki	OW K IY
oklahoma	OW K L AH HH OW M AH
old	OW L D
older	OW L D ER
oldest	OW L D AH S T
oldham	OW L D AH M
oldies	OW L D IY Z
olds	OW L D Z
oldsmobile	OW L D Z M OW B IY L
ole	OW L
olive	AA L AH V
oliver	AA L AH V ER
olivia	OW L IH V IY AH
olivier	OW L IH V IY EY
olsen	OW L S AH N
olson	OW L S AH N
olympia	OW L IH M P IY AH
olympic	OW L IH M P IH K
olympics	OW L IH M P IH K S
olympus	OW L IH M P AH S
omaha	OW M AH HH AA
oman	OW M AA N
omar	OW M AA R
ombudsman	AA M B AH D Z M AH N
omega	OW M EH G AH
omission	OW M IH SH AH N
omissions	OW M IH SH AH N Z
omit	OW M IH T
omitted	OW M IH T AH D
omni	AA M N IY
onboard	AA N B AO R D
once	W AH N S
oncology	AA NG K AA L AH JH IY
one	W AH N
ones	W AH N Z
oneself	W AH N S EH L F
ongoing	AA N G OW IH NG
onion	AH N Y AH N
onions	AH N Y AH N Z
online	AO N L AY N
only	OW N L IY
ons	AA N Z
onset	AA N S EH T
onsite	AA N S AY T
ontario	AA N T EH R IY OW
onto	AA N T UW
ontology	AA N T AA L AH JH IY
onwards	AA N W ER D Z
onyx	AA N IH K S
ooh	UW
oops	UW P S
opal	OW P AH L
opaque	OW P EY K
open	OW P AH N
opened	OW P AH N D
opener	OW P AH N ER
opening	OW P AH N IH NG
openings	OW P AH N IH NG Z
openly	OW P AH N L IY
openness	OW P AH N N AH S
opens	OW P AH N Z
opera	AA P R AH
operate	AA P ER EY T
operated	AA P ER EY T AH D
operates	AA P ER EY T S
operating	AA P ER EY T IH NG
operation	AA P ER EY SH AH N
operational	AA P ER EY SH AH N AH L
operations	AA P ER EY SH AH N Z
operative	AA P ER AH T IH V
operator	AA P ER EY T ER
operators	AA P ER EY T ER Z
opinion	AH P IH N Y AH N
opinions	AH P IH N Y AH N Z
opp	AA P
opponent	AH P OW N AH N T
opponents	AH P OW N AH N T S
opportunity	AA P ER T UW N AH T IY
oppose	AH P OW Z
opposed	AH P OW Z D
opposing	AH P OW Z IH NG
opposite	AA P AH Z AH T
opposition	AA P AH Z IH SH AH N
oppression	AH P R EH SH AH N
oprah	OW P R AH
ops	AA P S
opt	AA P T
opted	AA P T IH D
optic	AA P T IH K
optical	AA P T IH K AH L
optics	AA P T IH K S
optimal	AA P T AH M AH L
optimism	AA P T AH M IH Z AH M
optimistic	AA P T AH M IH S T IH K
optimization	AA P T AH M AH Z EY SH AH N
optimize	AA P T AH M AY Z
optimized	AA P T AH M AY Z D
optimizing	AA P T AH M AY Z IH NG
optimum	AA P T AH M AH M
option	AA P SH AH N
optional	AA P SH AH N AH L
options	AA P SH AH N Z
opus	OW P AH S
ora	AO R AH
oracle	AO R AH K AH L
oral	AO R AH L
orange	AO R AH N JH
orb	AO R B
orbit	AO R B AH T
orbital	AO R B AH T AH L
orchard	AO R CH ER D
orchestra	AO R K AH S T R AH
orchid	AO R K AH D
ord	AO R D
order	AO R D ER
ordered	AO R D ER D
ordering	AO R D ER IH NG
orders	AO R D ER Z
ordinance	AO R D AH N AH N S
ordinances	AO R D AH N AH N S IH Z
ordinary	AO R D AH N EH R IY
ordination	AO R D AH N EY SH AH N
ore	AO R
oregon	AO R AH G AH N
orf	AO R F
org	AO R G
organ	AO R G AH N
organic	AO R G AE N IH K
organisation	AO R G AH N IH Z EY SH AH N
organism	AO R G AH N IH Z AH M
organisms	AO R G AH N IH Z AH M Z
organization	AO R G AH N AH Z EY SH AH N
organize	AO R G AH N AY Z
organized	AO R G AH N AY Z D
organizer	AO R G AH N AY Z ER
organizers	AO R G AH N AY Z ER Z
organizing	AO R G AH N AY Z IH NG
organs	AO R G AH N Z
orgasm	AO R G AE Z AH M
orgasms	AO R G AE Z AH M Z
orgies	AO R JH IY Z
orgy	AO R JH IY
orient	AO R IY EH N T
oriental	AO R IY EH N T AH L
orientation	AO R IY EH N T EY SH AH N
oriented	AO R IY EH N T AH D
origin	AO R AH JH AH N
original	ER IH JH AH N AH L
originally	ER IH JH AH N AH L IY
originals	ER IH JH AH N AH L Z
originated	ER IH JH AH N EY T AH D
originating	ER IH JH AH N EY T IH NG
originator	ER IH JH AH N EY T ER
origins	AO R AH JH IH N Z
oriole	AO R IY OW L
orioles	AO R IY OW L Z
orion	OW R AY AH N
orlando	AO R L AE N D OW
orleans	AO R L IY AH N Z
ornament	AO R N AH M AH N T
ornamental	AO R N AH M EH N T AH L
ornaments	AO R N AH M AH N T S
ornate	AO R N EY T
oro	AO R OW
orphan	AO R F AH N
ortho	AO R TH OW
orthodox	AO R TH AH D AA K S
orthopedic	AO R TH AH P IY D IH K
oryx	AO R IH K S
osaka	OW S AA K AH
osama	OW S AA M AH
osborne	AO Z B AO R N
oscar	AO S K ER
osha	OW SH AH
oslo	AA Z L OW
osprey	AO S P R IY
oss	AO S
osteoporosis	AO S T IY AA P ER OW S IH S
other	AH DH ER
others	AH DH ER Z
otherwise	AH DH ER W AY Z
otis	OW T IH S
ottawa	AA T AH W AA
otter	AA T ER
otto	AA T OW
ottoman	AA T AH M AH N
ought	AO T
ounce	AW N S
ounces	AW N S AH Z
our	AW ER
ours	AW ER Z
ourselves	AW ER S EH L V Z
out	AW T
outback	AW T B AE K
outbound	AW T B AW N D
outbreak	AW T B R EY K
outcome	AW T K AH M
outcomes	AW T K AH M Z
outdated	AW T D EY T IH D
outdoor	AW T D AO R
outdoors	AW T D AO R Z
outer	AW T ER
outerwear	AW T ER W EH R
outfit	AW T F IH T
outfits	AW T F IH T S
outfitters	AW T F IH T ER Z
outgoing	AW T G OW IH NG
outing	AW T IH NG
outlaw	AW T L AO
outlet	AW T L EH T
outlets	AW T L EH T S
outline	AW T L AY N
outlined	AW T L AY N D
outlines	AW T L AY N Z
outlook	AW T L UH K
outlying	AW T L AY IH NG
outpatient	AW T P EY SH AH N T
outpost	AW T P OW S T
output	AW T P UH T
outputs	AW T P UH T S
outrageous	AW T R EY JH AH S
outreach	AW T R IY CH
outright	AW T R AY T
outs	AW T S
outside	AW T S AY D
outsourcing	AW T S AO R S IH NG
outstanding	AW T S T AE N D IH NG
outward	AW T W ER D
oval	OW V AH L
ovarian	OW V EH R IY AH N
oven	AH V AH N
ovens	AH V AH N Z
over	OW V ER
overall	OW V ER AO L
overcast	OW V ER K AE S T
overcome	OW V ER K AH M
overcoming	OW V ER K AH M IH NG
overdose	OW V ER D OW S
overdrive	OW V ER D R AY V
overflow	OW V ER F L OW
overhaul	OW V ER HH AO L
overhead	OW V ER HH EH D
overland	OW V ER L AE N D
overlap	OW V ER L AE P
overlapping	OW V ER L AE P IH NG
overlay	OW V ER L EY
overload	OW V ER L OW D
overlooked	OW V ER L UH K T
overlooking	OW V ER L UH K IH NG
overly	OW V ER L IY
overnight	OW V ER N AY T
override	OW V ER R AY D
overseas	OW V ER S IY Z
oversee	OW V ER S IY
oversight	OW V ER S AY T
oversized	OW V ER S AY Z D
overstock	OW V ER S T AA K
overtime	OW V ER T AY M
overture	OW V ER CH ER
overview	OW V ER V Y UW
overweight	OW V ER W EY T
overwhelmed	OW V ER W EH L M D
overwhelming	OW V ER W EH L M IH NG
owe	OW
owed	OW D
owen	OW AH N
owens	OW AH N Z
owing	OW IH NG
owl	AW L
owls	AW L Z
own	OW N
owned	OW N D
owner	OW N ER
owners	OW N ER Z
ownership	OW N ER SH IH P
owning	OW N IH NG
owns	OW N Z
oxford	AA K S F ER D
oxidation	AA K S AH D EY SH AH N
oxide	AA K S AY D
oxley	AA K S L IY
oxygen	AA K S AH JH AH N
oyster	OY S T ER
ozone	OW Z OW N
pablo	P AA B L OW
pac	P AE K
pace	P EY S
paced	P EY S T
pacific	P AH S IH F IH K
pack	P AE K
package	P AE K AH JH
packaged	P AE K IH JH D
packages	P AE K AH JH AH Z
packaging	P AE K IH JH IH NG
packard	P AE K ER D
packed	P AE K T
packers	P AE K ER Z
packet	P AE K AH T
packets	P AE K IH T S
packing	P AE K IH NG
packs	P AE K S
pact	P AE K T
pad	P AE D
padded	P AE D IH D
padding	P AE D IH NG
paddle	P AE D AH L
paddy	P AE D IY
padres	P AE D R EY Z
pads	P AE D Z
pagan	P EY G AH N
page	P EY JH
pageant	P AE JH AH N T
pager	P EY JH ER
pages	P EY JH AH Z
paging	P EY JH IH NG
paid	P EY D
paige	P EY JH
pain	P EY N
painful	P EY N F AH L
pains	P EY N Z
paint	P EY N T
paintball	P EY N T B AA L
painted	P EY N T IH D
painter	P EY N T ER
painters	P EY N T ER Z
painting	P EY N T IH NG
paintings	P EY N T IH NG Z
paints	P EY N T S
pair	P EH R
paired	P EH R D
pairs	P EH R Z
pak	P AE K
pakistan	P AE K IH S T AE N
pakistani	P AE K IH S T AE N IY
pal	P AE L
palace	P AE L AH S
palau	P AE L AW
pale	P EY L
palestine	P AE L AH S T AY N
palestinian	P AE L IH S T IH N IY AH N
palestinians	P AE L IH S T IH N IY AH N Z
palette	P AE L AH T
pallet	P AE L AH T
palm	P AA M
palma	P AA L M AH
palmer	P AA M ER
palms	P AA M Z
palo	P AE L OW
pals	P AE L Z
pam	P AE M
pamela	P AE M AH L AH
pan	P AE N
panama	P AE N AH M AA
panasonic	P AE N AH S AA N IH K
pancreatic	P AE N K R IY AE T IH K
panda	P AE N D AH
pandemic	P AE N D EH M IH K
pane	P EY N
panel	P AE N AH L
panels	P AE N AH L Z
panic	P AE N IH K
panorama	P AE N ER AE M AH
panoramic	P AE N ER AE M IH K
pans	P AE N Z
pant	P AE N T
pantera	P AE N T EH R AH
panther	P AE N TH ER
panthers	P AE N TH ER Z
panties	P AE N T IY Z
pants	P AE N T S
panty	P AE N T IY
pantyhose	P AE N T IY HH OW Z
paolo	P AW L OW
pap	P AE P
papa	P AA P AH
paper	P EY P ER
paperback	P EY P ER B AE K
paperbacks	P EY P ER B AE K S
papers	P EY P ER Z
paperwork	P EY P ER W ER K
papua	P AE P Y UW AH
par	P AA R
para	P EH R AH
parable	P EH R AH B AH L
parade	P ER EY D
paradigm	P EH R AH D AY M
paradise	P EH R AH D AY S
paradox	P EH R AH D AA K S
paragon	P EH R AH G AA N
paragraph	P AE R AH G R AE F
paragraphs	P AE R AH G R AE F S
paraguay	P EH R AH G W EY
paralegal	P EH R AH L IY G AH L
parallax	P EH R AH L AE K S
parallel	P EH R AH L EH L
parameter	P ER AE M AH T ER
parameters	P ER AE M AH T ER Z
paramount	P EH R AH M AW N T
paranoid	P EH R AH N OY D
paranormal	P EH R AH N AO R M AH L
parapet	P EH R AH P EH T
parcel	P AA R S AH L
parcels	P AA R S AH L Z
pardon	P AA R D AH N
parent	P EH R AH N T
parental	P ER EH N T AH L
parentheses	P ER EH N TH AH S IY Z
parenting	P EH R AH N T IH NG
parents	P EH R AH N T S
paris	P EH R IH S
parish	P AE R IH SH
parity	P EH R AH T IY
park	P AA R K
parked	P AA R K T
parker	P AA R K ER
parking	P AA R K IH NG
parkinson	P AA R K IH N S AH N
parks	P AA R K S
parkway	P AA R K W EY
parliament	P AA R L AH M AH N T
parody	P EH R AH D IY
parole	P ER OW L
parrot	P EH R AH T
parse	P AA R S
parser	P AA R S ER
parsing	P AA R S IH NG
parsons	P AA R S AH N Z
part	P AA R T
partial	P AA R SH AH L
partially	P AA R SH AH L IY
participant	P AA R T IH S AH P AH N T
participants	P AA R T IH S AH P AH N T S
participate	P AA R T IH S AH P EY T
participated	P AA R T IH S AH P EY T IH D
participates	P AA R T IH S AH P EY T S
particle	P AA R T AH K AH L
particles	P AA R T AH K AH L Z
particular	P ER T IH K Y AH L ER
particularly	P AA R T IH K Y AH L ER L IY
particulars	P ER T IH K Y AH L ER Z
particulate	P ER T IH K Y AH L AH T
parties	P AA R T IY Z
partisan	P AA R T AH Z AH N
partition	P AA R T IH SH AH N
partitioning	P AA R T IH SH AH N IH NG
partitions	P AA R T IH SH AH N Z
partly	P AA R T L IY
partner	P AA R T N ER
partnering	P AA R T N ER IH NG
partners	P AA R T N ER Z
partnership	P AA R T N ER SH IH P
partnerships	P AA R T N ER SH IH P S
parts	P AA R T S
party	P AA R T IY
pas	P AA Z
pasadena	P AE S AH D IY N ER
pascal	P AE S K AE L
paso	P AE S OW
pass	P AE S
passage	P AE S AH JH
passages	P AE S AH JH AH Z
passed	P AE S T
passenger	P AE S AH N JH ER
passengers	P AE S AH N JH ER Z
passes	P AE S AH Z
passing	P AE S IH NG
passion	P AE SH AH N
passionate	P AE SH AH N AH T
passions	P AE SH AH N Z
passive	P AE S IH V
passport	P AE S P AO R T
password	P AE S W ER D
passwords	P AE S W ER D Z
past	P AE S T
pasta	P AA S T AH
paste	P EY S T
pastel	P AE S T EH L
pastor	P AE S T ER
pastoral	P AE S T ER AH L
pastry	P EY S T R IY
pasture	P AE S CH ER
pat	P AE T
patagonia	P AE T AH G OW N IY AH
patch	P AE CH
patches	P AE CH AH Z
patent	P AE T AH N T
patented	P AE T AH N T IH D
patents	P AE T AH N T S
paterson	P AE T ER S AH N
path	P AE TH
pathetic	P AH TH EH T IH K
pathfinder	P AE TH F AY N D ER
pathogens	P AE TH AH JH AH N Z
pathology	P AH TH AA L AH JH IY
paths	P AE DH Z
pathway	P AE TH W EY
pathways	P AE TH W EY Z
patience	P EY SH AH N S
patient	P EY SH AH N T
patients	P EY SH AH N T S
patio	P AE T IY OW
patricia	P AH T R IH SH AH
patrick	P AE T R IH K
patriot	P EY T R IY AH T
patriotic	P EY T R IY AA T IH K
patriots	P EY T R IY AH T S
patrol	P AH T R OW L
patron	P EY T R AH N
patrons	P EY T R AH N Z
pattern	P AE T ER N
patterns	P AE T ER N Z
patterson	P AE T ER S AH N
patti	P AE T IY
patton	P AE T AH N
patty	P AE T IY
paul	P AO L
paula	P AO L AH
pauline	P AO L IY N
paulo	P AO L OW
pause	P AO Z
paved	P EY V D
pavement	P EY V M AH N T
pavilion	P AH V IH L Y AH N
paving	P EY V IH NG
paw	P AO
pax	P AE K S
pay	P EY
payable	P EY AH B AH L
payday	P EY D EY
paying	P EY IH NG
payload	P EY L OW D
payment	P EY M AH N T
payments	P EY M AH N T S
payne	P EY N
payout	P EY AW T
payouts	P EY AW T S
paypal	P EY P AH L
payroll	P EY R OW L
pays	P EY Z
paz	P AA Z
pcs	P IY S IY Z
pdf	P IY D IY EH F
pea	P IY
peace	P IY S
peaceful	P IY S F AH L
peach	P IY CH
peacock	P IY K AA K
peak	P IY K
peaks	P IY K S
peanut	P IY N AH T
peanuts	P IY N AH T S
pear	P EH R
pearce	P IH R S
pearl	P ER L
pearls	P ER L Z
pearson	P IH R S AH N
peas	P IY Z
peck	P EH K
peculiar	P AH K Y UW L Y ER
pedal	P EH D AH L
pedals	P EH D AH L Z
pedestal	P EH D AH S T AH L
pedestrian	P AH D EH S T R IY AH N
pediatric	P IY D IY AE T R IH K
pediatrics	P IY D IY AE T R IH K S
pedigree	P EH D AH G R IY
pedro	P EY D R OW
pee	P IY
peeing	P IY IH NG
peek	P IY K
peel	P IY L
peer	P IH R
peerless	P IH R L IH S
peers	P IH R Z
peg	P EH G
pegasus	P EH G AH S AH S
peggy	P EH G IY
pei	P EY
pelican	P EH L AH K AH N
pembroke	P EH M B R OW K
pen	P EH N
penalties	P EH N AH L T IY Z
penalty	P EH N AH L T IY
pencil	P EH N S AH L
pencils	P EH N S AH L Z
pendant	P EH N D AH N T
pending	P EH N D IH NG
penetration	P EH N AH T R EY SH AH N
penguin	P EH NG G W AH N
penguins	P EH NG G W AH N Z
peninsula	P AH N IH N S AH L AH
penis	P IY N IH S
penn	P EH N
pennant	P EH N AH N T
pennsylvania	P EH N S AH L V EY N Y AH
penny	P EH N IY
pens	P EH N Z
pensacola	P EH N S AH K OW L AH
pension	P EH N SH AH N
pensions	P EH N SH AH N Z
pentagon	P EH N T IH G AA N
pentax	P EH N T AE K S
penthouse	P EH N T HH AW S
pentium	P EH N T IY AH M
people	P IY P AH L
peoples	P IY P AH L Z
peoria	P IY AO R IY AH
pep	P EH P
pepper	P EH P ER
peppers	P EH P ER Z
pepsi	P EH P S IY
peptide	P EH P T AY D
peptides	P EH P T AY D Z
per	P ER
perceive	P ER S IY V
perceived	P ER S IY V D
percent	P ER S EH N T
percentage	P ER S EH N T AH JH
percentages	P ER S EH N T IH JH IH Z
percentile	P ER S EH N T AY L
perception	P ER S EH P SH AH N
perceptions	P ER S EH P SH AH N Z
percussion	P ER K AH SH AH N
percy	P ER S IY
perennial	P ER EH N IY AH L
perez	P EH R EH Z
perfect	P ER F EH K T
perfection	P ER F EH K SH AH N
perfectly	P ER F AH K T L IY
perform	P ER F AO R M
performance	P ER F AO R M AH N S
performances	P ER F AO R M AH N S AH Z
performed	P ER F AO R M D
performer	P ER F AO R M ER
performers	P ER F AO R M ER Z
performing	P ER F AO R M IH NG
performs	P ER F AO R M Z
perfume	P ER F Y UW M
perfumes	P ER F Y UW M Z
pergola	P ER G AH L AH
perhaps	P ER HH AE P S
perimeter	P ER IH M AH T ER
period	P IH R IY AH D
periodic	P IH R IY AA D IH K
periodical	P IH R IY AA D IH K AH L
periodically	P IY R IY AA D IH K AH L IY
periodicals	P IH R IY AA D IH K AH L Z
periods	P IH R IY AH D Z
peripheral	P ER IH F ER AH L
peripherals	P ER IH F ER AH L Z
perkins	P ER K AH N Z
perky	P ER K IY
perl	P ER L
permanent	P ER M AH N AH N T
permanently	P ER M AH N AH N T L IY
permissible	P ER M IH S AH B AH L
permission	P ER M IH SH AH N
permissions	P ER M IH SH AH N Z
permit	P ER M IH T
permits	P ER M IH T S
permitted	P ER M IH T IH D
permitting	P ER M IH T IH NG
perpetual	P ER P EH CH UW AH L
perry	P EH R IY
pers	P ER S
persecution	P ER S AH K Y UW SH AH N
persia	P ER ZH AH
persian	P ER ZH AH N
persist	P ER S IH S T
persistence	P ER S IH S T AH N S
persistent	P ER S IH S T AH N T
person	P ER S AH N
personal	P ER S IH N AH L
personality	P ER S AH N AE L IH T IY
personalize	P ER S AH N AH L AY Z
personalized	P ER S AH N AH L AY Z D
personally	P ER S AH N AH L IY
personals	P ER S IH N IH L Z
personnel	P ER S AH N EH L
persons	P ER S AH N Z
perspective	P ER S P EH K T IH V
perspectives	P ER S P EH K T IH V Z
persuade	P ER S W EY D
persuasion	P ER S W EY ZH AH N
pertaining	P ER T EY N IH NG
perth	P ER TH
pertinent	P ER T IH N IH N T
peru	P ER UW
peruvian	P ER UW V IY AH N
pervasive	P ER V EY S IH V
peso	P EY S OW
pesos	P EY S OW Z
pest	P EH S T
pesticide	P EH S T AH S AY D
pesticides	P EH S T AH S AY D Z
pests	P EH S T S
pet	P EH T
peta	P IY T AH
petal	P EH T AH L
pete	P IY T
peter	P IY T ER
peterborough	P IY T ER B ER OW
peters	P IY T ER Z
petersburg	P IY T ER Z B ER G
petersen	P IY T ER S AH N
peterson	P IY T ER S AH N
petit	P EH T IY
petite	P AH T IY T
petition	P AH T IH SH AH N
petitioner	P AH T IH SH AH N ER
petitions	P AH T IH SH AH N Z
petrol	P EH T R OW L
petroleum	P AH T R OW L IY AH M
pets	P EH T S
petty	P EH T IY
peugeot	P Y UW ZH OW
pewter	P Y UW T ER
pfizer	F AY Z ER
pga	P IY JH IY EY
phantom	F AE N T AH M
pharma	F AA R M AH
pharmacies	F AA R M AH S IY Z
pharmacist	F AA R M AH S IH S T
pharmacists	F AA R M AH S IH S T S
pharmacology	F AA R M AH K AA L AH JH IY
pharmacy	F AA R M AH S IY
phase	F EY Z
phases	F EY Z AH Z
phd	P IY EY CH D IY
phelps	F EH L P S
phenomena	F AH N AA M AH N AH
phenomenon	F AH N AA M AH N AA N
phenotype	F IY N AH T AY P
phi	F AY
phil	F IH L
philadelphia	F IH L AH D EH L F IY AH
philanthropy	F IH L AE N TH R AH P IY
philip	F IH L AH P
philippe	F IH L IY P EY
philippine	F IH L AH P IY N
philippines	F IH L AH P IY N Z
philips	F IH L AH P S
phillies	F IH L IY Z
phillip	F IH L IH P
phillips	F IH L IH P S
philly	F IH L IY
philosopher	F AH L AA S AH F ER
philosophers	F AH L AA S AH F ER Z
philosophy	F AH L AA S AH F IY
phishing	F IH SH IH NG
phoenix	F IY N IH K S
phone	F OW N
phones	F OW N Z
phosphate	F AA S F EY T
phosphorus	F AA S F ER AH S
photo	F OW T OW
photograph	F OW T AH G R AE F
photographed	F OW T AH G R AE F T
photographer	F AH T AA G R AH F ER
photographic	F OW T AH G R AE F IH K
photographs	F OW T AH G R AE F S
photography	F AH T AA G R AH F IY
photon	F OW T AA N
photos	F OW T OW Z
photoshop	F OW T OW SH AA P
php	P IY EY CH P IY
phrase	F R EY Z
phrases	F R EY Z AH Z
phyllis	F IH L IH S
physical	F IH Z IH K AH L
physically	F IH Z IH K AH L IY
physician	F AH Z IH SH AH N
physicians	F AH Z IH SH AH N Z
physics	F IH Z IH K S
physiology	F IH Z IY AA L AH JH IY
pianist	P IY AE N AH S T
piano	P IY AE N OW
piazza	P IY AE Z AH
pic	P IH K
picasso	P IH K AA S OW
pick	P IH K
picked	P IH K T
picking	P IH K IH NG
picks	P IH K S
pickup	P IH K AH P
picnic	P IH K N IH K
pictorial	P IH K T AO R IY AH L
picture	P IH K CH ER
pictured	P IH K CH ER D
pictures	P IH K CH ER Z
picturesque	P IH K CH ER AH S K
pie	P AY
piece	P IY S
pieces	P IY S AH Z
piedmont	P IY D M AA N T
pier	P IH R
pierce	P IH R S
pierced	P IH R S T
piercing	P IH R S IH NG
pierre	P IY EH R
pies	P AY Z
pig	P IH G
pigeon	P IH JH AH N
pigment	P IH G M AH N T
pigs	P IH G Z
pike	P AY K
pilates	P IH L AA T IY S
pile	P AY L
piles	P AY L Z
pilgrim	P IH L G R AH M
pill	P IH L
pillar	P IH L ER
pillars	P IH L ER Z
pillow	P IH L OW
pillows	P IH L OW Z
pills	P IH L Z
pilot	P AY L AH T
pilots	P AY L AH T S
pimp	P IH M P
pin	P IH N
pinball	P IH N B AO L
pinch	P IH N CH
pine	P AY N
pineapple	P AY N AE P AH L
pines	P AY N Z
ping	P IH NG
pink	P IH NG K
pinnacle	P IH N AH K AH L
pins	P IH N Z
pint	P AY N T
pioneer	P AY AH N IH R
pioneering	P AY AH N IH R IH NG
pioneers	P AY AH N IH R Z
pipe	P AY P
pipeline	P AY P L AY N
pipelines	P AY P L AY N Z
piper	P AY P ER
pipes	P AY P S
piping	P AY P IH NG
piracy	P AY R AH S IY
pirate	P AY R AH T
pirates	P AY R AH T S
piss	P IH S
pissed	P IH S T
pissing	P IH S IH NG
pistol	P IH S T AH L
pistols	P IH S T AH L Z
piston	P IH S T AH N
pistons	P IH S T AH N Z
pit	P IH T
pitch	P IH CH
pitched	P IH CH T
pitcher	P IH CH ER
pitching	P IH CH IH NG
pits	P IH T S
pitt	P IH T
pittsburgh	P IH T S B ER G
pity	P IH T IY
pivot	P IH V AH T
pix	P IH K S
pixar	P IH K S AA R
pixel	P IH K S AH L
pixels	P IH K S AH L Z
pizza	P IY T S AH
place	P L EY S
placebo	P L AH S IY B OW
placed	P L EY S T
placement	P L EY S M AH N T
placements	P L EY S M AH N T S
places	P L EY S AH Z
placing	P L EY S IH NG
plague	P L EY G
plaid	P L AE D
plain	P L EY N
plains	P L EY N Z
plaintiff	P L EY N T AH F
plaintiffs	P L EY N T IH F S
plan	P L AE N
planar	P L EY N ER
plane	P L EY N
planes	P L EY N Z
planet	P L AE N AH T
planetary	P L AE N AH T EH R IY
planets	P L AE N AH T S
planned	P L AE N D
planner	P L AE N ER
planners	P L AE N ER Z
planning	P L AE N IH NG
plano	P L EY N OW
plans	P L AE N Z
plant	P L AE N T
plantation	P L AE N T EY SH AH N
planted	P L AE N T IH D
planting	P L AE N T IH NG
plantronics	P L AE N T R AA N IH K S
plants	P L AE N T S
plaque	P L AE K
plaques	P L AE K S
plasma	P L AE Z M AH
plaster	P L AE S T ER
plastic	P L AE S T IH K
plastics	P L AE S T IH K S
plate	P L EY T
plateau	P L AE T OW
plated	P L EY T IH D
plates	P L EY T S
platform	P L AE T F AO R M
platforms	P L AE T F AO R M Z
platinum	P L AE T N AH M
plato	P L EY T OW
plausible	P L AO Z AH B AH L
play	P L EY
playa	P L AY AH
playback	P L EY B AE K
playboy	P L EY B OY
played	P L EY D
player	P L EY ER
players	P L EY ER Z
playful	P L EY F AH L
playground	P L EY G R AW N D
playhouse	P L EY HH AW S
playing	P L EY IH NG
playlist	P L EY L IH S T
playlists	P L EY L IH S T S
playoff	P L EY AO F
playoffs	P L EY AO F S
plays	P L EY Z
playstation	P L EY S T EY SH AH N
plaza	P L AA Z AH
plea	P L IY
pleasant	P L EH Z AH N T
please	P L IY Z
pleased	P L IY Z D
pleasing	P L IY Z IH NG
pleasure	P L EH ZH ER
pleasures	P L EH ZH ER Z
pledge	P L EH JH
pledged	P L EH JH D
plenary	P L EH N ER IY
plenty	P L EH N T IY
plinth	P L IH N TH
plot	P L AA T
plots	P L AA T S
plotting	P L AA T IH NG
plow	P L AW
plucky	P L AH K IY
plug	P L AH G
plugged	P L AH G D
plugin	P L AH G IH N
plugins	P L AH G IH N Z
plugs	P L AH G Z
plum	P L AH M
plumbers	P L AH M ER Z
plumbing	P L AH M IH NG
plump	P L AH M P
plunge	P L AH N JH
plural	P L UH R AH L
plus	P L AH S
plush	P L AH SH
pluto	P L UW T OW
ply	P L AY
plymouth	P L IH M AH TH
pneumatic	N UW M AE T IH K
pneumonia	N UW M OW N Y AH
pocket	P AA K AH T
pockets	P AA K AH T S
pod	P AA D
podcast	P AO D K AE S T
podcasting	P AO D K AE S T IH NG
poe	P OW
poem	P OW AH M
poems	P OW AH M Z
poet	P OW AH T
poetic	P OW EH T IH K
poetry	P OW AH T R IY
poets	P OW AH T S
pogo	P OW G OW
point	P OY N T
pointe	P OY N T
pointed	P OY N T IH D
pointer	P OY N T ER
pointers	P OY N T ER Z
pointing	P OY N T IH NG
pointless	P OY N T L AH S
points	P OY N T S
poise	P OY Z
poised	P OY Z D
poison	P OY Z AH N
poisoning	P OY Z AH N IH NG
pokemon	P OW K EY M AH N
poker	P OW K ER
pol	P AO L
poland	P OW L AH N D
polar	P OW L ER
polaris	P OW L EH R AH S
polarization	P OW L ER AH Z EY SH AH N
polarized	P OW L ER AY Z D
polaroid	P OW L ER OY D
pole	P OW L
poles	P OW L Z
police	P AH L IY S
policies	P AA L AH S IY Z
policing	P AH L IY S IH NG
policy	P AA L AH S IY
polish	P AA L IH SH
polished	P AA L IH SH T
polishing	P AA L IH SH IH NG
polite	P AH L AY T
political	P AH L IH T AH K AH L
politically	P AH L IH T IH K AH L IY
politician	P AA L AH T IH SH AH N
politicians	P AA L AH T IH SH AH N Z
politics	P AA L AH T IH K S
polk	P OW K
poll	P OW L
pollen	P AA L AH N
polling	P OW L IH NG
polls	P OW L Z
pollutant	P AH L UW T AH N T
pollutants	P AH L UW T AH N T S
pollution	P AH L UW SH AH N
polly	P AA L IY
polo	P OW L OW
poly	P AA L IY
polyester	P AA L IY EH S T ER
polymer	P AA L AH M ER
polymerase	P AA L IH M ER EY S
polymers	P AA L IH M ER Z
polynesia	P AA L IH N IY ZH AH
polynomial	P AA L IY N OW M IY AH L
polyphonic	P AA L IH F AA N IH K
polytechnic	P AA L IH T EH K N IH K
pond	P AA N D
ponds	P AA N D Z
pong	P AO NG
pontiac	P AA N T IY AE K
pony	P OW N IY
pooh	P UW
pool	P UW L
poole	P UW L
pools	P UW L Z
poor	P UW R
poorest	P UW R IH S T
poorly	P UW R L IY
pop	P AA P
popcorn	P AA P K AO R N
pope	P OW P
popped	P AA P T
poppy	P AA P IY
pops	P AA P S
popular	P AA P Y AH L ER
popularity	P AA P Y AH L EH R AH T IY
populated	P AA P Y AH L EY T IH D
population	P AA P Y AH L EY SH AH N
populations	P AA P Y AH L EY SH AH N Z
popup	P AA P AH P
por	P AO R
porcelain	P AO R S AH L AH N
porch	P AO R CH
pork	P AO R K
porn	P AO R N
porno	P AO R N OW
pornography	P AO R N AA G R AH F IY
porsche	P AO R SH AH
port	P AO R T
portability	P AO R T AH B IH L IH T IY
portable	P AO R T AH B AH L
portage	P AO R T AH JH
portal	P AO R T AH L
portals	P AO R T AH L Z
porter	P AO R T ER
portfolio	P AO R T F OW L IY OW
portfolios	P AO R T F OW L IY OW Z
portico	P AO R T AH K OW
portion	P AO R SH AH N
portions	P AO R SH AH N Z
portland	P AO R T L AH N D
porto	P AO R T OW
portrait	P AO R T R AH T
portraits	P AO R T R AH T S
portrayed	P AO R T R EY D
ports	P AO R T S
portsmouth	P AO R T S M AH TH
portugal	P AO R CH AH G AH L
portuguese	P AO R CH AH G IY Z
pos	P AA S
pose	P OW Z
posed	P OW Z D
poses	P OW Z AH Z
posh	P AA SH
posing	P OW Z IH NG
position	P AH Z IH SH AH N
positioned	P AH Z IH SH AH N D
positioning	P AH Z IH SH AH N IH NG
positions	P AH Z IH SH AH N Z
positive	P AA Z AH T IH V
positively	P AA Z AH T IH V L IY
positives	P AA Z AH T IH V Z
possess	P AH Z EH S
possessed	P AH Z EH S T
possesses	P AH Z EH S AH Z
possession	P AH Z EH SH AH N
possessions	P AH Z EH SH AH N Z
possibility	P AA S AH B IH L AH T IY
possible	P AA S AH B AH L
possibly	P AA S AH B L IY
post	P OW S T
postage	P OW S T AH JH
postal	P OW S T AH L
postcard	P OW S T K AA R D
postcards	P OW S T K AA R D Z
posted	P OW S T IH D
poster	P OW S T ER
posterior	P AO S T IH R Y ER
posters	P OW S T ER Z
posting	P OW S T IH NG
postings	P OW S T IH NG Z
postponed	P OW S T P OW N D
posts	P OW S T S
postscript	P OW S K R IH P T
posture	P AA S CH ER
pot	P AA T
potassium	P AH T AE S IY AH M
potato	P AH T EY T OW
potatoes	P AH T EY T OW Z
potent	P OW T AH N T
potential	P AH T EH N SH AH L
potentially	P AH T EH N SH AH L IY
potentials	P AH T EH N SH AH L Z
pots	P AA T S
potter	P AA T ER
pottery	P AA T ER IY
pouch	P AW CH
poultry	P OW L T R IY
pound	P AW N D
pounding	P AW N D IH NG
pounds	P AW N D Z
pour	P AO R
poured	P AO R D
pouring	P AO R IH NG
poverty	P AA V ER T IY
pow	P AW
powder	P AW D ER
powell	P AW AH L
power	P AW ER
powerbook	P AW ER B UH K
powered	P AW ER D
powerful	P AW ER F AH L
powerpc	P AW ER P IY S IY
powerpoint	P AW ER P OY N T
powers	P AW ER Z
ppm	P IY P IY EH M
practicable	P R AE K T AH K AH B AH L
practical	P R AE K T AH K AH L
practically	P R AE K T IH K L IY
practice	P R AE K T AH S
practiced	P R AE K T AH S T
practices	P R AE K T AH S AH Z
practicing	P R AE K T AH S IH NG
practise	P R AE K T IH S
practitioner	P R AE K T IH SH AH N ER
prada	P R AA D AH
pradesh	P R AH D EH SH
pragmatic	P R AE G M AE T IH K
prague	P R AA G
prairie	P R EH R IY
praise	P R EY Z
praised	P R EY Z D
pratt	P R AE T
pray	P R EY
prayer	P R EH R
prayers	P R EH R Z
praying	P R EY IH NG
pre	P R IY
preacher	P R IY CH ER
preaching	P R IY CH IH NG
precautions	P R IY K AO SH AH N Z
preceded	P R IH S IY D IH D
precedence	P R EH S AH D AH N S
precedent	P R EH S IH D AH N T
preceding	P R IY S IY D IH NG
precinct	P R IY S IH NG K T
precious	P R EH SH AH S
precise	P R IH S AY S
precisely	P R IH S AY S L IY
precision	P R IY S IH ZH AH N
precursor	P R IY K ER S ER
predator	P R EH D AH T ER
predators	P R EH D AH T ER Z
predecessor	P R EH D AH S EH S ER
predicate	P R EH D AH K EY T
predict	P R IH D IH K T
predictable	P R IH D IH K T AH B AH L
predicted	P R IH D IH K T IH D
predicting	P R IH D IH K T IH NG
prediction	P R IY D IH K SH AH N
predictions	P R IY D IH K SH AH N Z
predictive	P R IH D IH K T IH V
predicts	P R IH D IH K T S
preface	P R EH F AH S
prefer	P R AH F ER
preferable	P R EH F ER AH B AH L
preferably	P R EH F ER AH B L IY
preference	P R EH F ER AH N S
preferences	P R EH F ER AH N S IH Z
preferred	P R AH F ER D
prefers	P R AH F ER Z
prefix	P R IY F IH K S
pregnancy	P R EH G N AH N S IY
pregnant	P R EH G N AH N T
prejudice	P R EH JH AH D IH S
preliminary	P R IH L IH M AH N EH R IY
prelude	P R EY L UW D
premature	P R IY M AH CH UH R
premier	P R EH M IH R
premiere	P R EH M IH R
premiership	P R EH M IH R SH IH P
premise	P R EH M IH S
premises	P R EH M AH S AH Z
premium	P R IY M IY AH M
premiums	P R IY M IY AH M Z
prenatal	P R IY N EY T AH L
prentice	P R EH N T IH S
prep	P R EH P
prepaid	P R IY P EY D
preparation	P R EH P ER EY SH AH N
preparations	P R EH P ER EY SH AH N Z
preparatory	P R IH P EH R AH T AO R IY
prepare	P R IY P EH R
prepared	P R IY P EH R D
preparedness	P R IY P EH R AH D N AH S
prepares	P R IY P EH R Z
preparing	P R IY P EH R IH NG
prerequisite	P R IY R EH K W AH Z AH T
pres	P R EH Z
presario	P R IH S AA R IY OW
presbyterian	P R EH S B IH T IH R IY AH N
preschool	P R IY S K UW L
prescott	P R EH S K AA T
prescribe	P R AH S K R AY B
prescribed	P R IY S K R AY B D
prescribing	P R IY S K R AY B IH NG
prescription	P R AH S K R IH P SH AH N
presence	P R EH Z AH N S
present	P R EH Z AH N T
presentation	P R EH Z AH N T EY SH AH N
presented	P R IY Z EH N T IH D
presenter	P R EH Z AH N T ER
presenters	P R EH Z AH N T ER Z
presenting	P R IH Z EH N T IH NG
presently	P R EH Z AH N T L IY
presents	P R EH Z AH N T S
preservation	P R EH Z ER V EY SH AH N
preserve	P R AH Z ER V
preserved	P R AH Z ER V D
preserves	P R AH Z ER V Z
preserving	P R AH Z ER V IH NG
preset	P R IY S EH T
presidency	P R EH Z AH D AH N S IY
president	P R EH Z AH D EH N T
presidential	P R EH Z AH D EH N SH AH L
presidents	P R EH Z AH D EH N T S
presiding	P R IH Z AY D IH NG
presley	P R EH S L IY
press	P R EH S
pressed	P R EH S T
presses	P R EH S AH Z
pressing	P R EH S IH NG
pressure	P R EH SH ER
pressures	P R EH SH ER Z
prestige	P R EH S T IY ZH
prestigious	P R EH S T IH JH AH S
preston	P R EH S T AH N
presumably	P R AH Z UW M AH B L IY
presumed	P R AH Z UW M D
preteen	P R IY T IY N
pretend	P R IY T EH N D
pretoria	P R IY T AO R IY AH
pretty	P R IH T IY
prevail	P R IH V EY L
prevailing	P R IH V EY L IH NG
prevalence	P R EH V AH L AH N S
prevalent	P R EH V AH L AH N T
prevent	P R IH V EH N T
prevented	P R IH V EH N T IH D
preventing	P R IH V EH N T IH NG
prevention	P R IY V EH N SH AH N
preventive	P R IH V EH N T IH V
prevents	P R IH V EH N T S
preview	P R IY V Y UW
previews	P R IY V Y UW Z
previous	P R IY V IY AH S
previously	P R IY V IY AH S L IY
prey	P R EY
pri	P R AY
price	P R AY S
priced	P R AY S T
prices	P R AY S AH Z
pricing	P R AY S IH NG
pride	P R AY D
priest	P R IY S T
priests	P R IY S T S
prima	P R IY M AH
primarily	P R AY M EH R AH L IY
primary	P R AY M EH R IY
prime	P R AY M
primer	P R AY M ER
primitive	P R IH M AH T IH V
prince	P R IH N S
princes	P R IH N S AH Z
princess	P R IH N S EH S
princeton	P R IH N S T AH N
principal	P R IH N S AH P AH L
principally	P R IH N S IH P L IY
principals	P R IH N S AH P AH L Z
principe	P R IY N CH IY P IY
principle	P R IH N S AH P AH L
principles	P R IH N S AH P AH L Z
print	P R IH N T
printable	P R IH N T AH B AH L
printed	P R IH N T IH D
printer	P R IH N T ER
printers	P R IH N T ER Z
printing	P R IH N T IH NG
prints	P R IH N T S
prior	P R AY ER
priorities	P R AY AO R AH T IY Z
priority	P R AY AO R AH T IY
prism	P R IH Z AH M
prison	P R IH Z AH N
prisoner	P R IH Z AH N ER
prisoners	P R IH Z AH N ER Z
prisons	P R IH Z AH N Z
pristine	P R IH S T IY N
privacy	P R AY V AH S IY
private	P R AY V AH T
privately	P R AY V AH T L IY
privilege	P R IH V L AH JH
privileged	P R IH V L AH JH D
privileges	P R IH V L AH JH AH Z
prix	P R IY
prize	P R AY Z
prizes	P R AY Z AH Z
pro	P R OW
proactive	P R OW AE K T IH V
prob	P R AA B
probability	P R AA B AH B IH L AH T IY
probable	P R AA B AH B AH L
probably	P R AA B AH B L IY
probate	P R OW B EY T
probation	P R OW B EY SH AH N
probe	P R OW B
probes	P R OW B Z
probing	P R OW B IH NG
problem	P R AA B L AH M
problematic	P R AA B L AH M AE T IH K
problems	P R AA B L AH M Z
procedural	P R AH S IY JH ER AH L
procedure	P R AH S IY JH ER
procedures	P R AH S IY JH ER Z
proceed	P R AH S IY D
proceeded	P R AH S IY D IH D
proceeding	P R AH S IY D IH NG
proceedings	P R OW S IY D IH NG Z
proceeds	P R AH S IY D Z
process	P R AA S EH S
processed	P R AA S EH S T
processes	P R AA S EH S AH Z
processing	P R AA S EH S IH NG
processor	P R AA S EH S ER
processors	P R AA S EH S ER Z
proclaimed	P R OW K L EY M D
procurement	P R OW K Y UH R M AH N T
prod	P R AA D
produce	P R AH D UW S
produced	P R AH D UW S T
producer	P R AH D UW S ER
producers	P R AH D UW S ER Z
produces	P R AH D UW S AH Z
producing	P R AH D UW S IH NG
product	P R AA D AH K T
production	P R AH D AH K SH AH N
productions	P R AH D AH K SH AH N Z
productive	P R AH D AH K T IH V
productivity	P R OW D AH K T IH V AH T IY
products	P R AA D AH K T S
profession	P R AH F EH SH AH N
professional	P R AH F EH SH AH N AH L
professions	P R AH F EH SH AH N Z
professor	P R AH F EH S ER
professors	P R AH F EH S ER Z
proficiency	P R AH F IH SH AH N S IY
proficient	P R AA F IH SH AH N T
profile	P R OW F AY L
profiles	P R OW F AY L Z
profiling	P R OW F AY L IH NG
profit	P R AA F AH T
profitable	P R AA F AH T AH B AH L
profits	P R AA F IH T S
profound	P R OW F AW N D
prognosis	P R AA G N OW S AH S
program	P R OW G R AE M
programmable	P R OW G R AE M AH B AH L
programme	P R OW G R AE M
programmed	P R OW G R AE M D
programmer	P R OW G R AE M ER
programmers	P R OW G R AE M ER Z
programming	P R OW G R AE M IH NG
programs	P R OW G R AE M Z
progress	P R AA G R EH S
progression	P R AH G R EH SH AH N
progressive	P R AH G R EH S IH V
prohibit	P R OW HH IH B AH T
prohibited	P R OW HH IH B AH T AH D
prohibition	P R OW AH B IH SH AH N
prohibits	P R OW HH IH B AH T S
project	P R AA JH EH K T
projected	P R AH JH EH K T AH D
projection	P R AH JH EH K SH AH N
projections	P R AH JH EH K SH AH N Z
projector	P R AH JH EH K T ER
projectors	P R AH JH EH K T ER Z
projects	P R AA JH EH K T S
prolonged	P R AH L AO NG D
prom	P R AA M
promenade	P R AA M AH N EY D
prominent	P R AA M AH N AH N T
promise	P R AA M AH S
promised	P R AA M AH S T
promises	P R AA M AH S AH Z
promising	P R AA M AH S IH NG
promo	P R OW M OW
promote	P R AH M OW T
promoted	P R AH M OW T IH D
promoter	P R AH M OW T ER
promoters	P R AH M OW T ER Z
promotes	P R AH M OW T S
promoting	P R AH M OW T IH NG
promotion	P R AH M OW SH AH N
promotional	P R AH M OW SH AH N AH L
promotions	P R AH M OW SH AH N Z
prompt	P R AA M P T
prompted	P R AA M P T IH D
promptly	P R AA M P T L IY
prompts	P R AA M P T S
prone	P R OW N
pronounced	P R AH N AW N S T
proof	P R UW F
proofs	P R UW F S
prop	P R AA P
propaganda	P R AA P AH G AE N D AH
propagation	P R AA P AH G EY SH AH N
propane	P R OW P EY N
propel	P R AH P EH L
proper	P R AA P ER
properly	P R AA P ER L IY
properties	P R AA P ER T IY Z
property	P R AA P ER T IY
prophecy	P R AA F AH S IY
prophet	P R AA F AH T
prophets	P R AA F AH T S
proportion	P R AH P AO R SH AH N
proportional	P R AH P AO R SH AH N AH L
proportions	P R AH P AO R SH AH N Z
proposal	P R AH P OW Z AH L
proposals	P R AH P OW Z AH L Z
propose	P R AH P OW Z
proposed	P R AH P OW Z D
proposes	P R AH P OW Z IH Z
proposing	P R AH P OW Z IH NG
proposition	P R AA P AH Z IH SH AH N
proprietary	P R AH P R AY AH T EH R IY
props	P R AA P S
propulsion	P R AH P AH L SH AH N
pros	P R OW Z
prose	P R OW Z
prosecution	P R AA S AH K Y UW SH AH N
prosecutor	P R AA S IH K Y UW T ER
prosecutors	P R AA S IH K Y UW T ER Z
prospect	P R AA S P EH K T
prospective	P R AH S P EH K T IH V
prospects	P R AA S P EH K T S
prospectus	P R AH S P EH K T AH S
prosperity	P R AA S P EH R AH T IY
prostate	P R AA S T EY T
prostitution	P R AA S T AH T UW SH AH N
protect	P R AH T EH K T
protected	P R AH T EH K T IH D
protecting	P R AH T EH K T IH NG
protection	P R AH T EH K SH AH N
protections	P R AH T EH K SH AH N Z
protective	P R AH T EH K T IH V
protector	P R AH T EH K T ER
protectors	P R AH T EH K T ER Z
protects	P R AH T EH K T S
protein	P R OW T IY N
proteins	P R OW T IY N Z
protest	P R OW T EH S T
protestant	P R AA T AH S T AH N T
protesters	P R OW T EH S T ER Z
protests	P R OW T EH S T S
proto	P R OW T AH
protocol	P R OW T AH K AA L
protocols	P R OW T AH K AO L Z
proton	P R OW T AA N
prototype	P R OW T AH T AY P
prototypes	P R OW T AH T AY P S
proud	P R AW D
proudly	P R AW D L IY
prove	P R UW V
proved	P R UW V D
proven	P R UW V AH N
provence	P R OW V AH N S
proverbs	P R AA V ER B Z
proves	P R UW V Z
provide	P R AH V AY D
provided	P R AH V AY D IH D
providence	P R AA V AH D AH N S
provider	P R AH V AY D ER
providers	P R AH V AY D ER Z
provides	P R AH V AY D Z
providing	P R AH V AY D IH NG
province	P R AA V AH N S
provinces	P R AA V AH N S AH Z
provincial	P R AH V IH N SH AH L
proving	P R UW V IH NG
provision	P R AH V IH ZH AH N
provisional	P R AH V IH ZH AH N AH L
provisioning	P R AH V IH ZH AH N IH NG
provisions	P R AH V IH ZH AH N Z
provost	P R OW V OW S T
prow	P R AW
proximity	P R AA K S IH M AH T IY
proxy	P R AA K S IY
prozac	P R OW Z AE K
prudent	P R UW D AH N T
prudential	P R UW D EH N SH AH L
psalm	S AA L M
psalms	S AA L M Z
pseudo	S UW D OW
psi	S AY
psychiatric	S AY K IY AE T R IH K
psychiatry	S AY K AY AH T R IY
psychic	S AY K IH K
psycho	S AY K OW
psychologist	S AY K AA L AH JH AH S T
psychology	S AY K AA L AH JH IY
pty	T AY
pub	P AH B
public	P AH B L IH K
publication	P AH B L IH K EY SH AH N
publications	P AH B L IH K EY SH AH N Z
publicity	P AH B L IH S AH T IY
publicly	P AH B L IH K L IY
publish	P AH B L IH SH
published	P AH B L IH SH T
publisher	P AH B L IH SH ER
publishers	P AH B L IH SH ER Z
publishes	P AH B L IH SH AH Z
publishing	P AH B L IH SH IH NG
pubs	P AH B Z
pudding	P UH D IH NG
pueblo	P W EH B L OW
puerto	P W EH R T OW
puff	P AH F
puffy	P AH F IY
pull	P UH L
pulled	P UH L D
pulling	P UH L IH NG
pulls	P UH L Z
pulmonary	P UH L M AH N EH R IY
pulp	P AH L P
pulse	P AH L S
pulses	P AH L S IH Z
puma	P UW M AH
pumice	P AH M AH S
pump	P AH M P
pumped	P AH M P T
pumping	P AH M P IH NG
pumpkin	P AH M P K IH N
pumps	P AH M P S
punch	P AH N CH
punchy	P AH N CH IY
punctuation	P AH NG K CH UW EY SH AH N
pundit	P AH N D AH T
punish	P AH N IH SH
punished	P AH N IH SH T
punishment	P AH N IH SH M AH N T
punjab	P AH N JH AA B
punk	P AH NG K
punt	P AH N T
punta	P UH N T ER
pupil	P Y UW P AH L
pupils	P Y UW P AH L Z
puppet	P AH P AH T
puppets	P AH P AH T S
puppies	P AH P IY Z
puppy	P AH P IY
purchase	P ER CH AH S
purchased	P ER CH AH S T
purchaser	P ER CH AH S ER
purchases	P ER CH AH S AH Z
purchasing	P ER CH AH S IH NG
purdue	P ER D UW
pure	P Y UH R
purely	P Y UH R L IY
purification	P Y UH R AH F AH K EY SH AH N
purified	P Y UH R AH F AY D
purifier	P Y UH R AH F AY ER
purity	P Y UH R AH T IY
purple	P ER P AH L
purpose	P ER P AH S
purposes	P ER P AH S AH Z
purr	P ER
purse	P ER S
purses	P ER S IH Z
pursuant	P ER S UW AH N T
pursue	P ER S UW
pursued	P ER S UW D
pursuing	P ER S UW IH NG
pursuit	P ER S UW T
push	P UH SH
pushed	P UH SH T
pushes	P UH SH AH Z
pushing	P UH SH IH NG
pussies	P UH S IY Z
pussy	P UH S IY
pussycat	P UH S IY K AE T
put	P UH T
putative	P Y UW T AH T IH V
putin	P UW T IH N
putnam	P AH T N AH M
puts	P UH T S
putting	P AH T IH NG
puzzle	P AH Z AH L
puzzles	P AH Z AH L Z
pvc	P IY V IY S IY
pylon	P AY L AA N
pyramid	P IH R AH M IH D
pyro	P AY R OW
python	P AY TH AA N
qaeda	K AY D AA
qatar	K AH T AA R
quad	K W AA D
quaint	K W EY N T
quake	K W EY K
qualified	K W AA L AH F AY D
qualifier	K W AA L AH F AY ER
qualifies	K W AA L AH F AY Z
qualify	K W AA L AH F AY
qualifying	K W AA L AH F AY IH NG
qualitative	K W AA L AH T EY T IH V
qualities	K W AA L AH T IY Z
quality	K W AA L AH T IY
quan	K W AO N
quantitative	K W AA N T IH T EY T IH V
quantities	K W AA N T AH T IY Z
quantity	K W AA N T AH T IY
quantum	K W AA N T AH M
quark	K W AA R K
quarry	K W AO R IY
quart	K W AO R T
quarter	K W AO R T ER
quarterback	K W AO R T ER B AE K
quarterly	K W AO R T ER L IY
quarters	K W AO R T ER Z
quartet	K W AO R T EH T
quartz	K W AO R T S
quasar	K W EY Z AA R
quasi	K W AA S IY
quay	K IY
que	K Y UW
quebec	K W AH B EH K
queen	K W IY N
queens	K W IY N Z
queensland	K W IY N Z L AE N D
queer	K W IH R
quench	K W EH N CH
queries	K W IH R IY Z
query	K W IY R IY
quest	K W EH S T
question	K W EH S CH AH N
questionable	K W EH S CH AH N AH B AH L
questioned	K W EH S CH AH N D
questioning	K W EH S CH AH N IH NG
questions	K W EH S CH AH N Z
queue	K Y UW
qui	K IY
quick	K W IH K
quicker	K W IH K ER
quickly	K W IH K L IY
quicktime	K W IH K T AY M
quiet	K W AY AH T
quietly	K W AY AH T L IY
quilt	K W IH L T
quilting	K W IH L T IH NG
quilts	K W IH L T S
quincy	K W IH N S IY
quinn	K W IH N
quinta	K W IH N T AH
quit	K W IH T
quite	K W AY T
quiz	K W IH Z
quizzes	K W IH Z IH Z
quo	K W OW
quorum	K W AO R AH M
quota	K W OW T AH
quotation	K W OW T EY SH AH N
quotations	K W OW T EY SH AH N Z
quote	K W OW T
quoted	K W OW T IH D
quotes	K W OW T S
quoting	K W OW T IH NG
rabbi	R AE B AY
rabbit	R AE B AH T
rabbits	R AE B AH T S
race	R EY S
racer	R EY S ER
races	R EY S AH Z
rachel	R EY CH AH L
racial	R EY SH AH L
racing	R EY S IH NG
racism	R EY S IH Z AH M
racist	R EY S IH S T
rack	R AE K
racks	R AE K S
rad	R AE D
radar	R EY D AA R
radial	R EY D IY AH L
radiance	R EY D IY AH N S
radiant	R EY D IY AH N T
radiation	R EY D IY EY SH AH N
radiator	R EY D IY EY T ER
radical	R AE D AH K AH L
radio	R EY D IY OW
radioactive	R EY D IY OW AE K T IH V
radiology	R EY D IY AA L AH JH IY
radios	R EY D IY OW Z
radisson	R AE D AH S AH N
radium	R EY D IY AH M
radius	R EY D IY AH S
rae	R EY
raf	R AE F
rafael	R AA F AY EH L
rafter	R AE F T ER
rafting	R AE F T IH NG
rag	R AE G
rage	R EY JH
raging	R EY JH IH NG
rai	R AA IY
raid	R EY D
raider	R EY D ER
raiders	R EY D ER Z
rail	R EY L
railroad	R EY L R OW D
rails	R EY L Z
railway	R EY L W EY
railways	R EY L W EY Z
rain	R EY N
rainbow	R EY N B OW
rainfall	R EY N F AO L
rainforest	R AY N F AO R AH S T
rains	R EY N Z
rainy	R EY N IY
raise	R EY Z
raised	R EY Z D
raises	R EY Z AH Z
raising	R EY Z IH NG
rake	R EY K
raleigh	R AO L IY
rally	R AE L IY
ralph	R AE L F
ram	R AE M
rama	R AA M AH
ramada	R AH M AA D AH
ramon	R AH M OW N
ramp	R AE M P
rampart	R AE M P AA R T
ramps	R AE M P S
rams	R AE M Z
ramsey	R AE M Z IY
ran	R AE N
ranch	R AE N CH
rancho	R AE N CH OW
rand	R AE N D
randall	R AE N D AH L
randolph	R AE N D AA L F
random	R AE N D AH M
randomized	R AE N D AH M AY Z D
randomly	R AE N D AH M L IY
randy	R AE N D IY
rang	R AE NG
range	R EY N JH
ranged	R EY N JH D
ranger	R EY N JH ER
rangers	R EY N JH ER Z
ranges	R EY N JH AH Z
ranging	R EY N JH IH NG
rank	R AE NG K
ranked	R AE NG K T
ranking	R AE NG K IH NG
rankings	R AE NG K IH NG Z
ranks	R AE NG K S
rant	R AE N T
rao	R AW
rap	R AE P
rape	R EY P
raped	R EY P T
raphael	R AA F AY EH L
rapid	R AE P AH D
rapidly	R AE P AH D L IY
rapids	R AE P AH D Z
rare	R EH R
rarely	R EH R L IY
ras	R AE S
rash	R AE SH
rasp	R AE S P
raspberry	R AE Z B EH R IY
raster	R AE S T ER
rat	R AE T
ratchet	R AE CH AH T
rate	R EY T
rated	R EY T IH D
rates	R EY T S
rather	R AE DH ER
ratification	R AE T AH F AH K EY SH AH N
rating	R EY T IH NG
ratings	R EY T IH NG Z
ratio	R EY SH IY OW
rational	R AE SH AH N AH L
rationale	R AE SH AH N AE L
ratios	R EY SH IY OW Z
raton	R AH T OW N
rats	R AE T S
rave	R EY V
raven	R EY V AH N
ravens	R EY V AH N Z
raw	R AA
ray	R EY
raymond	R EY M AH N D
rays	R EY Z
razor	R EY Z ER
razr	R AE Z R
rca	AA R S IY EY
rea	R EY
reach	R IY CH
reached	R IY CH T
reaches	R IY CH AH Z
reaching	R IY CH IH NG
react	R IY AE K T
reaction	R IY AE K SH AH N
reactions	R IY AE K SH AH N Z
reactive	R IY AE K T IH V
reactor	R IY AE K T ER
read	R EH D
readable	R IY D AH B AH L
reader	R IY D ER
readers	R IY D ER Z
readily	R EH D AH L IY
readiness	R EH D IY N AH S
reading	R IY D IH NG
readings	R IY D IH NG Z
reads	R IY D Z
ready	R EH D IY
reagan	R EY G AH N
real	R IY L
realise	R IY AH L AY Z
realised	R IY AH L AY Z D
realism	R IY AH L IH Z AH M
realistic	R IY AH L IH S T IH K
realities	R IY AE L AH T IY Z
reality	R IY AE L AH T IY
realization	R IY L AH Z EY SH AH N
realize	R IY AH L AY Z
realized	R IY AH L AY Z D
realizing	R IY AH L AY Z IH NG
really	R IH L IY
realm	R EH L M
realms	R EH L M Z
realtime	R IY AH L T AY M
realtor	R IY AH L T ER
realtors	R IY AH L T ER Z
realty	R IY AH L T IY
reap	R IY P
rear	R IH R
reason	R IY Z AH N
reasonable	R IY Z AH N AH B AH L
reasonably	R IY Z AH N AH B L IY
reasoning	R IY Z AH N IH NG
reasons	R IY Z AH N Z
rebate	R IY B EY T
rebates	R IY B EY T S
rebecca	R AH B EH K AH
rebel	R EH B AH L
rebellion	R IH B EH L Y AH N
rebels	R EH B AH L Z
reboot	R IY B UW T
rebound	R IY B AW N D
rebounds	R IY B AW N D Z
rebuild	R IY B IH L D
rebuilding	R IY B IH L D IH NG
rebuilt	R IY B IH L T
rec	R EH K
recall	R IY K AO L
recalled	R IH K AO L D
recalls	R IY K AO L Z
recap	R IY K AE P
receipt	R IH S IY T
receipts	R IH S IY T S
receivable	R IH S IY V AH B AH L
receive	R AH S IY V
received	R AH S IY V D
receiver	R AH S IY V ER
receivers	R AH S IY V ER Z
receives	R AH S IY V Z
receiving	R AH S IY V IH NG
recent	R IY S AH N T
recently	R IY S AH N T L IY
reception	R IH S EH P SH AH N
receptor	R IY S EH P T ER
receptors	R AH S EH P T ER Z
recess	R IH S EH S
recession	R IH S EH SH AH N
recharge	R IY CH AA R JH
rechargeable	R IY CH AA R JH AH B AH L
recipe	R EH S AH P IY
recipes	R EH S AH P IY Z
recipient	R AH S IH P IY AH N T
recipients	R IH S IH P IY AH N T S
reciprocal	R IH S IH P R AH K AH L
reclamation	R EH K L AH M EY SH AH N
recognise	R EH K AH G N AY Z
recognised	R EH K AH G N AY Z D
recognition	R EH K AH G N IH SH AH N
recognize	R EH K AH G N AY Z
recognized	R EH K AH G N AY Z D
recognizes	R EH K AH G N AY Z AH Z
recognizing	R EH K AH G N AY Z IH NG
recombinant	R IH K AA M B IH N AH N T
recommend	R EH K AH M EH N D
recommended	R EH K AH M EH N D IH D
recommending	R EH K AH M EH N D IH NG
recommends	R EH K AH M EH N D Z
recon	R IY K AO N
record	R AH K AO R D
recorded	R AH K AO R D IH D
recorder	R IH K AO R D ER
recorders	R IH K AO R D ER Z
recording	R AH K AO R D IH NG
recordings	R IH K AO R D IH NG Z
records	R AH K AO R D Z
recover	R IH K AH V ER
recovered	R AH K AH V ER D
recovering	R AH K AH V ER IH NG
recovery	R IH K AH V R IY
recreation	R EH K R IY EY SH AH N
recreational	R EH K R IY EY SH AH N AH L
recruit	R AH K R UW T
recruited	R IH K R UW T IH D
recruiter	R IH K R UW T ER
recruiters	R IH K R UW T ER Z
recruiting	R AH K R UW T IH NG
recruitment	R AH K R UW T M AH N T
recruits	R AH K R UW T S
rectal	R EH K T AH L
rectangle	R EH K T AE NG G AH L
rectangular	R EH K T AE NG G Y AH L ER
recurrence	R IH K ER AH N S
recurrent	R IH K ER AH N T
recurring	R IH K ER IH NG
recursive	R IY K ER S IH V
recycle	R IY S AY K AH L
recycled	R IY S AY K AH L D
recycling	R IY S AY K AH L IH NG
red	R EH D
redeem	R IH D IY M
redemption	R IH D EH M P SH AH N
redesign	R IY D IH Z AY N
redhead	R EH D HH EH D
redirect	R IY D ER EH K T
redirected	R IY D ER EH K T IH D
redistribute	R IY D IH S T R IH B Y UW T
redmond	R EH D M AH N D
reds	R EH D Z
redskins	R EH D S K IH N Z
reduce	R AH D UW S
reduced	R AH D UW S T
reduces	R AH D UW S AH Z
reducing	R AH D UW S IH NG
reduction	R AH D AH K SH AH N
reductions	R IY D AH K SH AH N Z
redundancy	R IH D AH N D AH N S IY
redundant	R IH D AH N D AH N T
redwood	R EH D W UH D
reebok	R IY B AA K
reed	R IY D
reef	R IY F
reel	R IY L
reels	R IY L Z
reese	R IY S
reeves	R IY V Z
ref	R EH F
refer	R AH F ER
referee	R EH F ER IY
reference	R EH F ER AH N S
referenced	R EH F ER AH N S T
references	R EH F ER AH N S IH Z
referendum	R EH F ER EH N D AH M
referral	R IH F ER AH L
referrals	R IH F ER AH L Z
referred	R AH F ER D
referring	R IH F ER IH NG
refers	R AH F ER Z
refill	R IY F IH L
refills	R IY F IH L Z
refinance	R IY F AH N AE N S
refinancing	R IY F AH N AE N S IH NG
refine	R AH F AY N
refined	R AH F AY N D
refinement	R AH F AY N M AH N T
refining	R AH F AY N IH NG
reflect	R IH F L EH K T
reflected	R IH F L EH K T IH D
reflecting	R IH F L EH K T IH NG
reflection	R IH F L EH K SH AH N
reflections	R IH F L EH K SH AH N Z
reflective	R IH F L EH K T IH V
reflector	R IH F L EH K T ER
reflects	R IH F L EH K T S
reflex	R IY F L EH K S
reform	R AH F AO R M
reformed	R IH F AO R M D
reforms	R AH F AO R M Z
refrain	R IH F R EY N
refresh	R IH F R EH SH
refreshing	R IH F R EH SH IH NG
refrigerator	R AH F R IH JH ER EY T ER
refuge	R EH F Y UW JH
refugee	R EH F Y UW JH IY
refugees	R EH F Y UW JH IY Z
refund	R IH F AH N D
refundable	R IH F AH N D AH B AH L
refunds	R IH F AH N D Z
refurbished	R IY F ER B IH SH T
refusal	R AH F Y UW Z AH L
refuse	R AH F Y UW Z
refused	R AH F Y UW Z D
refuses	R AH F Y UW Z AH Z
refusing	R AH F Y UW Z IH NG
reg	R EH G
regain	R IH G EY N
regal	R IY G AH L
regalia	R IH G EY L Y AH
regard	R IH G AA R D
regarded	R IH G AA R D IH D
regarding	R IH G AA R D IH NG
regardless	R AH G AA R D L AH S
regards	R IH G AA R D Z
regency	R IY JH AH N S IY
regeneration	R IY JH EH N ER EY SH AH N
regent	R IY JH AH N T
regents	R IY JH AH N T S
reggae	R EH G EY
regime	R AH ZH IY M
regimen	R EH JH AH M AH N
regiment	R EH JH AH M AH N T
regimes	R AH ZH IY M Z
regina	R IH JH IY N AH
region	R IY JH AH N
regional	R IY JH AH N AH L
regions	R IY JH AH N Z
regis	R IY JH IH S
register	R EH JH IH S T ER
registered	R EH JH IH S T ER D
registering	R EH JH IH S T ER IH NG
registers	R EH JH AH S T ER Z
registrant	R EH JH AH S T R AH N T
registrar	R EH JH IH S T R AA R
registration	R EH JH IH S T R EY SH AH N
registry	R EH JH IH S T R IY
regression	R AH G R EH SH AH N
regret	R AH G R EH T
regs	R EH G Z
regular	R EH G Y AH L ER
regularly	R EH G Y AH L ER L IY
regulate	R EH G Y AH L EY T
regulated	R EH G Y AH L EY T IH D
regulating	R EH G Y AH L EY T IH NG
regulation	R EH G Y AH L EY SH AH N
regulations	R EH G Y AH L EY SH AH N Z
regulator	R EH G Y AH L EY T ER
regulators	R EH G Y AH L EY T ER Z
regulatory	R EH G Y AH L AH T AO R IY
rehab	R IY HH AE B
rehearsal	R IH HH ER S AH L
reich	R AY K
reid	R IY D
reign	R EY N
reiki	R EY K IY
reilly	R AY L IY
reinforce	R IY IH N F AO R S
reinforced	R IY IH N F AO R S T
reits	R AY T S
reject	R IH JH EH K T
rejected	R IH JH EH K T IH D
rejection	R IH JH EH K SH AH N
rejects	R IH JH EH K T S
relate	R IH L EY T
related	R IH L EY T IH D
relates	R IH L EY T S
relating	R IH L EY T IH NG
relation	R IY L EY SH AH N
relational	R IY L EY SH AH N AH L
relations	R IY L EY SH AH N Z
relationship	R IY L EY SH AH N SH IH P
relative	R EH L AH T IH V
relatively	R EH L AH T IH V L IY
relatives	R EH L AH T IH V Z
relativity	R EH L AH T IH V AH T IY
relax	R IH L AE K S
relaxation	R IY L AE K S EY SH AH N
relaxed	R IH L AE K S T
relaxing	R IH L AE K S IH NG
relay	R IY L EY
relays	R IY L EY Z
release	R IY L IY S
released	R IY L IY S T
releases	R IH L IY S IH Z
releasing	R IY L IY S IH NG
relevance	R EH L AH V AH N S
relevant	R EH L AH V AH N T
reliability	R IY L AY AH B IH L AH T IY
reliable	R IH L AY AH B AH L
reliably	R IH L AY AH B L IY
reliance	R IH L AY AH N S
relic	R EH L IH K
relied	R IH L AY D
relief	R IH L IY F
relies	R IH L AY Z
relieve	R IH L IY V
relieved	R IH L IY V D
religion	R IH L IH JH AH N
religions	R IY L IH JH AH N Z
religious	R IH L IH JH AH S
reload	R IY L OW D
relocate	R IY L OW K EY T
relocating	R IY L OW K EY T IH NG
relocation	R IY L OW K EY SH AH N
reluctant	R IH L AH K T AH N T
rely	R IH L AY
relying	R IY L AY IH NG
rem	R EH M
remain	R IH M EY N
remainder	R IH M EY N D ER
remained	R IH M EY N D
remaining	R IH M EY N IH NG
remains	R IH M EY N Z
remake	R IY M EY K
remark	R IH M AA R K
remarkable	R IH M AA R K AH B AH L
remarkably	R IH M AA R K AH B L IY
remarked	R IH M AA R K T
remarks	R IH M AA R K S
remedial	R IH M IY D IY AH L
remediation	R IH M IY D IY EY SH AH N
remedies	R EH M AH D IY Z
remedy	R EH M AH D IY
remember	R IH M EH M B ER
remembered	R IH M EH M B ER D
remembering	R IH M EH M B ER IH NG
remembers	R IH M EH M B ER Z
remembrance	R IY M EH M B R AH N S
remind	R IY M AY N D
reminded	R IY M AY N D IH D
reminder	R IY M AY N D ER
reminders	R IY M AY N D ER Z
reminds	R IY M AY N D Z
remington	R EH M IH NG T AH N
remodeling	R IH M AA D AH L IH NG
remote	R IH M OW T
remotely	R IY M OW T L IY
removable	R IH M UW V AH B AH L
removal	R IH M UW V AH L
remove	R IY M UW V
removed	R IY M UW V D
remover	R IH M UW V ER
removes	R IY M UW V Z
removing	R IY M UW V IH NG
remuneration	R IH M Y UW N ER EY SH AH N
ren	R EH N
renaissance	R EH N AH S AA N S
renal	R IY N AH L
rename	R IY N EY M
renamed	R IY N EY M D
renault	R AH N OW
render	R EH N D ER
rendered	R EH N D ER D
rendering	R EH N D ER IH NG
renders	R EH N D ER Z
rene	R AH N EY
renee	R AH N EY
renew	R IH N UW
renewable	R IY N UW AH B AH L
renewal	R IH N UW AH L
renewed	R IH N UW D
reno	R IY N OW
renovated	R EH N AH V EY T IH D
renovation	R EH N AH V EY SH AH N
renovations	R EH N AH V EY SH AH N Z
renowned	R IH N AW N D
rent	R EH N T
rental	R EH N T AH L
rentals	R EH N T AH L Z
rented	R EH N T IH D
renting	R EH N T IH NG
rents	R EH N T S
rep	R EH P
repair	R IH P EH R
repaired	R IH P EH R D
repairing	R IH P EH R IH NG
repairs	R IH P EH R Z
repay	R IY P EY
repayment	R IY P EY M AH N T
repeal	R IH P IY L
repealed	R IH P IY L D
repeat	R IH P IY T
repeated	R IH P IY T IH D
repeatedly	R IH P IY T IH D L IY
repeating	R IH P IY T IH NG
repeats	R IH P IY T S
repertoire	R EH P ER T W AA R
repetition	R EH P AH T IH SH AH N
repetitive	R IH P EH T IH T IH V
replace	R IY P L EY S
replaced	R IY P L EY S T
replacement	R IH P L EY S M AH N T
replacements	R IY P L EY S M AH N T S
replaces	R IH P L EY S IH Z
replacing	R IH P L EY S IH NG
replay	R IY P L EY
replica	R EH P L IH K AH
replication	R EH P L AH K EY SH AH N
replied	R IH P L AY D
replies	R IH P L AY Z
reply	R IH P L AY
report	R IY P AO R T
reported	R IY P AO R T IH D
reportedly	R IH P AO R T AH D L IY
reporter	R IH P AO R T ER
reporters	R IH P AO R T ER Z
reporting	R IY P AO R T IH NG
reports	R IH P AO R T S
repository	R IY P AA Z AH T AO R IY
represent	R EH P R IH Z EH N T
represented	R EH P R IH Z EH N T IH D
representing	R EH P R IH Z EH N T IH NG
represents	R EH P R IH Z EH N T S
reprint	R IY P R IH N T
reprinted	R IY P R IH N T IH D
reprints	R IY P R IH N T S
reproduce	R IY P R AH D UW S
reproduced	R IY P R AH D UW S T
reproduction	R IY P R AH D AH K SH AH N
reproductive	R IY P R AH D AH K T IH V
reps	R EH P S
reptiles	R EH P T AY L Z
republic	R IY P AH B L AH K
republican	R IH P AH B L IH K AH N
republicans	R IH P AH B L IH K AH N Z
reputable	R EH P Y AH T AH B AH L
reputation	R EH P Y AH T EY SH AH N
request	R IH K W EH S T
requested	R IH K W EH S T IH D
requesting	R IH K W EH S T IH NG
requests	R IH K W EH S T S
require	R IY K W AY ER
required	R IY K W AY ER D
requirement	R IH K W AY R M AH N T
requirements	R IH K W AY R M AH N T S
requires	R IY K W AY ER Z
requiring	R IY K W AY ER IH NG
requisite	R EH K W AH Z AH T
res	R EY Z
resale	R IY S EY L
rescue	R EH S K Y UW
rescued	R EH S K Y UW D
research	R IY S ER CH
researched	R IY S ER CH T
researcher	R IY S ER CH ER
researchers	R IY S ER CH ER Z
researching	R IY S ER CH IH NG
reseller	R IY S EH L ER
resellers	R IY S EH L ER Z
resemble	R IH Z EH M B AH L
reservation	R EH Z ER V EY SH AH N
reservations	R EH Z ER V EY SH AH N Z
reserve	R IH Z ER V
reserved	R IH Z ER V D
reserves	R IH Z ER V Z
reservoir	R EH Z AH V W AA R
reset	R IY S EH T
resets	R IY S EH T S
reside	R IH Z AY D
residence	R EH Z IH D AH N S
residences	R EH Z IH D AH N S IH Z
residency	R EH Z IH D AH N S IY
resident	R EH Z IH D AH N T
residential	R EH Z IH D EH N SH AH L
residents	R EH Z IH D AH N T S
resides	R IH Z AY D Z
residing	R IH Z AY D IH NG
residual	R IH Z IH JH UW AH L
residue	R EH Z AH D UW
residues	R EH Z AH D UW Z
resign	R IH Z AY N
resignation	R EH Z AH G N EY SH AH N
resigned	R IH Z AY N D
resin	R EH Z AH N
resist	R IH Z IH S T
resistance	R IH Z IH S T AH N S
resistant	R IH Z IH S T AH N T
resistor	R IH Z IH S T ER
resolution	R EH Z AH L UW SH AH N
resolutions	R EH Z AH L UW SH AH N Z
resolve	R IY Z AA L V
resolved	R IY Z AA L V D
resolving	R IY Z AA L V IH NG
resonance	R EH Z AH N AH N S
resort	R IH Z AO R T
resorts	R IH Z AO R T S
resource	R IY S AO R S
resources	R IY S AO R S IH Z
respect	R IH S P EH K T
respected	R IH S P EH K T IH D
respectful	R IH S P EH K T F AH L
respectfully	R IH S P EH K T F AH L IY
respecting	R IY S P EH K T IH NG
respective	R IH S P EH K T IH V
respectively	R IH S P EH K T IH V L IY
respects	R IH S P EH K T S
respiratory	R EH S P ER AH T AO R IY
respond	R IH S P AA N D
responded	R IH S P AA N D IH D
respondent	R IH S P AA N D AH N T
respondents	R IH S P AA N D AH N T S
responding	R IH S P AA N D IH NG
responds	R IH S P AA N D Z
response	R IH S P AA N S
responses	R IH S P AA N S IH Z
responsible	R IY S P AA N S AH B AH L
responsive	R IH S P AA N S IH V
rest	R EH S T
restart	R IY S T AA R T
restaurant	R EH S T ER AA N T
restaurants	R EH S T ER AA N T S
resting	R EH S T IH NG
restless	R EH S T L AH S
restoration	R EH S T ER EY SH AH N
restore	R IH S T AO R
restored	R IH S T AO R D
restoring	R IH S T AO R IH NG
restraint	R IH S T R EY N T
restrict	R IY S T R IH K T
restricted	R IY S T R IH K T AH D
restricting	R IY S T R IH K T IH NG
restriction	R IY S T R IH K SH AH N
restrictions	R IY S T R IH K SH AH N Z
restrictive	R IY S T R IH K T IH V
rests	R EH S T S
result	R IH Z AH L T
resulted	R IH Z AH L T IH D
resulting	R IH Z AH L T IH NG
results	R IH Z AH L T S
resume	R IH Z UW M
resumed	R IH Z UW M D
resumes	R IH Z UW M Z
resurrection	R EH Z ER EH K SH AH N
ret	R EH T
retail	R IY T EY L
retailer	R IY T EY L ER
retailers	R IY T EY L ER Z
retailing	R IY T EY L IH NG
retain	R IH T EY N
retained	R IH T EY N D
retaining	R IH T EY N IH NG
retains	R IH T EY N Z
retardation	R IY T AA R D EY SH AH N
retention	R IY T EH N SH AH N
retire	R IH T AY R
retired	R IH T AY R D
retirement	R IY T AY ER M AH N T
retiring	R IH T AY R IH NG
retractable	R IY T R AE K T AH B AH L
retreat	R IY T R IY T
retreats	R IY T R IY T S
retrieval	R IH T R IY V AH L
retrieve	R IH T R IY V
retrieved	R IY T R IY V D
retriever	R IY T R IY V ER
retrieving	R IY T R IY V IH NG
retro	R EH T R OW
return	R IH T ER N
returned	R IH T ER N D
returning	R IH T ER N IH NG
returns	R IH T ER N Z
reunion	R IY UW N Y AH N
reusable	R IY UW Z AH B AH L
reuse	R IY Y UW S
reuters	R OY T ER Z
rev	R EH V
reveal	R IH V IY L
revealed	R IH V IY L D
revealing	R IH V IY L IH NG
reveals	R IH V IY L Z
revelation	R EH V AH L EY SH AH N
revenge	R IY V EH N JH
revenue	R EH V AH N UW
revenues	R EH V AH N UW Z
reverb	R IY V ER B
reverend	R EH V ER AH N D
reversal	R IH V ER S AH L
reverse	R IH V ER S
reversed	R IH V ER S T
reversible	R IH V ER S AH B AH L
reverted	R IH V ER T IH D
review	R IY V Y UW
reviewed	R IY V Y UW D
reviewer	R IY V Y UW ER
reviewers	R IY V Y UW ER Z
reviewing	R IY V Y UW IH NG
reviews	R IY V Y UW Z
revise	R IH V AY Z
revised	R IH V AY Z D
revision	R IY V IH ZH AH N
revisions	R IY V IH ZH AH N Z
revisited	R IY V IH Z AH T IH D
revival	R IH V AY V AH L
revocation	R EH V AH K EY SH AH N
revoked	R IH V OW K T
revolt	R IH V OW L T
revolution	R EH V AH L UW SH AH N
revolving	R IY V AA L V IH NG
reward	R IH W AO R D
rewarded	R IH W AO R D IH D
rewarding	R IH W AO R D IH NG
rewards	R IH W AO R D Z
rewrite	R IY R AY T
rewritten	R IY R IH T AH N
rex	R EH K S
rey	R EY
reyes	R EY IH S
reynolds	R EH N AH L D Z
rhapsody	R AE P S AH D IY
rhetoric	R EH T ER IH K
rheumatoid	R UW M AH T OY D
rhino	R AY N OW
rhode	R OW D
rhodes	R OW D Z
rhymes	R AY M Z
rhythm	R IH DH AH M
rhythms	R IH DH AH M Z
rib	R IH B
ribbon	R IH B AH N
ribbons	R IH B AH N Z
ribs	R IH B Z
ric	R IH K
rica	R IY K AH
rican	R IY K AH N
ricardo	R IH K AA R D OW
rice	R AY S
rich	R IH CH
richard	R IH CH ER D
richards	R IH CH ER D Z
richardson	R IH CH ER D S AH N
richer	R IH CH ER
riches	R IH CH AH Z
richest	R IH CH AH S T
richie	R IH CH IY
richland	R IH CH L AH N D
richmond	R IH CH M AH N D
richter	R IH K T ER
rick	R IH K
ricky	R IH K IY
rico	R IY K OW
ricoh	R IY K OW
rid	R IH D
riddle	R IH D AH L
ride	R AY D
rider	R AY D ER
riders	R AY D ER Z
rides	R AY D Z
ridge	R IH JH
ridiculous	R IH D IH K Y AH L AH S
riding	R AY D IH NG
riff	R IH F
rifle	R AY F AH L
rifles	R AY F AH L Z
rig	R IH G
rigel	R AY JH AH L
right	R AY T
righteous	R AY CH AH S
rightly	R AY T L IY
rights	R AY T S
rigid	R IH JH AH D
rigorous	R IH G ER AH S
rihanna	R IY HH AA N AH
riley	R AY L IY
rim	R IH M
rime	R AY M
rims	R IH M Z
ring	R IH NG
ringer	R IH NG ER
ringing	R IH NG IH NG
rings	R IH NG Z
rinse	R IH N S
rio	R IY OW
riot	R AY AH T
rip	R IH P
ripe	R AY P
ripley	R IH P L IY
ripped	R IH P T
ripper	R IH P ER
ripple	R IH P AH L
rise	R AY Z
risen	R IH Z AH N
rises	R AY Z AH Z
rising	R AY Z IH NG
risk	R IH S K
risks	R IH S K S
risky	R IH S K IY
rita	R IY T AH
ritchie	R IH CH IY
rite	R AY T
ritual	R IH CH UW AH L
rituals	R IH CH UW AH L Z
ritz	R IH T S
rival	R AY V AH L
rivals	R AY V AH L Z
river	R IH V ER
rivera	R IH V EH R AH
rivers	R IH V ER Z
riverside	R IH V ER S AY D
riviera	R IH V IY EH R AH
rna	AA R EH N EY
roach	R OW CH
road	R OW D
roadmap	R OW D M AE P
roads	R OW D Z
roadside	R OW D S AY D
roadway	R OW D W EY
roam	R OW M
roaming	R OW M IH NG
roanoke	R OW AH N OW K
roast	R OW S T
roasted	R OW S T AH D
rob	R AA B
robbery	R AA B ER IY
robbie	R AA B IY
robbins	R AA B IH N Z
robe	R OW B
robert	R AA B ER T
roberto	R AH B EH R T OW
roberts	R AA B ER T S
robertson	R AA B ER T S AH N
robin	R AA B AH N
robinson	R AA B AH N S AH N
robot	R OW B AA T
robotic	R OW B AA T IH K
robotics	R OW B AA T IH K S
robots	R OW B AA T S
robust	R OW B AH S T
roc	R AA K
roche	R OW CH
rochester	R AA CH EH S T ER
rock	R AA K
rocker	R AA K ER
rocket	R AA K AH T
rockets	R AA K AH T S
rockford	R AA K F ER D
rockies	R AA K IY Z
rocking	R AA K IH NG
rockport	R AA K P AO R T
rocks	R AA K S
rockville	R AA K V IH L
rockwell	R AA K W EH L
rocky	R AA K IY
rod	R AA D
rode	R OW D
rodeo	R OW D IY OW
rodgers	R AA JH ER Z
rodney	R AA D N IY
rodriguez	R AA D R IY G EH Z
rods	R AA D Z
roe	R OW
roger	R AA JH ER
rogers	R AA JH ER Z
rogue	R OW G
roi	R OY
roland	R OW L AH N D
role	R OW L
roles	R OW L Z
rolex	R OW L EH K S
roll	R OW L
rolled	R OW L D
roller	R OW L ER
rollers	R OW L ER Z
rolling	R OW L IH NG
rollover	R OW L OW V ER
rolls	R OW L Z
rom	R AA M
roma	R OW M AA
roman	R OW M AH N
romance	R OW M AE N S
romania	R OW M EY N IY AH
romanian	R OW M EY N IY AH N
romans	R OW M AH N Z
romantic	R OW M AE N T IH K
rome	R OW M
romeo	R OW M IY OW
roms	R AA M Z
ron	R AA N
ronald	R AA N AH L D
ronnie	R AA N IY
roof	R UW F
roofing	R UW F IH NG
rook	R UH K
rookie	R UH K IY
room	R UW M
roommate	R UW M EY T
roommates	R UW M EY T S
rooms	R UW M Z
roosevelt	R OW Z AH V EH L T
root	R UW T
rooted	R UW T AH D
roots	R UW T S
rope	R OW P
ropes	R OW P S
ros	R AO S
rosa	R OW Z AH
rose	R OW Z
rosemary	R OW Z M EH R IY
rosen	R OW Z AH N
rosenberg	R OW Z AH N B ER G
roses	R OW Z IH Z
rosie	R OW Z IY
ross	R AA S
rossi	R AO S IY
roster	R AA S T ER
roswell	R AA S W EH L
rosy	R OW Z IY
rot	R AA T
rotary	R OW T ER IY
rotate	R OW T EY T
rotating	R OW T EY T IH NG
rotation	R OW T EY SH AH N
roth	R AO TH
rotor	R OW T ER
rotten	R AA T AH N
rotterdam	R AA T ER D AE M
rotunda	R OW T AH N D AH
rouge	R UW ZH
rough	R AH F
roughly	R AH F L IY
roulette	R UW L EH T
round	R AW N D
rounded	R AW N D AH D
rounding	R AW N D IH NG
rounds	R AW N D Z
roundtable	R AW N D T EY B AH L
roundup	R AW N D AH P
route	R UW T
routed	R UW T IH D
router	R UW T ER
routers	R UW T ER Z
routes	R UW T S
routine	R UW T IY N
routinely	R UW T IY N L IY
routines	R UW T IY N Z
routing	R AW T IH NG
rove	R OW V
rover	R OW V ER
row	R OW
rowan	R OW AH N
rowe	R OW
rowing	R OW IH NG
rows	R OW Z
roxy	R AA K S IY
roy	R OY
royal	R OY AH L
royale	R OY AE L
royals	R OY AH L Z
royalties	R OY AH L T IY Z
royalty	R OY AH L T IY
royce	R OY S
rpm	AA R P IY EH M
rsvp	AA R EH S V IY P IY
rub	R AH B
rubber	R AH B ER
rubbing	R AH B IH NG
rubbish	R AH B IH SH
rubin	R UW B IH N
ruby	R UW B IY
rudder	R AH D ER
rude	R UW D
rudolph	R UW D AO L F
rudy	R UW D IY
rue	R UW
rug	R AH G
rugby	R AH G B IY
rugged	R AH G AH D
rugs	R AH G Z
ruin	R UW AH N
ruined	R UW AH N D
ruins	R UW AH N Z
rule	R UW L
ruled	R UW L D
rulemaking	R UW L M EY K IH NG
ruler	R UW L ER
rulers	R UW L ER Z
rules	R UW L Z
ruling	R UW L IH NG
rulings	R UW L IH NG Z
rum	R AH M
rumble	R AH M B AH L
rumor	R UW M ER
rumors	R UW M ER Z
rumsfeld	R AH M Z F EH L D
run	R AH N
runaway	R AH N AH W EY
runner	R AH N ER
runners	R AH N ER Z
running	R AH N IH NG
runoff	R AH N AO F
runs	R AH N Z
runway	R AH N W EY
rupee	R UW P IY
rupert	R UW P ER T
rural	R UH R AH L
rus	R AH S
rush	R AH SH
rushed	R AH SH T
rushing	R AH SH IH NG
russ	R AH S
russell	R AH S AH L
russia	R AH SH AH
russian	R AH SH AH N
russians	R AH SH AH N Z
rust	R AH S T
rustic	R AH S T IH K
rusty	R AH S T IY
rutgers	R AH T G ER Z
ruth	R UW TH
rutherford	R AH TH ER F ER D
rutland	R AH T L AH N D
rwanda	R AH W AA N D AH
ryan	R AY AH N
ryder	R AY D ER
rye	R AY
saab	S AA B
sabbath	S AE B AH TH
sac	S AE K
sack	S AE K
sacks	S AE K S
sacramento	S AE K R AH M EH N T OW
sacred	S EY K R AH D
sacrifice	S AE K R AH F AY S
sad	S AE D
saddam	S AA D AH M
saddle	S AE D AH L
sadly	S AE D L IY
sadness	S AE D N AH S
safari	S AH F AA R IY
safaris	S AH F AA R IY Z
safe	S EY F
safeguard	S EY F G AA R D
safeguards	S EY F G AA R D Z
safely	S EY F L IY
safer	S EY F ER
safety	S EY F T IY
saga	S AA G AH
sage	S EY JH
sahara	S AH HH EH R AH
said	S EH D
sail	S EY L
sailing	S EY L IH NG
sailor	S EY L ER
sailors	S EY L ER Z
saint	S EY N T
saints	S EY N T S
sakai	S AA K AA IY
sake	S EY K
sal	S AE L
salad	S AE L AH D
salads	S AE L AH D Z
salaries	S AE L ER IY Z
salary	S AE L ER IY
sale	S EY L
salem	S EY L AH M
sales	S EY L Z
saline	S AH L IY N
salisbury	S AE L Z B ER IY
sally	S AE L IY
salmon	S AE M AH N
salomon	S AE L AH M AH N
salon	S AH L AA N
salons	S AH L AA N Z
saloon	S AH L UW N
salsa	S AO L S AH
salt	S AO L T
salts	S AO L T S
saltwater	S AO L T W AA T ER
salute	S AH L UW T
salvador	S AE L V AH D AO R
salvage	S AE L V AH JH
salvation	S AE L V EY SH AH N
salzburg	S AO L Z B ER G
sam	S AE M
samantha	S AH M AE N TH AH
samba	S AA M B AH
same	S EY M
sammy	S AE M IY
samoa	S AH M OW AH
sample	S AE M P AH L
sampled	S AE M P AH L D
sampler	S AE M P L ER
samples	S AE M P AH L Z
sampling	S AE M P L IH NG
samson	S AE M S AH N
samsung	S AE M S AH NG
samuel	S AE M Y UW L
samurai	S AE M UH R AY
san	S AE N
sanchez	S AE N CH EH Z
sanction	S AE NG K SH AH N
sanctions	S AE NG K SH AH N Z
sanctuary	S AE NG K CH UW EH R IY
sanctum	S AE NG K T AH M
sand	S AE N D
sandal	S AE N D AH L
sandals	S AE N D AH L Z
sandbox	S AE N D B AA K S
sander	S AE N D ER
sanders	S AE N D ER Z
sandra	S AE N D R AH
sands	S AE N D Z
sandwich	S AE N D W IH CH
sandwiches	S AE N D W IH CH IH Z
sandy	S AE N D IY
sane	S EY N
sanford	S AE N F ER D
sang	S AE NG
sanitary	S AE N IH T EH R IY
sanitation	S AE N AH T EY SH AH N
sanity	S AE N AH T IY
sans	S AE N Z
santa	S AE N T AH
santana	S AE N T AE N AH
santiago	S AE N T IY AA G OW
santo	S AE N T OW
santos	S AE N T OW S
sanyo	S AA N Y OW
sao	S AW
sap	S AE P
sapiens	S EY P IY AH N Z
sapphire	S AE F AY ER
sar	S AA R
sara	S EH R AH
sarah	S EH R AH
sarasota	S EH R AH S OW T AH
saratoga	S EH R AH T OW G AH
sarbanes	S AA R B EY N Z
sars	S AA R Z
sas	S AE S
saskatchewan	S AE S K AE CH AH W AO N
saskatoon	S AE S K AH T UW N
sassy	S AE S IY
sat	S AE T
satan	S EY T AH N
satellite	S AE T AH L AY T
satellites	S AE T AH L AY T S
satin	S AE T AH N
satire	S AE T AY ER
satisfaction	S AE T AH S F AE K SH AH N
satisfactory	S AE T AH S F AE K T R IY
satisfied	S AE T AH S F AY D
satisfies	S AE T IH S F AY Z
satisfy	S AE T AH S F AY
satisfying	S AE T IH S F AY IH NG
saturated	S AE CH ER EY T IH D
saturation	S AE CH ER EY SH AH N
saturday	S AE T ER D IY
saturdays	S AE T ER D IY Z
saturn	S AE T ER N
sauce	S AO S
sauces	S AO S AH Z
saudi	S AO D IY
saul	S AO L
sauna	S AO N AH
saunders	S AO N D ER Z
sausage	S AO S AH JH
sauvignon	S AO V IH N Y AA N
savage	S AE V AH JH
savanna	S AH V AE N AH
savannah	S AH V AE N AH
save	S EY V
saved	S EY V D
saver	S EY V ER
savers	S EY V ER Z
saves	S EY V Z
saving	S EY V IH NG
savings	S EY V IH NG Z
savior	S EY V Y ER
savvy	S AE V IY
saw	S AO
saws	S AO Z
sawyer	S AO Y ER
sax	S AE K S
saxon	S AE K S AH N
saxophone	S AE K S AH F OW N
say	S EY
saying	S EY IH NG
says	S EH Z
sba	EH S B IY EY
scalability	S K EY L AH B IH L IH T IY
scalable	S K EY L AH B AH L
scalar	S K EY L ER
scale	S K EY L
scaled	S K EY L D
scales	S K EY L Z
scaling	S K EY L IH NG
scam	S K AE M
scams	S K AE M Z
scan	S K AE N
scandal	S K AE N D AH L
scandinavia	S K AE N D IH N EY V IY AH
scandinavian	S K AE N D IH N EY V IY AH N
scanned	S K AE N D
scanner	S K AE N ER
scanners	S K AE N ER Z
scanning	S K AE N IH NG
scans	S K AE N Z
scar	S K AA R
scarborough	S K AA R B ER OW
scarce	S K EH R S
scare	S K EH R
scared	S K EH R D
scarf	S K AA R F
scarface	S K AA R F EY S
scarlet	S K AA R L AH T
scarp	S K AA R P
scars	S K AA R Z
scarves	S K AA R V Z
scary	S K EH R IY
scat	S K AE T
scattered	S K AE T ER D
scattering	S K AE T ER IH NG
scenario	S IH N EH R IY OW
scenarios	S IH N EH R IY OW Z
scene	S IY N
scenery	S IY N ER IY
scenes	S IY N Z
scenic	S IY N IH K
scent	S EH N T
scented	S EH N T IH D
schedule	S K EH JH UH L
scheduled	S K EH JH UH L D
scheduler	S K EH JH UH L ER
schedules	S K EH JH UH L Z
scheduling	S K EH JH UH L IH NG
schema	S K IY M AH
schematic	S K IH M AE T IH K
scheme	S K IY M
schemes	S K IY M Z
schmidt	SH M IH T
schneider	SH N AY D ER
scholar	S K AA L ER
scholarly	S K AA L ER L IY
scholars	S K AA L ER Z
scholarship	S K AA L ER SH IH P
scholarships	S K AA L ER SH IH P S
scholastic	S K AH L AE S T IH K
school	S K UW L
schoolgirl	S K UW L G ER L
schooling	S K UW L IH NG
schools	S K UW L Z
schultz	SH UH L T S
schwartz	SH W AO R T S
sci	S IY
science	S AY AH N S
sciences	S AY AH N S AH Z
scientific	S AY AH N T IH F IH K
scientist	S AY AH N T IH S T
scientists	S AY AH N T IH S T S
scientology	S AY AH N T AA L AH JH IY
scion	S AY AH N
scissors	S IH Z ER Z
sclerosis	S K L ER OW S AH S
scooby	S K UW B IY
scoop	S K UW P
scooter	S K UW T ER
scooters	S K UW T ER Z
scope	S K OW P
scopes	S K OW P S
score	S K AO R
scoreboard	S K AO R B AO R D
scorecard	S K AO R K AA R D
scored	S K AO R D
scores	S K AO R Z
scoring	S K AO R IH NG
scorpio	S K AO R P IY OW
scotch	S K AA CH
scotia	S K OW SH AH
scotland	S K AA T L AH N D
scots	S K AA T S
scott	S K AA T
scottish	S K AA T IH SH
scottsdale	S K AA T S D EY L
scout	S K AW T
scouting	S K AW T IH NG
scouts	S K AW T S
scrabble	S K R AE B AH L
scrap	S K R AE P
scrapbook	S K R AE P B UH K
scraps	S K R AE P S
scratch	S K R AE CH
scratches	S K R AE CH AH Z
scream	S K R IY M
screaming	S K R IY M IH NG
screen	S K R IY N
screened	S K R IY N D
screening	S K R IY N IH NG
screenplay	S K R IY N P L EY
screens	S K R IY N Z
screenshot	S K R IY N SH AA T
screenshots	S K R IY N SH AA T S
screw	S K R UW
screwed	S K R UW D
screws	S K R UW Z
script	S K R IH P T
scripts	S K R IH P T S
scripture	S K R IH P CH ER
scriptures	S K R IH P CH ER Z
scroll	S K R OW L
scrolling	S K R OW L IH NG
scrolls	S K R OW L Z
scrub	S K R AH B
scrutiny	S K R UW T AH N IY
scsi	S K UH Z IY
scuba	S K UW B AH
sculpture	S K AH L P CH ER
sculptures	S K AH L P CH ER Z
scythe	S IH TH
sdn	EH S D IY EH N
sea	S IY
seafood	S IY F UW D
seagate	S IY G EY T
seahawks	S IY HH AO K S
seal	S IY L
sealed	S IY L D
sealing	S IY L IH NG
seals	S IY L Z
seam	S IY M
seamless	S IY M L AH S
sean	SH AO N
sear	S IH R
search	S ER CH
searched	S ER CH T
searches	S ER CH IH Z
searching	S ER CH IH NG
sears	S IH R Z
seas	S IY Z
seaside	S IY S AY D
season	S IY Z AH N
seasonal	S IY Z AH N AH L
seasoned	S IY Z AH N D
seasons	S IY Z AH N Z
seat	S IY T
seated	S IY T IH D
seating	S IY T IH NG
seats	S IY T S
seattle	S IY AE T AH L
sebastian	S AH B AE S CH AH N
sec	S EH K
second	S EH K AH N D
secondary	S EH K AH N D EH R IY
seconded	S EH K AH N D IH D
secondly	S EH K AH N D L IY
seconds	S EH K AH N D Z
secrecy	S IY K R AH S IY
secret	S IY K R AH T
secretarial	S EH K R AH T EH R IY AH L
secretariat	S EH K R IH T EH R IY AH T
secretaries	S EH K R AH T EH R IY Z
secretary	S EH K R AH T EH R IY
secretion	S AH K R IY SH AH N
secretly	S IY K R IH T L IY
secrets	S IY K R AH T S
sect	S EH K T
section	S EH K SH AH N
sectional	S EH K SH AH N AH L
sections	S EH K SH AH N Z
sector	S EH K T ER
sectors	S EH K T ER Z
secular	S EH K Y AH L ER
secure	S IH K Y UH R
secured	S IH K Y UH R D
securely	S IH K Y UH R L IY
securing	S IH K Y UH R IH NG
securities	S IH K Y UH R AH T IY Z
security	S IH K Y UH R AH T IY
sedan	S AH D AE N
sedge	S EH JH
sediment	S EH D AH M AH N T
sediments	S EH D AH M AH N T S
sedona	S AH D OW N AH
see	S IY
seed	S IY D
seeds	S IY D Z
seeing	S IY IH NG
seek	S IY K
seeker	S IY K ER
seekers	S IY K ER Z
seeking	S IY K IH NG
seeks	S IY K S
seem	S IY M
seemed	S IY M D
seemingly	S IY M IH NG L IY
seems	S IY M Z
seen	S IY N
sees	S IY Z
sega	S IY G AH
segment	S EH G M AH N T
segmentation	S EH G M AH N T EY SH AH N
segments	S EH G M AH N T S
segregation	S EH G R AH G EY SH AH N
seiko	S EY K OW
seismic	S AY Z M IH K
seize	S IY Z
seized	S IY Z D
seizure	S IY ZH ER
seizures	S IY ZH ER Z
seldom	S EH L D AH M
select	S AH L EH K T
selected	S AH L EH K T IH D
selecting	S AH L EH K T IH NG
selection	S AH L EH K SH AH N
selections	S AH L EH K SH AH N Z
selective	S AH L EH K T IH V
selects	S AH L EH K T S
self	S EH L F
selfish	S EH L F IH SH
sell	S EH L
seller	S EH L ER
sellers	S EH L ER Z
selling	S EH L IH NG
sells	S EH L Z
semantic	S IH M AE N T IH K
semantics	S IH M AE N T IH K S
semester	S AH M EH S T ER
semi	S EH M IY
seminar	S EH M AH N AA R
seminars	S EH M AH N AA R Z
seminary	S EH M AH N EH R IY
sen	S EH N
senate	S EH N AH T
senator	S EH N AH T ER
senators	S EH N AH T ER Z
send	S EH N D
sender	S EH N D ER
sending	S EH N D IH NG
sendo	S EH N D OW
sends	S EH N D Z
seneca	S EH N AH K AH
senegal	S EH N AH G AO L
senior	S IY N Y ER
seniors	S IY N Y ER Z
sensation	S EH N S EY SH AH N
sensations	S EH N S EY SH AH N Z
sense	S EH N S
senses	S EH N S IH Z
sensible	S EH N S AH B AH L
sensing	S EH N S IH NG
sensitive	S EH N S AH T IH V
sensitivity	S EH N S IH T IH V IH T IY
sensor	S EH N S ER
sensors	S EH N S ER Z
sensory	S EH N S ER IY
sensual	S EH N SH AH W AH L
sent	S EH N T
sentence	S EH N T AH N S
sentenced	S EH N T AH N S T
sentences	S EH N T AH N S AH Z
sentencing	S EH N T AH N S IH NG
sentiment	S EH N T AH M AH N T
sentinel	S EH N T AH N AH L
seo	S IY OW
seoul	S OW L
sep	S EH P
separate	S EH P ER EY T
separated	S EH P ER EY T IH D
separately	S EH P ER AH T L IY
separates	S EH P ER EY T S
separating	S EH P ER EY T IH NG
separation	S EH P ER EY SH AH N
separator	S EH P AH R EY T ER
sepia	S IY P IY AH
sept	S EH P T
september	S EH P T EH M B ER
septic	S EH P T IH K
sequel	S IY K W AH L
sequence	S IY K W AH N S
sequences	S IY K W AH N S AH Z
sequencing	S IY K W AH N S IH NG
sequential	S AH K W EH N SH AH L
sequoia	S IH K W OY AH
serbia	S ER B IY AH
serbian	S ER B IY AH N
serena	S AH R IY N AH
serene	S ER IY N
serenity	S ER EH N AH T IY
sergeant	S AA R JH AH N T
sergio	S ER JH Y OW
serial	S IH R IY AH L
serials	S IH R IY AH L Z
series	S IH R IY Z
serious	S IH R IY AH S
seriously	S IH R IY AH S L IY
sermon	S ER M AH N
sermons	S ER M AH N Z
serpent	S ER P AH N T
serum	S IH R AH M
serv	S ER V
servant	S ER V AH N T
servants	S ER V AH N T S
serve	S ER V
served	S ER V D
server	S ER V ER
servers	S ER V ER Z
serves	S ER V Z
service	S ER V AH S
serviced	S ER V IH S T
services	S ER V AH S AH Z
servicing	S ER V IH S IH NG
serving	S ER V IH NG
servings	S ER V IH NG Z
sesame	S EH S AH M IY
session	S EH SH AH N
sessions	S EH SH AH N Z
set	S EH T
seth	S EH TH
sets	S EH T S
setting	S EH T IH NG
settings	S EH T IH NG Z
settle	S EH T AH L
settled	S EH T AH L D
settlement	S EH T AH L M AH N T
settlements	S EH T AH L M AH N T S
settlers	S EH T L ER Z
settling	S EH T AH L IH NG
setup	S EH T AH P
seven	S EH V AH N
seventeen	S EH V AH N T IY N
seventh	S EH V AH N TH
seventy	S EH V AH N T IY
several	S EH V R AH L
severe	S AH V IH R
severely	S AH V IH R L IY
severity	S IH V EH R IH T IY
seville	S AH V IH L
sew	S OW
sewage	S UW AH JH
sewer	S UW ER
sewing	S OW IH NG
sex	S EH K S
sexes	S EH K S AH Z
sexual	S EH K SH UW AH L
sexuality	S EH K SH UW AE L AH T IY
sexually	S EH K SH UW AH L IY
sexy	S EH K S IY
seychelles	S EY SH EH L Z
seymour	S IY M AO R
sgt	S AA R JH AH N T
sha	SH AA
shack	SH AE K
shade	SH EY D
shaded	SH EY D IH D
shades	SH EY D Z
shadow	SH AE D OW
shadows	SH AE D OW Z
shady	SH EY D IY
shaft	SH AE F T
shah	SH AA
shake	SH EY K
shaker	SH EY K ER
shakes	SH EY K S
shakespeare	SH EY K S P IY R
shaking	SH EY K IH NG
shakira	SH AE K IY R AH
shale	SH EY L
shall	SH AE L
shallow	SH AE L OW
shalt	SH AE L T
shame	SH EY M
shampoo	SH AE M P UW
shane	SH EY N
shanghai	SH AE NG HH AY
shannon	SH AE N AH N
shape	SH EY P
shaped	SH EY P T
shapes	SH EY P S
shaping	SH EY P IH NG
shapiro	SH AH P IH R OW
shard	SH AA R D
share	SH EH R
shared	SH EH R D
shareholder	SH EH R HH OW L D ER
shareholders	SH EH R HH OW L D ER Z
shares	SH EH R Z
shareware	SH EH R W EH R
sharing	SH EH R IH NG
shark	SH AA R K
sharks	SH AA R K S
sharon	SH AE R AH N
sharp	SH AA R P
sharper	SH AA R P ER
sharply	SH AA R P L IY
shattered	SH AE T ER D
shaun	SH AO N
shave	SH EY V
shaved	SH EY V D
shaving	SH EY V IH NG
shaw	SH AO
shawn	SH AO N
she	SH IY
shea	SH EY
shear	SH IH R
shed	SH EH D
sheds	SH EH D Z
sheehan	SH IY AH N
sheen	SH IY N
sheep	SH IY P
sheer	SH IH R
sheet	SH IY T
sheets	SH IY T S
sheffield	SH EH F IY L D
sheikh	SH IY K
sheila	SH IY L AH
shelby	SH EH L B IY
sheldon	SH EH L D AH N
shelf	SH EH L F
shell	SH EH L
shelley	SH EH L IY
shellfish	SH EH L F IH SH
shells	SH EH L Z
shelter	SH EH L T ER
shelters	SH EH L T ER Z
shelton	SH EH L T AH N
shelves	SH EH L V Z
shelving	SH EH L V IH NG
shenzhen	SH EH N ZH EH N
shepherd	SH EH P ER D
sheraton	SH EH R AH T AH N
sheridan	SH EH R IH D AH N
sheriff	SH EH R AH F
sherman	SH ER M AH N
sherry	SH EH R IY
sherwood	SH ER W UH D
shi	SH IY
shield	SH IY L D
shields	SH IY L D Z
shift	SH IH F T
shifted	SH IH F T IH D
shifting	SH IH F T IH NG
shifts	SH IH F T S
shilling	SH IH L IH NG
shimmer	SH IH M ER
shin	SH IH N
shine	SH AY N
shines	SH AY N Z
shining	SH AY N IH NG
shiny	SH AY N IY
ship	SH IH P
shipment	SH IH P M AH N T
shipments	SH IH P M AH N T S
shipped	SH IH P T
shipping	SH IH P IH NG
ships	SH IH P S
shire	SH AY R
shirley	SH ER L IY
shirt	SH ER T
shirts	SH ER T S
shit	SH IH T
shock	SH AA K
shocked	SH AA K T
shocking	SH AA K IH NG
shocks	SH AA K S
shockwave	SH AA K W EY V
shoe	SH UW
shoes	SH UW Z
shook	SH UH K
shoot	SH UW T
shooter	SH UW T ER
shooting	SH UW T IH NG
shoots	SH UW T S
shop	SH AA P
shoppe	SH AA P
shopper	SH AA P ER
shoppers	SH AA P ER Z
shopping	SH AA P IH NG
shops	SH AA P S
shore	SH AO R
shoreline	SH AO R L AY N
shores	SH AO R Z
short	SH AO R T
shortage	SH AO R T AH JH
shortages	SH AO R T AH JH AH Z
shortcut	SH AO R T K AH T
shortcuts	SH AO R T K AH T S
shorter	SH AO R T ER
shortest	SH AO R T IH S T
shortly	SH AO R T L IY
shorts	SH AO R T S
shot	SH AA T
shotgun	SH AA T G AH N
shots	SH AA T S
should	SH UH D
shoulder	SH OW L D ER
shoulders	SH OW L D ER Z
shout	SH AW T
shouted	SH AW T IH D
shouting	SH AW T IH NG
shouts	SH AW T S
show	SH OW
showcase	SH OW K EY S
showdown	SH OW D AW N
showed	SH OW D
shower	SH AW ER
showers	SH AW ER Z
showing	SH OW IH NG
shown	SH OW N
showroom	SH OW R UH M
shows	SH OW Z
shrek	SH R EH K
shreveport	SH R IY V P AO R T
shrimp	SH R IH M P
shrine	SH R AY N
shrink	SH R IH NG K
shropshire	SH R AA P SH AY R
shrubs	SH R AH B Z
shuffle	SH AH F AH L
shui	SH UW IY
shut	SH AH T
shutdown	SH AH T D AW N
shutter	SH AH T ER
shuttle	SH AH T AH L
shy	SH AY
siam	S AY AE M
siberian	S AY B IH R IY AH N
sibling	S IH B L IH NG
siblings	S IH B L IH NG Z
sic	S IH K
sicily	S IH S AH L IY
sick	S IH K
sickle	S IH K AH L
sickness	S IH K N AH S
sid	S IH D
side	S AY D
sidebar	S AY D B AA R
sided	S AY D IH D
sides	S AY D Z
sidewalk	S AY D W AO K
siding	S AY D IH NG
sidney	S IH D N IY
sie	S IY
siege	S IY JH
siemens	S IY M AH N Z
sienna	S IY EH N AH
sierra	S IY EH R AH
sig	S IH G
sigh	S AY
sight	S AY T
sights	S AY T S
sightseeing	S AY T S IY IH NG
sigma	S IH G M AH
sign	S AY N
signage	S AY N IH JH
signal	S IH G N AH L
signaling	S IH G N AH L IH NG
signalling	S IH G N AH L IH NG
signals	S IH G N AH L Z
signature	S IH G N AH CH ER
signatures	S IH G N AH CH ER Z
signed	S AY N D
significance	S AH G N IH F IH K AH N S
significant	S AH G N IH F IH K AH N T
signifies	S IH G N AH F AY Z
signing	S AY N IH NG
signs	S AY N Z
silence	S AY L AH N S
silent	S AY L AH N T
silently	S AY L AH N T L IY
silhouette	S IH L AH W EH T
silica	S IH L AH K AH
silicon	S IH L AH K AH N
silicone	S IH L AH K OW N
silk	S IH L K
silky	S IH L K IY
silly	S IH L IY
silva	S IH L V AH
silver	S IH L V ER
sim	S IH M
similar	S IH M AH L ER
similarities	S IH M AH L EH R AH T IY Z
similarity	S IH M AH L EH R AH T IY
similarly	S IH M AH L ER L IY
simmons	S IH M AH N Z
simon	S AY M AH N
simone	S IH M OW N
simple	S IH M P AH L
simpler	S IH M P AH L ER
simplest	S IH M P L AH S T
simplicity	S IH M P L IH S AH T IY
simplified	S IH M P L AH F AY D
simplify	S IH M P L AH F AY
simply	S IH M P L IY
simpson	S IH M P S AH N
simpsons	S IH M P S AH N Z
sims	S IH M Z
simulate	S IH M Y AH L AH T
simulated	S IH M Y AH L EY T IH D
simulation	S IH M Y AH L EY SH AH N
simulations	S IH M Y UW L EY SH AH N Z
simulator	S IH M Y AH L EY T ER
simultaneous	S AY M AH L T EY N IY AH S
sin	S IH N
sinatra	S AH N AA T R AH
since	S IH N S
sincere	S IH N S IH R
sincerely	S IH N S IH R L IY
sinclair	S IH N K L EH R
sind	S IH N D
sing	S IH NG
singapore	S IH NG AH P AO R
singer	S IH NG ER
singers	S IH NG ER Z
singh	S IH NG
singing	S IH NG IH NG
single	S IH NG G AH L
singled	S IH NG G AH L D
singles	S IH NG G AH L Z
sings	S IH NG Z
singular	S IH NG G Y AH L ER
sinister	S IH N IH S T ER
sink	S IH NG K
sinking	S IH NG K IH NG
sinks	S IH NG K S
sins	S IH N Z
sinus	S AY N AH S
sioux	S UW
sip	S IH P
sir	S ER
sire	S AY ER
sirius	S IH R IH AH S
sis	S IH S
sister	S IH S T ER
sisters	S IH S T ER Z
sit	S IH T
site	S AY T
sites	S AY T S
sits	S IH T S
sitting	S IH T IH NG
situated	S IH CH UW EY T IH D
situation	S IH CH UW EY SH AH N
situations	S IH CH UW EY SH AH N Z
six	S IH K S
sixteen	S IH K S T IY N
sixth	S IH K S TH
sixty	S IH K S T IY
size	S AY Z
sized	S AY Z D
sizes	S AY Z AH Z
sizing	S AY Z IH NG
ska	S K AA
skate	S K EY T
skateboard	S K EY T B AO R D
skates	S K EY T S
skating	S K EY T IH NG
skeletal	S K EH L AH T AH L
skeleton	S K EH L AH T AH N
skeptical	S K EH P T AH K AH L
sketch	S K EH CH
sketches	S K EH CH AH Z
ski	S K IY
skies	S K AY Z
skiing	S K IY IH NG
skill	S K IH L
skilled	S K IH L D
skills	S K IH L Z
skim	S K IH M
skin	S K IH N
skinner	S K IH N ER
skinny	S K IH N IY
skins	S K IH N Z
skip	S K IH P
skipped	S K IH P T
skipping	S K IH P IH NG
skirt	S K ER T
skirts	S K ER T S
skis	S K IY Z
skull	S K AH L
sky	S K AY
skye	S K AY
skyline	S K AY L AY N
skype	S K AY P
slab	S L AE B
slack	S L AE K
slam	S L AE M
slang	S L AE NG
slap	S L AE P
slash	S L AE SH
slate	S L EY T
slater	S L EY T ER
slaughter	S L AO T ER
slave	S L EY V
slavery	S L EY V ER IY
slaves	S L EY V Z
slayer	S L EY ER
sleek	S L IY K
sleep	S L IY P
sleeper	S L IY P ER
sleeping	S L IY P IH NG
sleeps	S L IY P S
sleepy	S L IY P IY
sleet	S L IY T
sleeve	S L IY V
sleeves	S L IY V Z
slender	S L EH N D ER
slept	S L EH P T
slice	S L AY S
sliced	S L AY S T
slices	S L AY S AH Z
slick	S L IH K
slide	S L AY D
slider	S L AY D ER
slides	S L AY D Z
sliding	S L AY D IH NG
slight	S L AY T
slightly	S L AY T L IY
slim	S L IH M
sling	S L IH NG
slip	S L IH P
slipped	S L IH P T
slippers	S L IH P ER Z
slippery	S L IH P ER IY
slips	S L IH P S
sloan	S L OW N
slogan	S L OW G AH N
slope	S L OW P
slopes	S L OW P S
slot	S L AA T
slots	S L AA T S
slovak	S L OW V AE K
slovakia	S L OW V AA K IY AH
slovenia	S L OW V IY N IY AH
slovenian	S L OW V IY N IY AH N
slow	S L OW
slowed	S L OW D
slower	S L OW ER
slowing	S L OW IH NG
slowly	S L OW L IY
sludge	S L AH JH
slug	S L AH G
slut	S L AH T
sluts	S L AH T S
small	S M AO L
smaller	S M AO L ER
smallest	S M AO L AH S T
smart	S M AA R T
smarter	S M AA R T ER
smartphone	S M AA R T F OW N
smash	S M AE SH
smashing	S M AE SH IH NG
smell	S M EH L
smells	S M EH L Z
smelt	S M EH L T
smile	S M AY L
smiled	S M AY L D
smiles	S M AY L Z
smiley	S M AY L IY
smiling	S M AY L IH NG
smith	S M IH TH
smithsonian	S M IH TH S OW N IY AH N
smoke	S M OW K
smoked	S M OW K T
smoker	S M OW K ER
smokers	S M OW K ER Z
smoking	S M OW K IH NG
smoky	S M OW K IY
smooth	S M UW DH
smoothly	S M UW DH L IY
sms	EH S EH M EH S
snack	S N AE K
snacks	S N AE K S
snake	S N EY K
snakes	S N EY K S
snap	S N AE P
snappy	S N AE P IY
snapshot	S N AE P SH AA T
snapshots	S N AE P SH AA T S
snatch	S N AE CH
sneak	S N IY K
sniper	S N AY P ER
snippets	S N IH P AH T S
snooker	S N UH K ER
snoop	S N UW P
snorkeling	S N AO R K AH L IH NG
snow	S N OW
snowboard	S N OW B AO R D
snowmobile	S N OW M OW B IY L
snowy	S N OW IY
snyder	S N AY D ER
soak	S OW K
soap	S OW P
soaps	S OW P S
soar	S AO R
soaring	S AO R IH NG
sober	S OW B ER
soccer	S AA K ER
social	S OW SH AH L
socialism	S OW SH AH L IH Z AH M
socialist	S OW SH AH L AH S T
socially	S OW SH AH L IY
societal	S AH S AY IH T AH L
societies	S AH S AY AH T IY Z
society	S AH S AY AH T IY
socio	S OW S IY OW
sociology	S OW S IY AA L AH JH IY
sock	S AA K
socket	S AA K AH T
sockets	S AA K AH T S
socks	S AA K S
soda	S OW D AH
sodium	S OW D IY AH M
sofa	S OW F AH
sofas	S OW F AH Z
sofia	S OW F IY AH
soft	S AA F T
softball	S AO F T B AO L
softly	S AO F T L IY
software	S AO F T W EH R
soho	S OW HH OW
soil	S OY L
soils	S OY L Z
soiree	S W AA R EY
sol	S AA L
solar	S OW L ER
solaris	S OW L EH R IH S
sold	S OW L D
solder	S AA D ER
soldier	S OW L JH ER
soldiers	S OW L JH ER Z
sole	S OW L
soleil	S OW L EY L
solely	S OW AH L IY
solicitation	S AH L IH S IH T EY SH AH N
solicitor	S AH L IH S AH T ER
solicitors	S AH L IH S AH T ER Z
solid	S AA L AH D
solidarity	S AA L AH D EH R AH T IY
solids	S AA L AH D Z
solitaire	S AA L AH T EH R
solitary	S AA L AH T EH R IY
solo	S OW L OW
solomon	S AA L AH M AH N
solstice	S AO L S T IH S
soluble	S AA L Y AH B AH L
solution	S AH L UW SH AH N
solutions	S AH L UW SH AH N Z
solve	S AA L V
solved	S AA L V D
solvent	S AA L V AH N T
solving	S AA L V IH NG
som	S AA M
soma	S OW M AA
somalia	S AH M AA L IY AH
some	S AH M
somebody	S AH M B AA D IY
someday	S AH M D EY
somehow	S AH M HH AW
someone	S AH M W AH N
somerset	S AH M ER S EH T
something	S AH M TH IH NG
sometime	S AH M T AY M
sometimes	S AH M T AY M Z
somewhat	S AH M W AH T
somewhere	S AH M W EH R
son	S AH N
sonar	S OW N AA R
sonata	S AH N AA T AH
song	S AO NG
songs	S AO NG Z
songwriter	S AO NG R AY T ER
sonia	S OW N Y AA
sonic	S AA N IH K
sonny	S AH N IY
sonoma	S AH N OW M AH
sons	S AH N Z
sony	S OW N IY
soo	S UW
soon	S UW N
sooner	S UW N ER
soonest	S UW N AH S T
soothing	S UW DH IH NG
sophia	S OW F IY AH
sophie	S OW F IY
sophomore	S AA F M AO R
soprano	S AH P R AA N OW
sore	S AO R
sorority	S ER AO R AH T IY
sorrow	S AA R OW
sorry	S AA R IY
sort	S AO R T
sorted	S AO R T IH D
sorting	S AO R T IH NG
sorts	S AO R T S
sos	EH OW EH S
sought	S AO T
soul	S OW L
souls	S OW L Z
sound	S AW N D
sounded	S AW N D IH D
sounding	S AW N D IH NG
sounds	S AW N D Z
soundtrack	S AW N D T R AE K
soundtracks	S AW N D T R AE K S
soup	S UW P
soups	S UW P S
sour	S AW ER
source	S AO R S
sources	S AO R S AH Z
sourcing	S AO R S IH NG
south	S AW TH
southampton	S AW TH HH AE M P T AH N
southeast	S AW TH IY S T
southeastern	S AW TH IY S T ER N
southern	S AH DH ER N
southwest	S AW TH W EH S T
southwestern	S AW TH W EH S T ER N
souvenir	S UW V AH N IH R
souvenirs	S UW V AH N IH R Z
sovereign	S AA V R AH N
sovereignty	S AA V R AH N T IY
soviet	S OW V IY AH T
sox	S AA K S
soy	S OY
soybean	S OY B IY N
spa	S P AA
space	S P EY S
spacecraft	S P EY S K R AE F T
spaced	S P EY S T
spaces	S P EY S AH Z
spacing	S P EY S IH NG
spacious	S P EY SH AH S
spades	S P EY D Z
spaghetti	S P AH G EH T IY
spain	S P EY N
spam	S P AE M
span	S P AE N
spanish	S P AE N IH SH
spank	S P AE NG K
spanking	S P AE NG K IH NG
spanning	S P AE N IH NG
spans	S P AE N Z
sparc	S P AA R K
spare	S P EH R
spares	S P EH R Z
spark	S P AA R K
sparkle	S P AA R K AH L
sparkling	S P AA R K L IH NG
sparks	S P AA R K S
sparrow	S P EH R OW
sparse	S P AA R S
spas	S P AA Z
spatial	S P EY SH AH L
spawn	S P AA N
speak	S P IY K
speaker	S P IY K ER
speakers	S P IY K ER Z
speaking	S P IY K IH NG
speaks	S P IY K S
spear	S P IH R
spears	S P IH R Z
spec	S P EH K
special	S P EH SH AH L
specialist	S P EH SH AH L AH S T
specialists	S P EH SH AH L AH S T S
speciality	S P EH SH IY AE L IH T IY
specialize	S P EH SH AH L AY Z
specialized	S P EH SH AH L AY Z D
specializes	S P EH SH AH L AY Z AH Z
specializing	S P EH SH AH L AY Z IH NG
specially	S P EH SH AH L IY
specials	S P EH SH AH L Z
specialties	S P EH SH AH L T IY Z
specialty	S P EH SH AH L T IY
species	S P IY SH IY Z
specific	S P AH S IH F IH K
specifically	S P AH S IH F IH K L IY
specificity	S P EH S AH F IH S AH T IY
specifics	S P IH S IH F IH K S
specified	S P EH S AH F AY D
specifies	S P EH S AH F AY Z
specify	S P EH S AH F AY
specifying	S P EH S AH F AY IH NG
specimen	S P EH S AH M AH N
specimens	S P EH S AH M AH N Z
specs	S P EH K S
spectacular	S P EH K T AE K Y AH L ER
spectator	S P EH K T EY T ER
spectra	S P EH K T R AH
spectral	S P EH K T R AH L
spectroscopy	S P EH K T R AA S K AH P IY
spectrum	S P EH K T R AH M
speculation	S P EH K Y AH L EY SH AH N
speech	S P IY CH
speeches	S P IY CH AH Z
speed	S P IY D
speeding	S P IY D IH NG
speeds	S P IY D Z
speedway	S P IY D W EY
speedy	S P IY D IY
spell	S P EH L
spelled	S P EH L D
spelling	S P EH L IH NG
spells	S P EH L Z
spencer	S P EH N S ER
spend	S P EH N D
spending	S P EH N D IH NG
spends	S P EH N D Z
spent	S P EH N T
sperm	S P ER M
sphere	S F IH R
spheres	S F IH R Z
spherical	S F EH R IH K AH L
spice	S P AY S
spices	S P AY S AH Z
spicy	S P AY S IY
spider	S P AY D ER
spiderman	S P AY D ER M AE N
spiders	S P AY D ER Z
spies	S P AY Z
spike	S P AY K
spikes	S P AY K S
spill	S P IH L
spin	S P IH N
spinach	S P IH N AH CH
spinal	S P AY N AH L
spindle	S P IH N D AH L
spine	S P AY N
spinning	S P IH N IH NG
spiral	S P AY R AH L
spire	S P AY R
spires	S P AY R Z
spirit	S P IH R AH T
spirited	S P IH R IH T IH D
spirits	S P IH R IH T S
spiritual	S P IH R IH CH UW AH L
spirituality	S P IH R IH CH UW AE L AH T IY
spit	S P IH T
spite	S P AY T
splash	S P L AE SH
splendid	S P L EH N D IH D
splinter	S P L IH N T ER
split	S P L IH T
splits	S P L IH T S
splitter	S P L IH T ER
splitting	S P L IH T IH NG
spoiler	S P OY L ER
spoilers	S P OY L ER Z
spokane	S P OW K AE N
spoke	S P OW K
spoken	S P OW K AH N
spokesman	S P OW K S M AH N
spokesperson	S P OW K S P ER S AH N
sponge	S P AH N JH
spongebob	S P AH N JH B AA B
sponsor	S P AA N S ER
sponsored	S P AA N S ER D
sponsoring	S P AA N S ER IH NG
sponsors	S P AA N S ER Z
sponsorship	S P AA N S ER SH IH P
spontaneous	S P AA N T EY N IY AH S
spoon	S P UW N
sport	S P AO R T
sporting	S P AO R T IH NG
sports	S P AO R T S
sportswear	S P AO R T S W EH R
spot	S P AA T
spotlight	S P AA T L AY T
spots	S P AA T S
spotted	S P AA T IH D
spotting	S P AA T IH NG
spouse	S P AW S
spouses	S P AW S IH Z
spray	S P R EY
spread	S P R EH D
spreading	S P R EH D IH NG
spreads	S P R EH D Z
spreadsheet	S P R EH D SH IY T
spreadsheets	S P R EH D SH IY T S
spring	S P R IH NG
springer	S P R IH NG ER
springfield	S P R IH NG F IY L D
springs	S P R IH NG Z
sprint	S P R IH N T
sprocket	S P R AA K AH T
sprout	S P R AW T
spruce	S P R UW S
spry	S P R AY
spun	S P AH N
spur	S P ER
spurs	S P ER Z
spy	S P AY
spying	S P AY IH NG
spyware	S P AY W EH R
sql	EH S K Y UW EH L
squad	S K W AA D
squadron	S K W AA D R AH N
squall	S K W AO L
square	S K W EH R
squared	S K W EH R D
squares	S K W EH R Z
squash	S K W AA SH
squeeze	S K W IY Z
squid	S K W IH D
squirrel	S K W ER AH L
squirt	S K W ER T
squirting	S K W ER T IH NG
sri	SH R IY
sta	S T AH
stab	S T AE B
stability	S T AH B IH L IH T IY
stable	S T EY B AH L
stacey	S T EY S IY
stack	S T AE K
stacked	S T AE K T
stacks	S T AE K S
stacy	S T EY S IY
stadium	S T EY D IY AH M
staff	S T AE F
staffing	S T AE F IH NG
stafford	S T AE F ER D
stag	S T AE G
stage	S T EY JH
staged	S T EY JH D
stages	S T EY JH AH Z
staging	S T EY JH IH NG
stain	S T EY N
stained	S T EY N D
staining	S T EY N IH NG
stainless	S T EY N L AH S
stains	S T EY N Z
stair	S T EH R
stairs	S T EH R Z
stake	S T EY K
stakeholder	S T EY K HH OW L D ER
stakeholders	S T EY K HH OW L D ER Z
stakes	S T EY K S
stall	S T AO L
stalls	S T AO L Z
stamford	S T AE M F ER D
stamp	S T AE M P
stamped	S T AE M P T
stamping	S T AE M P IH NG
stamps	S T AE M P S
stan	S T AE N
stance	S T AE N S
stand	S T AE N D
standalone	S T AE N D AH L OW N
standard	S T AE N D ER D
standardized	S T AE N D ER D AY Z D
standards	S T AE N D ER D Z
standby	S T AE N D B AY
standing	S T AE N D IH NG
standings	S T AE N D IH NG Z
standpoint	S T AE N D P OY N T
stands	S T AE N D Z
stanford	S T AE N F ER D
stanley	S T AE N L IY
stanton	S T AE N T AH N
stanza	S T AE N Z AH
staple	S T EY P AH L
staples	S T EY P AH L Z
star	S T AA R
starbucks	S T AA R B AH K S
starch	S T AA R CH
stardust	S T AA R D AH S T
stare	S T EH R
stared	S T EH R D
stargate	S T AA R G EY T
staring	S T EH R IH NG
stark	S T AA R K
starr	S T AA R
starring	S T AA R IH NG
stars	S T AA R Z
start	S T AA R T
started	S T AA R T IH D
starter	S T AA R T ER
starters	S T AA R T ER Z
starting	S T AA R T IH NG
starts	S T AA R T S
startup	S T AA R T AH P
stat	S T AE T
state	S T EY T
stated	S T EY T IH D
statement	S T EY T M AH N T
statements	S T EY T M AH N T S
staten	S T AE T AH N
states	S T EY T S
statesman	S T EY T S M AH N
statewide	S T EY T W AY D
static	S T AE T IH K
stating	S T EY T IH NG
station	S T EY SH AH N
stationary	S T EY SH AH N EH R IY
stationery	S T EY SH AH N EH R IY
stations	S T EY SH AH N Z
statistic	S T AH T IH S T IH K
statistical	S T AH T IH S T IH K AH L
statistics	S T AH T IH S T IH K S
stats	S T AE T S
statue	S T AE CH UW
statues	S T AE CH UW Z
status	S T AE T AH S
statute	S T AE CH UW T
statutes	S T AE CH UW T S
statutory	S T AE CH AH T AO R IY
stay	S T EY
stayed	S T EY D
staying	S T EY IH NG
stays	S T EY Z
steadfast	S T EH D F AE S T
steadily	S T EH D AH L IY
steady	S T EH D IY
steak	S T EY K
steaks	S T EY K S
steal	S T IY L
stealing	S T IY L IH NG
steals	S T IY L Z
stealth	S T EH L TH
steam	S T IY M
steel	S T IY L
steele	S T IY L
steelers	S T IY L ER Z
steep	S T IY P
steer	S T IH R
steering	S T IH R IH NG
stefan	S T EH F AA N
stefani	S T EH F AH N IY
stein	S T AY N
steiner	S T AY N ER
stella	S T EH L AH
stellar	S T EH L ER
stem	S T EH M
stems	S T EH M Z
step	S T EH P
stephan	S T EH F AH N
stephanie	S T EH F AH N IY
stephen	S T IY V AH N
stephens	S T IY V AH N Z
steppe	S T EH P
stepped	S T EH P T
stepping	S T EH P IH NG
steps	S T EH P S
stereo	S T EH R IY OW
sterile	S T EH R AH L
sterling	S T ER L IH NG
stern	S T ER N
steroid	S T ER OY D
steroids	S T EH R OY D Z
steve	S T IY V
steven	S T IY V AH N
stevens	S T IY V AH N Z
stevenson	S T IY V AH N S AH N
stevie	S T IY V IY
stew	S T UW
stewardship	S T UW ER D SH IH P
stewart	S T UW ER T
stick	S T IH K
sticker	S T IH K ER
stickers	S T IH K ER Z
sticking	S T IH K IH NG
sticks	S T IH K S
sticky	S T IH K IY
stiff	S T IH F
still	S T IH L
stills	S T IH L Z
stimulate	S T IH M Y AH L EY T
stimulated	S T IH M Y AH L EY T IH D
stimulating	S T IH M Y AH L EY T IH NG
stimulation	S T IH M Y AH L EY SH AH N
stimuli	S T IH M Y AH L AY
stimulus	S T IH M Y AH L AH S
sting	S T IH NG
stir	S T ER
stirling	S T ER L IH NG
stirring	S T ER IH NG
stitch	S T IH CH
stochastic	S T OW K AE S T IH K
stock	S T AA K
stocked	S T AA K T
stockholders	S T AA K HH OW L D ER Z
stockholm	S T AA K HH OW L M
stocking	S T AA K IH NG
stockings	S T AA K IH NG Z
stocks	S T AA K S
stockton	S T AA K T AH N
stoke	S T OW K
stokes	S T OW K S
stole	S T OW L
stolen	S T OW L AH N
stomach	S T AH M AH K
stone	S T OW N
stones	S T OW N Z
stony	S T OW N IY
stood	S T UH D
stool	S T UW L
stools	S T UW L Z
stop	S T AA P
stopped	S T AA P T
stopping	S T AA P IH NG
stops	S T AA P S
storage	S T AO R AH JH
store	S T AO R
stored	S T AO R D
stores	S T AO R Z
storey	S T AO R IY
stories	S T AO R IY Z
storing	S T AO R IH NG
storm	S T AO R M
storms	S T AO R M Z
story	S T AO R IY
storytelling	S T AO R IY T EH L IH NG
stout	S T AW T
stove	S T OW V
stoves	S T OW V Z
straight	S T R EY T
strain	S T R EY N
strains	S T R EY N Z
strait	S T R EY T
strand	S T R AE N D
stranded	S T R AE N D IH D
strands	S T R AE N D Z
strange	S T R EY N JH
stranger	S T R EY N JH ER
strangers	S T R EY N JH ER Z
strap	S T R AE P
straps	S T R AE P S
strategic	S T R AH T IY JH IH K
strategies	S T R AE T AH JH IY Z
strategy	S T R AE T AH JH IY
stratford	S T R AE T F ER D
stratus	S T R AE T AH S
strauss	S T R AW S
straw	S T R AO
strawberry	S T R AO B EH R IY
stray	S T R EY
streak	S T R IY K
stream	S T R IY M
streaming	S T R IY M IH NG
streamline	S T R IY M L AY N
streams	S T R IY M Z
street	S T R IY T
streets	S T R IY T S
strength	S T R EH NG K TH
strengthen	S T R EH NG TH AH N
strengthened	S T R EH NG TH AH N D
strengths	S T R EH NG K TH S
stress	S T R EH S
stressed	S T R EH S T
stresses	S T R EH S AH Z
stretch	S T R EH CH
stretched	S T R EH CH T
stretches	S T R EH CH AH Z
stretching	S T R EH CH IH NG
strict	S T R IH K T
strictly	S T R IH K T L IY
stride	S T R AY D
strike	S T R AY K
strikes	S T R AY K S
striking	S T R AY K IH NG
string	S T R IH NG
stringent	S T R IH N JH AH N T
strings	S T R IH NG Z
strip	S T R IH P
stripe	S T R AY P
striped	S T R AY P T
stripes	S T R AY P S
stripped	S T R IH P T
stripper	S T R IH P ER
strippers	S T R IH P ER Z
stripping	S T R IH P IH NG
strips	S T R IH P S
strive	S T R AY V
striving	S T R AY V IH NG
stroke	S T R OW K
strokes	S T R OW K S
stroll	S T R OW L
stroller	S T R OW L ER
strollers	S T R OW L ER Z
strong	S T R AO NG
stronger	S T R AO NG ER
strongest	S T R AO NG G AH S T
strongly	S T R AO NG L IY
struck	S T R AH K
structural	S T R AH K CH ER AH L
structure	S T R AH K CH ER
structured	S T R AH K CH ER D
structures	S T R AH K CH ER Z
struggle	S T R AH G AH L
struggled	S T R AH G AH L D
struggles	S T R AH G AH L Z
struggling	S T R AH G AH L IH NG
strum	S T R AH M
strut	S T R AH T
struts	S T R AH T S
stu	S T UW
stuart	S T UW ER T
stub	S T AH B
stuck	S T AH K
stud	S T AH D
student	S T UW D AH N T
students	S T UW D AH N T S
studied	S T AH D IY D
studies	S T AH D IY Z
studio	S T UW D IY OW
studios	S T UW D IY OW Z
studs	S T AH D Z
study	S T AH D IY
studying	S T AH D IY IH NG
stuff	S T AH F
stuffed	S T AH F T
stuffing	S T AH F IH NG
stunning	S T AH N IH NG
stunt	S T AH N T
stupid	S T UW P AH D
sturdy	S T ER D IY
stuttgart	S T AH T G ER T
style	S T AY L
styled	S T AY L D
styles	S T AY L Z
styling	S T AY L IH NG
stylish	S T AY L IH SH
stylus	S T AY L AH S
suave	S W AA V
sub	S AH B
subaru	S UW B ER UW
subchapter	S AH B CH AE P T ER
subcommittee	S AH B K AH M IH T IY
subdivision	S AH B D IH V IH ZH AH N
subdivisions	S AH B D IH V IH ZH AH N Z
subgroup	S AH B G R UW P
subject	S AH B JH EH K T
subjected	S AH B JH EH K T IH D
subjective	S AH B JH EH K T IH V
subjects	S AH B JH IH K T S
sublime	S AH B L AY M
submarine	S AH B M ER IY N
submission	S AH B M IH SH AH N
submissions	S AH B M IH SH AH N Z
submit	S AH B M IH T
submits	S AH B M IH T S
submitted	S AH B M IH T IH D
submitting	S AH B M IH T IH NG
subordinate	S AH B AO R D AH N EY T
subroutine	S AH B R UW T IY N
subs	S AH B Z
subscribe	S AH B S K R AY B
subscribed	S AH B S K R AY B D
subscriber	S AH B S K R AY B ER
subscribers	S AH B S K R AY B ER Z
subscribing	S AH B S K R AY B IH NG
subscription	S AH B S K R IH P SH AH N
subsection	S AH B S EH K SH AH N
subsequent	S AH B S AH K W AH N T
subsequently	S AH B S AH K W AH N T L IY
subset	S AH B S EH T
subsidiaries	S AH B S IH D IY EH R IY Z
subsidiary	S AH B S IH D IY EH R IY
subsidies	S AH B S AH D IY Z
subsidy	S AH B S IH D IY
substance	S AH B S T AH N S
substances	S AH B S T AH N S AH Z
substantial	S AH B S T AE N SH AH L
substantive	S AH B S T AH N T IH V
substitute	S AH B S T AH T UW T
substituted	S AH B S T AH T UW T IH D
substitutes	S AH B S T AH T UW T S
substitution	S AH B S T IH T UW SH AH N
substrate	S AH B S T R EY T
substrates	S AH B S T R EY T S
subsystem	S AH B S IH S T AH M
subtitle	S AH B T AY T AH L
subtitles	S AH B T AY T AH L Z
subtle	S AH T AH L
subunit	S AH B Y UW N IH T
suburb	S AH B ER B
suburban	S AH B ER B AH N
suburbs	S AH B ER B Z
subversion	S AH B V ER ZH AH N
subway	S AH B W EY
succeed	S AH K S IY D
succeeded	S AH K S IY D IH D
succeeding	S AH K S IY D IH NG
success	S AH K S EH S
successes	S AH K S EH S AH Z
successful	S AH K S EH S F AH L
successfully	S AH K S EH S F AH L IY
succession	S AH K S EH SH AH N
successive	S AH K S EH S IH V
successor	S AH K S EH S ER
such	S AH CH
suck	S AH K
sucked	S AH K T
sucking	S AH K IH NG
sucks	S AH K S
suction	S AH K SH AH N
sudan	S UW D AE N
sudbury	S AH D B EH R IY
sudden	S AH D AH N
suddenly	S AH D AH N L IY
sue	S UW
sued	S UW D
suede	S W EY D
suffer	S AH F ER
suffered	S AH F ER D
suffering	S AH F ER IH NG
suffers	S AH F ER Z
sufficient	S AH F IH SH AH N T
sufficiently	S AH F IH SH AH N T L IY
suffix	S AH F IH K S
suffolk	S AH F AH K
sugar	SH UH G ER
suggest	S AH JH EH S T
suggested	S AH JH EH S T IH D
suggesting	S AH JH EH S T IH NG
suggestion	S AH JH EH S CH AH N
suggestions	S AH JH EH S CH AH N Z
suggests	S AH JH EH S T S
suicide	S UW AH S AY D
suit	S UW T
suitability	S UW T AH B IH L IH T IY
suitable	S UW T AH B AH L
suite	S W IY T
suited	S UW T IH D
suites	S W IY T S
suits	S UW T S
sulfate	S AH L F EY T
sulfur	S AH L F ER
sullivan	S AH L AH V AH N
sulphur	S AH L F ER
sum	S AH M
sumac	S UW M AE K
summaries	S AH M ER IY Z
summarize	S AH M ER AY Z
summarized	S AH M ER AY Z D
summarizes	S AH M ER AY Z IH Z
summary	S AH M ER IY
summer	S AH M ER
summers	S AH M ER Z
summit	S AH M AH T
sums	S AH M Z
sun	S AH N
sundance	S AH N D AE N S
sunday	S AH N D EY
sundays	S AH N D EY Z
sunderland	S AH N D ER L AH N D
sundial	S AH N D AY L
sunflower	S AH N F L AW ER
sung	S AH NG
sunglasses	S AH N G L AE S IH Z
sunlight	S AH N L AY T
sunny	S AH N IY
sunrise	S AH N R AY Z
suns	S AH N Z
sunset	S AH N S EH T
sunshine	S AH N SH AY N
suny	S UW N IY
sup	S AH P
super	S UW P ER
superb	S UH P ER B
superficial	S UW P ER F IH SH AH L
superior	S UW P IH R IY ER
superman	S UW P ER M AH N
supermarket	S UW P ER M AA R K IH T
supermarkets	S UW P ER M AA R K IH T S
supernatural	S UW P ER N AE CH ER AH L
superstar	S UW P ER S T AA R
superstore	S UW P ER S T AO R
supervise	S UW P ER V AY Z
supervised	S UW P ER V AY Z D
supervising	S UW P ER V AY Z IH NG
supervision	S UW P ER V IH ZH AH N
supervisor	S UW P ER V AY Z ER
supervisors	S UW P ER V AY Z ER Z
supervisory	S UW P ER V AY Z ER IY
supper	S AH P ER
supplement	S AH P L AH M AH N T
supplemental	S AH P L AH M EH N T AH L
supplemented	S AH P L AH M EH N T IH D
supplements	S AH P L AH M AH N T S
supplied	S AH P L AY D
supplier	S AH P L AY ER
suppliers	S AH P L AY ER Z
supplies	S AH P L AY Z
supply	S AH P L AY
supplying	S AH P L AY IH NG
support	S AH P AO R T
supported	S AH P AO R T IH D
supporter	S AH P AO R T ER
supporters	S AH P AO R T ER Z
supporting	S AH P AO R T IH NG
supportive	S AH P AO R T IH V
supports	S AH P AO R T S
suppose	S AH P OW Z
supposed	S AH P OW Z D
supposedly	S AH P OW Z AH D L IY
suppress	S AH P R EH S
suppressed	S AH P R EH S T
suppression	S AH P R EH SH AH N
supra	S UW P R AH
supreme	S AH P R IY M
sur	S ER
surcharge	S ER CH AA R JH
sure	SH UH R
surely	SH UH R L IY
surf	S ER F
surface	S ER F AH S
surfaces	S ER F AH S AH Z
surfer	S ER F ER
surfers	S ER F ER Z
surfing	S ER F IH NG
surge	S ER JH
surgeon	S ER JH AH N
surgeons	S ER JH AH N Z
surgery	S ER JH ER IY
surgical	S ER JH IH K AH L
suriname	S ER IH N AA M
surname	S ER N EY M
surnames	S ER N EY M Z
surplus	S ER P L AH S
surprise	S ER P R AY Z
surprised	S ER P R AY Z D
surprises	S ER P R AY Z IH Z
surprising	S ER P R AY Z IH NG
surprisingly	S ER P R AY Z IH NG L IY
surrender	S ER EH N D ER
surrey	S ER IY
surround	S ER AW N D
surrounded	S ER AW N D IH D
surrounding	S ER AW N D IH NG
surroundings	S ER AW N D IH NG Z
surrounds	S ER AW N D Z
surveillance	S ER V EY L AH N S
survey	S ER V EY
surveyed	S ER V EY D
surveying	S ER V EY IH NG
surveyor	S ER V EY ER
surveyors	S ER V EY ER Z
surveys	S ER V EY Z
survival	S ER V AY V AH L
survive	S ER V AY V
survived	S ER V AY V D
surviving	S ER V AY V IH NG
survivor	S ER V AY V ER
survivors	S ER V AY V ER Z
sus	S AH S
susan	S UW Z AH N
susceptible	S AH S EH P T AH B AH L
sushi	S UW SH IY
susie	S UW Z IY
suspect	S AH S P EH K T
suspected	S AH S P EH K T IH D
suspects	S AH S P EH K T S
suspend	S AH S P EH N D
suspended	S AH S P EH N D IH D
suspense	S AH S P EH N S
suspension	S AH S P EH N SH AH N
suspicion	S AH S P IH SH AH N
suspicious	S AH S P IH SH AH S
sussex	S AH S IH K S
sustain	S AH S T EY N
sustainable	S AH S T EY N AH B AH L
sustained	S AH S T EY N D
sustaining	S AH S T EY N IH NG
sutherland	S AH DH ER L AH N D
sutton	S AH T AH N
suv	EH S Y UW V IY
suvs	EH S Y UW V IY Z
suzanne	S UW Z AE N
suzuki	S AH Z UW K IY
sven	S V EH N
svenska	S V EH N S K AH
swallow	S W AA L OW
swallowing	S W AA L OW IH NG
swamp	S W AA M P
swan	S W AA N
swap	S W AA P
swapping	S W AA P IH NG
swarm	S W AO R M
swarovski	S W AA R AA V S K IY
swaziland	S W AA Z IH L AH N D
swear	S W EH R
sweat	S W EH T
sweater	S W EH T ER
sweaters	S W EH T ER Z
sweatshirt	S W EH T SH ER T
sweatshirts	S W EH T SH ER T S
sweden	S W IY D AH N
swedish	S W IY D IH SH
sweeney	S W IY N IY
sweep	S W IY P
sweeping	S W IY P IH NG
sweepstakes	S W IY P S T EY K S
sweet	S W IY T
sweetheart	S W IY T HH AA R T
sweets	S W IY T S
swell	S W EH L
swelling	S W EH L IH NG
swept	S W EH P T
swift	S W IH F T
swim	S W IH M
swimming	S W IH M IH NG
swimsuit	S W IH M S UW T
swimwear	S W IH M W EH R
swing	S W IH NG
swinger	S W IH NG ER
swingers	S W IH NG ER Z
swinging	S W IH NG IH NG
swings	S W IH NG Z
swipe	S W AY P
swirl	S W ER L
swiss	S W IH S
switch	S W IH CH
switchboard	S W IH CH B AO R D
switched	S W IH CH T
switches	S W IH CH AH Z
switching	S W IH CH IH NG
switzerland	S W IH T S ER L AH N D
swivel	S W IH V AH L
swoop	S W UW P
sword	S AO R D
swords	S AO R D Z
sworn	S W AO R N
sybase	S AY B EY S
sydney	S IH D N IY
syllabus	S IH L AH B AH S
sylvia	S IH L V IY AH
symantec	S IH M AE N T EH K
symbol	S IH M B AH L
symbolic	S IH M B AA L IH K
symbols	S IH M B AH L Z
symmetric	S AH M EH T R IH K
symmetry	S IH M AH T R IY
sympathetic	S IH M P AH TH EH T IH K
sympathy	S IH M P AH TH IY
symphony	S IH M F AH N IY
symposium	S IH M P OW Z IY AH M
symptom	S IH M P T AH M
symptoms	S IH M P T AH M Z
syn	S IH N
synapse	S IH AE P S
sync	S IH NG K
synchronized	S IH NG K R AH N AY Z D
synchronous	S IH NG K R AH N AH S
syndicate	S IH N D IH K AH T
syndicated	S IH N D IH K EY T IH D
syndication	S IH N D IH K EY SH AH N
syndrome	S IH N D R OW M
synergy	S IH N ER JH IY
synonym	S IH N AH N IH M
synonyms	S IH N AH N IH M S
synopsis	S IH N AA P S IH S
syntax	S IH N T AE K S
synthesis	S IH N TH AH S AH S
synthetic	S IH N TH EH T IH K
syracuse	S IH R AH K Y UW Z
syria	S IH R IY AH
syrian	S IH R IY AH N
syrup	S ER AH P
system	S IH S T AH M
systematic	S IH S T AH M AE T IH K
systemic	S IH S T EH M IH K
systems	S IH S T AH M Z
tab	T AE B
table	T EY B AH L
tables	T EY B AH L Z
tablespoons	T EY B AH L S P UW N Z
tablet	T AE B L AH T
tabletop	T EY B AH L T AA P
tablets	T AE B L AH T S
tableware	T EY B AH L W EH R
taboo	T AE B UW
tabs	T AE B Z
tac	T IY EY S IY
tack	T AE K
tackle	T AE K AH L
tackles	T AE K AH L Z
tackling	T AE K L IH NG
taco	T AA K OW
tacoma	T AH K OW M AA
tactful	T AE K T F AH L
tactic	T AE K T IH K
tactical	T AE K T IH K AH L
tactics	T AE K T IH K S
tad	T AE D
tag	T AE G
tagged	T AE G D
tagging	T AE G IH NG
tags	T AE G Z
tahiti	T AH HH IY T IY
tahoe	T AE HH OW
tai	T AY
tail	T EY L
tailed	T EY L D
tailor	T EY L ER
tailored	T EY L ER D
tails	T EY L Z
taipei	T AY P EY
taiwan	T AY W AA N
taj	T AA ZH
tajikistan	T AA JH IY K IH S T AE N
take	T EY K
taken	T EY K AH N
takeover	T EY K OW V ER
takes	T EY K S
taking	T EY K IH NG
tal	T AA L
talbot	T AE L B AH T
tale	T EY L
talent	T AE L AH N T
talented	T AE L AH N T IH D
talents	T AE L AH N T S
tales	T EY L Z
taliban	T AE L IH B AE N
talk	T AO K
talkback	T AO K B AE K
talked	T AO K T
talking	T AO K IH NG
talks	T AO K S
tall	T AO L
tallahassee	T AE L AH HH AE S IY
tally	T AE L IY
talon	T AE L AH N
tam	T AE M
tamil	T AH M IH L
tammy	T AE M IY
tampa	T AE M P AH
tan	T AE N
tandem	T AE N D AH M
tang	T AE NG
tangible	T AE N JH AH B AH L
tango	T AE NG G OW
tank	T AE NG K
tanks	T AE NG K S
tanned	T AE N D
tanner	T AE N ER
tanning	T AE N IH NG
tanya	T AA N Y AH
tanzania	T AE N Z EY N IY AH
tao	T AW
tap	T AE P
tape	T EY P
tapes	T EY P S
tapestry	T AE P AH S T R IY
tapped	T AE P T
tapping	T AE P IH NG
taps	T AE P S
tar	T AA R
tara	T EH R AH
target	T AA R G AH T
targeted	T AA R G AH T IH D
targeting	T AA R G AH T IH NG
targets	T AA R G AH T S
tariff	T EH R AH F
tariffs	T EH R AH F S
tarot	T AE R OW
task	T AE S K
tasks	T AE S K S
tasmania	T AE Z M EY N IY AH
taste	T EY S T
tastes	T EY S T S
tasting	T EY S T IH NG
tasty	T EY S T IY
tata	T AA T AA
tate	T EY T
tattoo	T AE T UW
tattoos	T AE T UW Z
taught	T AO T
taurus	T AO R AH S
tavern	T AE V ER N
tax	T AE K S
taxable	T AE K S AH B AH L
taxation	T AE K S EY SH AH N
taxes	T AE K S AH Z
taxi	T AE K S IY
taxis	T AE K S IY Z
taxonomy	T AE K S AO N AH M IY
taxpayer	T AE K S P EY ER
taxpayers	T AE K S P EY ER Z
taylor	T EY L ER
tea	T IY
teach	T IY CH
teacher	T IY CH ER
teachers	T IY CH ER Z
teaches	T IY CH AH Z
teaching	T IY CH IH NG
teachings	T IY CH IH NG Z
teak	T IY K
teal	T IY L
team	T IY M
teamed	T IY M D
teams	T IY M Z
teamwork	T IY M W ER K
tear	T EH R
tears	T EH R Z
teas	T IY Z
tease	T IY Z
teaspoon	T IY S P UW N
tec	T EH K
tech	T EH K
technical	T EH K N IH K AH L
technically	T EH K N IH K AH L IY
technician	T EH K N IH SH AH N
technicians	T EH K N IH SH AH N Z
technics	T EH K N IH K S
technique	T EH K N IY K
techniques	T EH K N IY K S
techno	T EH K N OW
technologies	T EH K N AA L AH JH IY Z
technology	T EH K N AA L AH JH IY
techs	T EH K S
ted	T EH D
teddy	T EH D IY
tee	T IY
teen	T IY N
teenage	T IY N EY JH
teenager	T IY N EY JH ER
teenagers	T IY N EY JH ER Z
teens	T IY N Z
tees	T IY Z
teeth	T IY TH
tehran	T EY R AA N
tek	T EH K
tel	T EH L
tele	T EH L IY
telecom	T EH L AH K AA M
telecoms	T EH L AH K AA M Z
telegraph	T EH L AH G R AE F
telephone	T EH L AH F OW N
telephones	T EH L AH F OW N Z
telephony	T EH L AH F OW N IY
telescope	T EH L AH S K OW P
telescopes	T EH L AH S K OW P S
television	T EH L AH V IH ZH AH N
televisions	T EH L AH V IH ZH AH N Z
tell	T EH L
teller	T EH L ER
telling	T EH L IH NG
tells	T EH L Z
telstra	T EH L S T R AH
temp	T EH M P
tempe	T EH M P IY
temper	T EH M P ER
temperature	T EH M P R AH CH ER
temperatures	T EH M P R AH CH ER Z
tempest	T EH M P AH S T
template	T EH M P L AH T
templates	T EH M P L AH T S
temple	T EH M P AH L
temples	T EH M P AH L Z
tempo	T EH M P OW
temporal	T EH M P ER AH L
temporarily	T EH M P ER EH R AH L IY
temporary	T EH M P ER EH R IY
temps	T EH M P S
temptation	T EH M T EY SH AH N
tempted	T EH M P T IH D
ten	T EH N
tenacious	T AH N EY SH AH S
tenant	T EH N AH N T
tenants	T EH N AH N T S
tend	T EH N D
tended	T EH N D IH D
tendency	T EH N D AH N S IY
tender	T EH N D ER
tenders	T EH N D ER Z
tends	T EH N D Z
tenet	T EH N AH T
tennessee	T EH N AH S IY
tennis	T EH N AH S
tenor	T EH N ER
tens	T EH N Z
tense	T EH N S
tension	T EH N SH AH N
tensions	T EH N CH AH N Z
tensor	T EH N S ER
tent	T EH N T
tentative	T EH N T AH T IH V
tenth	T EH N TH
tents	T EH N T S
tenure	T EH N Y ER
ter	T ER
teresa	T ER IY S AH
term	T ER M
termed	T ER M D
terminal	T ER M AH N AH L
terminals	T ER M AH N AH L Z
terminate	T ER M AH N EY T
terminated	T ER M AH N EY T IH D
termination	T ER M AH N EY SH AH N
terminator	T ER M AH N EY T ER
terminology	T ER M IH N AA L AH JH IY
terms	T ER M Z
terra	T EH R AA
terrace	T EH R AH S
terrain	T ER EY N
terre	T EH R AH
terrestrial	T ER EH S T R IY AH L
terri	T EH R IY
terrible	T EH R AH B AH L
terribly	T EH R AH B L IY
terrier	T EH R IY ER
terrific	T ER IH F IH K
territorial	T EH R IH T AO R IY AH L
territories	T EH R AH T AO R IY Z
territory	T EH R IH T AO R IY
terror	T EH R ER
terrorism	T EH R ER IH Z AH M
terrorist	T EH R ER IH S T
terrorists	T EH R ER AH S T S
terry	T EH R IY
tertiary	T ER SH ER IY
tesco	T EH S K OW
test	T EH S T
testament	T EH S T AH M AH N T
tested	T EH S T IH D
tester	T EH S T ER
testers	T EH S T ER Z
testified	T EH S T AH F AY D
testify	T EH S T AH F AY
testimonials	T EH S T AH M OW N IY AH L Z
testimony	T EH S T AH M OW N IY
testing	T EH S T IH NG
testosterone	T EH S T AA S T ER OW N
tests	T EH S T S
tex	T EH K S
texans	T EH K S AH N Z
texas	T EH K S AH S
text	T EH K S T
textbook	T EH K S T B UH K
textbooks	T EH K S T B UH K S
textile	T EH K S T AY L
textiles	T EH K S T AY L Z
texts	T EH K S T S
textual	T EH K S CH UW AH L
texture	T EH K S CH ER
textured	T EH K S CH ER D
textures	T EH K S CH ER Z
thai	T AY
thailand	T AY L AE N D
thames	T EH M Z
than	DH AE N
thank	TH AE NG K
thanked	TH AE NG K T
thankful	TH AE NG K F AH L
thanks	TH AE NG K S
thanksgiving	TH AE NG K S G IH V IH NG
that	DH AE T
thaw	TH AO
the	DH AH
theater	TH IY AH T ER
theaters	TH IY AH T ER Z
theatre	TH IY AH T ER
theatres	TH IY AH T ER Z
theatrical	TH IY AE T R IH K AH L
thee	DH IY
theft	TH EH F T
their	DH EH R
theirs	DH EH R Z
them	DH EH M
thematic	TH IY M AE T IH K
theme	TH IY M
themed	TH IY M D
themes	TH IY M Z
themselves	DH EH M S EH L V Z
then	DH EH N
thence	DH EH N S
theo	TH IY OW
theodore	TH IY AH D AO R
theological	TH IY AH L AA JH IH K AH L
theology	TH IY AA L AH JH IY
theorem	TH IH R AH M
theoretical	TH IY ER EH T IH K AH L
theories	TH IH R IY Z
theory	TH IH R IY
therapeutic	TH EH R AH P Y UW T IH K
therapies	TH EH R AH P IY Z
therapist	TH EH R AH P AH S T
therapists	TH EH R AH P IH S T S
therapy	TH EH R AH P IY
there	DH EH R
thereafter	DH EH R AE F T ER
thereby	DH EH R B AY
therefore	DH EH R F AO R
therein	DH EH R IH N
thereof	DH EH R AH V
thereon	DH EH R AO N
theresa	T ER IY S AH
thereto	DH EH R T UW
thermal	TH ER M AH L
thermo	TH ER M OW
thermometer	TH ER M AA M AH T ER
thesaurus	TH AH S AO R AH S
these	DH IY Z
theses	TH IY S IY Z
thesis	TH IY S AH S
theta	TH EY T AH
they	DH EY
thick	TH IH K
thicket	TH IH K IH T
thickness	TH IH K N AH S
thief	TH IY F
thieves	TH IY V Z
thigh	TH AY
thighs	TH AY Z
thin	TH IH N
thing	TH IH NG
things	TH IH NG Z
think	TH IH NG K
thinking	TH IH NG K IH NG
thinkpad	TH IH NG K P AE D
thinks	TH IH NG K S
third	TH ER D
thirds	TH ER D Z
thirteen	TH ER T IY N
thirty	TH ER D IY
this	DH IH S
thistle	TH IH S AH L
tho	DH OW
thomas	T AA M AH S
thompson	T AA M P S AH N
thomson	T AA M S AH N
thong	TH AO NG
thor	TH AO R
thorn	TH AO R N
thornton	TH AO R N T AH N
thorough	TH ER OW
thoroughly	TH ER OW L IY
those	DH OW Z
thou	DH AW
though	DH OW
thought	TH AO T
thoughtful	TH AO T F AH L
thoughts	TH AO T S
thousand	TH AW Z AH N D
thousands	TH AW Z AH N D Z
thread	TH R EH D
threaded	TH R EH D IH D
threads	TH R EH D Z
threat	TH R EH T
threaten	TH R EH T AH N
threatened	TH R EH T AH N D
threatening	TH R EH T AH N IH NG
threatens	TH R EH T AH N Z
threats	TH R EH T S
three	TH R IY
threesome	TH R IY S AH M
threshold	TH R EH SH OW L D
thresholds	TH R EH SH OW L D Z
threw	TH R UW
thrice	TH R AY S
thrill	TH R IH L
thrilled	TH R IH L D
thriller	TH R IH L ER
thrillers	TH R IH L ER Z
thrive	TH R AY V
throat	TH R OW T
throne	TH R OW N
throttle	TH R AA T AH L
through	TH R UW
throughout	TH R UW AW T
throughput	TH R UW P UH T
throw	TH R OW
throwing	TH R OW IH NG
thrown	TH R OW N
throws	TH R OW Z
thru	TH R UW
thrust	TH R AH S T
ths	TH S
thug	TH AH G
thumb	TH AH M
thumbnail	TH AH M N EY L
thumbs	TH AH M Z
thunder	TH AH N D ER
thunderbird	TH AH N D ER B ER D
thursday	TH ER Z D EY
thursdays	TH ER Z D EY Z
thus	DH AH S
thy	DH AY
thyroid	TH AY R OY D
tia	T IY AH
tibet	T AH B EH T
tibetan	T IH B EH T AH N
tic	T IH K
tick	T IH K
ticker	T IH K ER
ticket	T IH K AH T
ticketmaster	T IH K IH T M AE S T ER
tickets	T IH K AH T S
tidal	T AY D AH L
tide	T AY D
tides	T AY D Z
tidy	T AY D IY
tie	T AY
tied	T AY D
tier	T IY R
ties	T AY Z
tiff	T IH F
tiffany	T IH F AH N IY
tiger	T AY G ER
tigers	T AY G ER Z
tight	T AY T
tightly	T AY T L IY
tights	T AY T S
tiki	T IY K IY
til	T IH L
tile	T AY L
tiles	T AY L Z
till	T IH L
tiller	T IH L ER
tilt	T IH L T
tim	T IH M
timber	T IH M B ER
timberland	T IH M B ER L AE N D
time	T AY M
timed	T AY M D
timeless	T AY M L AH S
timeline	T AY M L AY N
timeliness	T AY M L IY N AH S
timely	T AY M L IY
timeout	T AY M AW T
timer	T AY M ER
timers	T AY M ER Z
times	T AY M Z
timeshare	T AY M SH EH R
timetable	T AY M T EY B AH L
timezone	T AY M Z OW N
timing	T AY M IH NG
timor	T IY M AO R
timothy	T IH M AH TH IY
tin	T IH N
tina	T IY N AH
tint	T IH N T
tiny	T AY N IY
tip	T IH P
tipping	T IH P IH NG
tips	T IH P S
tire	T AY ER
tired	T AY ER D
tires	T AY ER Z
tis	T IH Z
tissue	T IH S Y UW
tissues	T IH S Y UW Z
tit	T IH T
titan	T AY T AH N
titanic	T AY T AE N IH K
titanium	T AY T EY N IY AH M
titans	T AY T AH N Z
title	T AY T AH L
titled	T AY T AH L D
titles	T AY T AH L Z
tits	T IH T S
titus	T AY T AH S
tivo	T IH V OW
tivoli	T IH V AH L IY
tlc	T IY EH L S IY
toast	T OW S T
toaster	T OW S T ER
tobacco	T AH B AE K OW
tobago	T AH B EY G OW
toby	T OW B IY
today	T AH D EY
todays	T AH D EY Z
todd	T AA D
toddler	T AA D L ER
toddlers	T AA D L ER Z
todo	T UW D UW
todos	T UW D UW Z
toe	T OW
toes	T OW Z
together	T AH G EH DH ER
toggle	T AA G AH L
togo	T OW G OW
toilet	T OY L AH T
toilets	T OY L AH T S
token	T OW K AH N
tokens	T OW K AH N Z
tokyo	T OW K IY OW
told	T OW L D
toledo	T AH L IY D OW
tolerance	T AA L ER AH N S
tolerant	T AA L ER AH N T
tolerate	T AA L ER EY T
tolerated	T AA L ER EY T IH D
tolkien	T AO L K IY EH N
toll	T OW L
tom	T AA M
tomato	T AH M EY T OW
tomatoes	T AH M EY T OW Z
tomb	T UW M
tomcat	T AA M K AE T
tome	T OW M
tommy	T AA M IY
tomorrow	T AH M AA R OW
ton	T AH N
tone	T OW N
toner	T OW N ER
tones	T OW N Z
tonga	T AA N G AH
tongue	T AH NG
toni	T OW N IY
tonight	T AH N AY T
tonnes	T AH N Z
tons	T AH N Z
tony	T OW N IY
too	T UW
took	T UH K
tool	T UW L
toolbar	T UW L B AA R
toolbox	T UW L B AO K S
tools	T UW L Z
toon	T UW N
tooth	T UW TH
top	T AA P
topaz	T OW P AE Z
topeka	T AH P IY K AA
topic	T AA P IH K
topical	T AA P AH K AH L
topics	T AA P IH K S
topless	T AA P L AH S
topographic	T AA P AH G R AE F IH K
topology	T AH P AO L AH JH IY
topped	T AA P T
topps	T AA P S
tops	T AA P S
tor	T AO R
torah	T AO R AH
torch	T AO R CH
tori	T AO R IY
torino	T AO R IY N OW
torn	T AO R N
tornado	T AO R N EY D OW
toronto	T ER AA N T OW
torque	T AO R K
torrent	T AO R AH N T
torres	T AO R EH Z
torso	T AO R S OW
tort	T AO R T
torture	T AO R CH ER
tortured	T AO R CH ER D
tory	T AO R IY
toshiba	T OW SH IY B AH
toss	T AO S
tossed	T AO S T
tot	T AA T
total	T OW T AH L
totaling	T OW T AH L IH NG
totally	T OW T AH L IY
totals	T OW T AH L Z
tote	T OW T
totem	T OW T AH M
touch	T AH CH
touchdown	T AH CH D AW N
touched	T AH CH T
touches	T AH CH AH Z
touching	T AH CH IH NG
tough	T AH F
toulouse	T UW L UW Z
tour	T UH R
touring	T UH R IH NG
tourism	T UH R IH Z AH M
tourist	T UH R AH S T
tourists	T UH R AH S T S
tournament	T UH R N AH M AH N T
tournaments	T ER N AH M AH N T S
tours	T UH R Z
tout	T AW T
tow	T OW
toward	T AH W AO R D
towards	T AH W AO R D Z
towel	T AW AH L
towels	T AW AH L Z
tower	T AW ER
towers	T AW ER Z
towing	T OW IH NG
town	T AW N
townhouse	T AW N HH AW S
towns	T AW N Z
townsend	T AW N Z AH N D
township	T AW N SH IH P
toxic	T AA K S IH K
toxicity	T AA K S IH S AH T IY
toxicology	T AA K S IH K AA L AH JH IY
toxins	T AA K S AH N Z
toy	T OY
toyota	T OW Y OW T AH
toys	T OY Z
trac	T R AE K
trace	T R EY S
traced	T R EY S T
traces	T R EY S AH Z
tracey	T R EY S IY
tracing	T R EY S IH NG
track	T R AE K
tracked	T R AE K T
tracker	T R AE K ER
tracking	T R AE K IH NG
tracks	T R AE K S
tract	T R AE K T
traction	T R AE K SH AH N
tractor	T R AE K T ER
tractors	T R AE K T ER Z
tracy	T R EY S IY
trade	T R EY D
traded	T R EY D IH D
trademark	T R EY D M AA R K
trademarks	T R EY D M AA R K S
trader	T R EY D ER
traders	T R EY D ER Z
trades	T R EY D Z
trading	T R EY D IH NG
tradition	T R AH D IH SH AH N
traditional	T R AH D IH SH AH N AH L
traditions	T R AH D IH SH AH N Z
traffic	T R AE F IH K
trafficking	T R AE F IH K IH NG
tragedy	T R AE JH AH D IY
tragic	T R AE JH IH K
trail	T R EY L
trailer	T R EY L ER
trailers	T R EY L ER Z
trailing	T R EY L IH NG
trails	T R EY L Z
train	T R EY N
trained	T R EY N D
trainee	T R EY N IY
trainees	T R EY N IY Z
trainer	T R EY N ER
trainers	T R EY N ER Z
training	T R EY N IH NG
trains	T R EY N Z
trait	T R EY T
traits	T R EY T S
trajectory	T R AH JH EH K T ER IY
tran	T R AE N
trance	T R AE N S
tranquil	T R AE NG K W AH L
trans	T R AE N Z
transaction	T R AE N Z AE K SH AH N
transactions	T R AE N Z AE K SH AH N Z
transcend	T R AE N S EH N D
transcribed	T R AE N S K R AY B D
transcript	T R AE N S K R IH P T
transcripts	T R AE N S K R IH P T S
transfer	T R AE N S F ER
transferable	T R AE N S F ER AH B AH L
transferred	T R AE N S F ER D
transferring	T R AE N S F ER IH NG
transfers	T R AE N S F ER Z
transform	T R AE N S F AO R M
transformed	T R AE N S F AO R M D
transformer	T R AE N S F AO R M ER
transformers	T R AE N S F AO R M ER Z
transforming	T R AE N S F AO R M IH NG
transforms	T R AE N S F AO R M Z
transgender	T R AE N Z JH EH N D ER
transient	T R AE N ZH AH N T
transistor	T R AE N Z IH S T ER
transit	T R AE N Z IH T
transition	T R AE N Z IH SH AH N
transitional	T R AE N S IH SH AH N AH L
transitions	T R AE N Z IH SH AH N Z
translate	T R AE N Z L EY T
translated	T R AE N Z L EY T IH D
translates	T R AE N Z L EY T S
translating	T R AE N Z L EY T IH NG
translation	T R AE N Z L EY SH AH N
translations	T R AE N Z L EY SH AH N Z
translator	T R AE N S L EY T ER
translators	T R AE N S L EY T ER Z
transmission	T R AE N S M IH SH AH N
transmit	T R AE N Z M IH T
transmitted	T R AE N S M IH T IH D
transmitter	T R AE N S M IH T ER
transmitting	T R AE N S M IH T IH NG
transparency	T R AE N S P EH R AH N S IY
transparent	T R AE N S P EH R AH N T
transplant	T R AE N S P L AE N T
transport	T R AE N S P AO R T
transported	T R AE N S P AO R T IH D
transporter	T R AE N S P AO R T ER
transporting	T R AE N S P AO R T IH NG
transsexual	T R AE N S EH K SH Y UW AH L
transverse	T R AE N Z V ER S
transvestite	T R AE N Z V EH S T AY T
trap	T R AE P
trapped	T R AE P T
traps	T R AE P S
trash	T R AE SH
trauma	T R AO M AH
traumatic	T R AO M AE T IH K
travel	T R AE V AH L
traveled	T R AE V AH L D
traveler	T R AE V AH L ER
travelers	T R AE V AH L ER Z
traveling	T R AE V AH L IH NG
travelled	T R AE V AH L D
traveller	T R AE V AH L ER
travellers	T R AE V AH L ER Z
travelling	T R AE V AH L IH NG
travelocity	T R AE V AH L AA S AH T IY
travelodge	T R AE V AH L AA JH
travels	T R AE V AH L Z
traverse	T R AE V ER S
travis	T R AE V IH S
tray	T R EY
trays	T R EY Z
tread	T R EH D
treadmill	T R EH D M IH L
treasure	T R EH ZH ER
treasurer	T R EH ZH ER ER
treasures	T R EH ZH ER Z
treasury	T R EH ZH ER IY
treat	T R IY T
treated	T R IY T IH D
treaties	T R IY T IY Z
treating	T R IY T IH NG
treatment	T R IY T M AH N T
treatments	T R IY T M AH N T S
treats	T R IY T S
treaty	T R IY T IY
tree	T R IY
trees	T R IY Z
trek	T R EH K
trekking	T R EH K IH NG
trellis	T R EH L AH S
tremendous	T R AH M EH N D AH S
trench	T R EH N CH
trend	T R EH N D
trends	T R EH N D Z
trendy	T R EH N D IY
trent	T R EH N T
trenton	T R EH N T AH N
trevor	T R EH V ER
tri	T R AY
trial	T R AY AH L
trials	T R AY AH L Z
triangle	T R AY AE NG G AH L
triathlon	T R AY AE TH L AH N
tribal	T R AY B AH L
tribe	T R AY B
tribes	T R AY B Z
tribunal	T R AH B Y UW N AH L
tribune	T R IH B Y UW N
tribute	T R IH B Y UW T
trick	T R IH K
tricks	T R IH K S
tricky	T R IH K IY
tried	T R AY D
tries	T R AY Z
trigger	T R IH G ER
triggered	T R IH G ER D
triggers	T R IH G ER Z
trillion	T R IH L Y AH N
trilogy	T R IH L AH JH IY
trim	T R IH M
trimmed	T R IH M D
trinidad	T R IH N IH D AE D
trinity	T R IH N AH T IY
trio	T R IY OW
trip	T R IH P
triple	T R IH P AH L
tripod	T R AY P AA D
trips	T R IH P S
trish	T R IH SH
tristan	T R IH S T AE N
triton	T R AY T AH N
triumph	T R AY AH M F
trivia	T R IH V IY AH
trivial	T R IH V IY AH L
trojan	T R OW JH AH N
trojans	T R OW JH AH N Z
troll	T R OW L
trolley	T R AA L IY
troop	T R UW P
troops	T R UW P S
trophy	T R OW F IY
tropical	T R AA P IH K AH L
trouble	T R AH B AH L
troubled	T R AH B AH L D
troubles	T R AH B AH L Z
trousers	T R AW Z ER Z
trout	T R AW T
trowel	T R AW W EH L
troy	T R OY
truck	T R AH K
trucking	T R AH K IH NG
trucks	T R AH K S
true	T R UW
truly	T R UW L IY
truman	T R UW M AH N
trump	T R AH M P
trumpet	T R AH M P AH T
trunk	T R AH NG K
truss	T R AH S
trust	T R AH S T
trusted	T R AH S T IH D
trustee	T R AH S T IY
trustees	T R AH S T IY Z
trusts	T R AH S T S
trusty	T R AH S T IY
truth	T R UW TH
truths	T R UW TH S
try	T R AY
trying	T R AY IH NG
tsunami	T S UW N AA M IY
tub	T AH B
tube	T UW B
tuberculosis	T AH B ER K Y AH L OW S IH S
tubes	T UW B Z
tubing	T UW B IH NG
tubs	T AH B Z
tubular	T UW B Y AH L ER
tuck	T AH K
tucker	T AH K ER
tucson	T UW S AA N
tue	T UW
tuesday	T UW Z D IY
tuesdays	T UW Z D EY Z
tuition	T Y UW IH SH AH N
tulip	T UW L AH P
tulsa	T AH L S AH
tumble	T AH M B AH L
tummy	T AH M IY
tumor	T UW M ER
tumors	T UW M ER Z
tuna	T UW N AH
tundra	T AH N D R AH
tune	T UW N
tuned	T UW N D
tuner	T UW N ER
tunes	T UW N Z
tungsten	T AH NG S T AH N
tuning	T UW N IH NG
tunisia	T UW N IY ZH AH
tunnel	T AH N AH L
tunnels	T AH N AH L Z
turbine	T ER B AY N
turbo	T ER B OW
turbulence	T ER B Y AH L AH N S
turf	T ER F
turin	T Y UH R IH N
turismo	T UH R IH S M OW
turkey	T ER K IY
turkish	T ER K IH SH
turkmenistan	T ER K M EH N IH S T AE N
turks	T ER K S
turn	T ER N
turnaround	T ER N ER AW N D
turned	T ER N D
turner	T ER N ER
turning	T ER N IH NG
turnout	T ER N AW T
turnover	T ER N OW V ER
turns	T ER N Z
turquoise	T ER K W OY Z
turret	T ER AH T
turtle	T ER T AH L
turtles	T ER T AH L Z
tuscany	T AH S K AH N IY
tutor	T UW T ER
tutorial	T UW T AO R IY AH L
tutorials	T UW T AO R IY AH L Z
tutoring	T UW T ER IH NG
tutors	T UW T ER Z
tuvalu	T UW V AA L UW
tvs	T IY V IY Z
twain	T W EY N
tweak	T W IY K
tweed	T W IY D
twelve	T W EH L V
twentieth	T W EH N T IY AH TH
twenty	T W EH N T IY
twice	T W AY S
twilight	T W AY L AY T
twill	T W IH L
twin	T W IH N
twink	T W IH NG K
twins	T W IH N Z
twirl	T W ER L
twist	T W IH S T
twisted	T W IH S T IH D
two	T UW
tycoon	T AY K UW N
tying	T AY IH NG
tyler	T AY L ER
tyne	T AY N
type	T AY P
typed	T AY P T
types	T AY P S
typhoon	T AY F UW N
typical	T IH P AH K AH L
typically	T IH P IH K L IY
typing	T AY P IH NG
typo	T AY P OW
tyranny	T IH R AH N IY
tyre	T AY R
tyres	T AY ER Z
tyson	T AY S AH N
uber	Y UW B ER
ubiquitous	Y UW B IH K W IH T AH S
ubuntu	UW B UW T UW
ufo	Y UW EH F OW
uganda	Y UW G AE N D AA
ugly	AH G L IY
ukraine	Y UW K R EY N
ukrainian	Y UW K R EY N IY AH N
ulster	AH L S T ER
ultima	AH L T IH M AH
ultimate	AH L T AH M AH T
ultimately	AH L T AH M AH T L IY
ultra	AH L T R AH
ultrasonic	AH L T R AH S AA N IH K
ultrasound	AH L T R AH S AW N D
ultraviolet	AH L T R AH V AY AH L IH T
uma	Y UW M AH
umbrella	AH M B R EH L AH
una	UW N AH
unable	AH N EY B AH L
unabridged	AH N AH B R IH JH D
unacceptable	AH N AE K S EH P T AH B AH L
unanimous	Y UW N AE N AH M AH S
unanimously	Y UW N AE N AH M AH S L IY
unanswered	AH N AE N S ER D
unauthorized	AH N AO TH ER AY Z D
unavailable	AH N AH V EY L AH B AH L
unaware	AH N AH W EH R
unbelievable	AH N B AH L IY V AH B AH L
unbiased	AH N B AY AH S T
uncensored	AH N S EH N S ER D
uncertain	AH N S ER T AH N
uncertainty	AH N S ER T AH N T IY
unchanged	AH N CH EY N JH D
unclassified	AH N K L AE S IH F AY D
uncle	AH NG K AH L
unclear	AH N K L IH R
uncommon	AH N K AA M AH N
unconscious	AH N K AA N SH AH S
uncover	AH N K AH V ER
uncovered	AH N K AH V ER D
uncut	AH N K AH T
und	AH N D
undefined	AH N D IH F AY N D
under	AH N D ER
underage	AH N D ER IH JH
undercover	AH N D ER K AH V ER
undergo	AH N D ER G OW
undergoing	AH N D ER G OW IH NG
underground	AH N D ER G R AW N D
underline	AH N D ER L AY N
underlined	AH N D ER L AY N D
underlying	AH N D ER L AY IH NG
undermine	AH N D ER M AY N
underneath	AH N D ER N IY TH
understand	AH N D ER S T AE N D
understands	AH N D ER S T AE N D Z
understood	AH N D ER S T UH D
undertake	AH N D ER T EY K
undertaken	AH N D ER T EY K AH N
undertaking	AH N D ER T EY K IH NG
underwater	AH N D ER W AO T ER
underway	AH N D ER W EY
underwear	AH N D ER W EH R
underwood	AH N D ER W UH D
underworld	AH N D ER W ER L D
underwriting	AH N D ER R AY T IH NG
undo	AH N D UW
undoubtedly	AH N D AW T IH D L IY
unemployed	AH N EH M P L OY D
unemployment	AH N IH M P L OY M AH N T
unesco	Y UW N EH S K OW
unexpected	AH N IH K S P EH K T IH D
unfair	AH N F EH R
unfamiliar	AH N F AH M IH L Y ER
unfinished	AH N F IH N IH SH T
unfortunate	AH N F AO R CH AH N AH T
unhappy	AH N HH AE P IY
uni	Y UW N IY
unicef	Y UW N AH S EH F
unidentified	AH N AY D EH N T AH F AY D
unified	Y UW N AH F AY D
uniform	Y UW N AH F AO R M
uniformly	Y UW N AH F AO R M L IY
uniforms	Y UW N AH F AO R M Z
uninstall	AH N IH N S T AO L
uninsured	AH N IH N SH UH R D
union	Y UW N Y AH N
unions	Y UW N Y AH N Z
unique	Y UW N IY K
uniquely	Y UW N IY K L IY
unisex	Y UW N IH S EH K S
unit	Y UW N AH T
unite	Y UW N AY T
united	Y UW N AY T IH D
units	Y UW N AH T S
unity	Y UW N AH T IY
universal	Y UW N AH V ER S AH L
universe	Y UW N AH V ER S
universities	Y UW N AH V ER S AH T IY Z
university	Y UW N AH V ER S AH T IY
unix	Y UW N IH K S
unknown	AH N N OW N
unlawful	AH N L AO F AH L
unleashed	AH N L IY SH T
unless	AH N L EH S
unlike	AH N L AY K
unlikely	AH N L AY K L IY
unlimited	AH N L IH M AH T IH D
unlock	AH N L AA K
unlocked	AH N L AA K T
unlocking	AH N L AA K IH NG
unnamed	AH N N EY M D
unnecessary	AH N N EH S AH S EH R IY
uno	AH N OW
unofficial	AH N AH F IH SH AH L
unpaid	AH N P EY D
unpleasant	AH N P L EH Z AH N T
unpublished	AH N P AH B L IH SH T
unrated	AH N R EY T IH D
unread	AH N R EH D
unreal	AH N R IY L
unreasonable	AH N R IY Z N AH B AH L
unregistered	AH N R EH JH IH S T ER D
unrelated	AH N R IH L EY T IH D
unresolved	AH N R IH Z AA L V D
unrestricted	AH N R IY S T R IH K T IH D
unsafe	AH N S EY F
unsecured	AH N S IH K Y UH R D
unseen	AH N S IY N
unsigned	AH N S AY N D
unsolicited	AH N S AH L IH S IH T IH D
unspecified	AH N S P EH S AH F AY D
unstable	AH N S T EY B AH L
unsubscribe	AH N S AH B S K R AY B
unsuccessful	AH N S AH K S EH S F AH L
unsupported	AH N S AH P AO R T IH D
unsure	AH N SH UH R
until	AH N T IH L
unto	AH N T UW
unused	AH N Y UW Z D
unusual	AH N Y UW ZH UW AH L
unusually	AH N Y UW ZH UW AH L IY
unveiled	AH N V EY L D
unveils	AH N V EY L Z
unwanted	AH N W AO N T IH D
unwilling	AH N W IH L IH NG
unwrap	AH N R AE P
upbeat	AH P B IY T
upcoming	AH P K AH M IH NG
update	AH P D EY T
updated	AH P D EY T IH D
updates	AH P D EY T S
updating	AH P D EY T IH NG
upgrade	AH P G R EY D
upgraded	AH P G R EY D IH D
upgrades	AH P G R EY D Z
upgrading	AH P G R EY D IH NG
upholstery	AH P OW L S T ER IY
upload	AH P L OW D
uploaded	AH P L OW D IH D
uploading	AH P L OW D IH NG
uploads	AH P L OW D Z
upon	AH P AA N
upper	AH P ER
upright	AH P R AY T
ups	AH P S
upscale	AH P S K EY L
upset	AH P S EH T
upside	AH P S AY D
upstairs	AH P S T EH R Z
upstream	AH P S T R IY M
uptake	AH P T EY K
uptown	AH P T AW N
upward	AH P W ER D
upwards	AH P W ER D Z
uranium	Y ER EY N IY AH M
urban	ER B AH N
urbana	ER B AE N AH
urbane	ER B EY N
urge	ER JH
urged	ER JH D
urgency	ER JH AH N S IY
urgent	ER JH AH N T
urges	ER JH AH Z
urging	ER JH IH NG
uri	Y ER IY
urinary	Y ER AH N EH R IY
urine	Y ER AH N
url	Y UW AA R EH L
urls	Y UW AA R EH L Z
urn	ER N
urology	Y ER AA L AH JH IY
uruguay	Y ER AH G W EY
usa	Y UW EH S EY
usable	Y UW Z AH B AH L
usage	Y UW S AH JH
usaid	Y UW EH S EY D
usb	Y UW EH S B IY
usda	Y UW EH S D IY EY
use	Y UW S
used	Y UW Z D
useful	Y UW S F AH L
usefulness	Y UW S F AH L N AH S
useless	Y UW S L AH S
usenet	Y UW Z N EH T
user	Y UW Z ER
username	Y UW Z ER N EY M
users	Y UW Z ER Z
uses	Y UW S AH Z
usher	AH SH ER
using	Y UW Z IH NG
uss	Y UW EH S EH S
ussr	Y UW EH S EH S AA R
usual	Y UW ZH AH W AH L
usually	Y UW ZH AH W AH L IY
utah	Y UW T AO
utensils	Y UW T EH N S AH L Z
utilities	Y UW T IH L AH T IY Z
utility	Y UW T IH L AH T IY
utilization	Y UW T AH L AH Z EY SH AH N
utilize	Y UW T AH L AY Z
utilized	Y UW T AH L AY Z D
utilizes	Y UW T AH L AY Z IH Z
utilizing	Y UW T AH L AY Z IH NG
utmost	AH T M OW S T
utopia	Y UW T OW P IY AH
utter	AH T ER
utterly	AH T ER L IY
uzbekistan	UW Z B EH K IH S T AE N
vacancies	V EY K AH N S IY Z
vacancy	V EY K AH N S IY
vacant	V EY K AH N T
vacation	V EY K EY SH AH N
vacations	V EY K EY SH AH N Z
vaccination	V AE K S AH N EY SH AH N
vaccine	V AE K S IY N
vaccines	V AE K S IY N Z
vacuum	V AE K Y UW M
vagina	V AH JH AY N AH
vaginal	V AH JH AY N AH L
vague	V EY G
vail	V EY L
vain	V EY N
val	V AE L
vale	V EY L
valencia	V AH L EH N S IY AH
valentine	V AE L AH N T AY N
valentines	V AE L AH N T AY N Z
valentino	V AE L AH N T IY N OW
valerie	V AE L ER IY
valet	V AE L EY
valiant	V AE L Y AH N T
valid	V AE L IH D
validate	V AE L AH D EY T
validated	V AE L AH D EY T IH D
validation	V AE L AH D EY SH AH N
validity	V AH L IH D AH T IY
valium	V EY L IY AH M
vallarta	V AE L AA R T AA
valley	V AE L IY
valleys	V AE L IY Z
valor	V AE L ER
valuable	V AE L Y AH B AH L
valuation	V AE L Y UW EY SH AH N
value	V AE L Y UW
valued	V AE L Y UW D
values	V AE L Y UW Z
valve	V AE L V
valves	V AE L V Z
vampire	V AE M P AY R
vampires	V AE M P AY R Z
van	V AE N
vance	V AE N S
vancouver	V AE N K UW V ER
vanderbilt	V AE N D ER B IH L T
vanessa	V AH N EH S AH
vanguard	V AE N G AA R D
vanilla	V AH N IH L AH
vanity	V AE N AH T IY
vans	V AE N Z
vantage	V AE N T AH JH
vanuatu	V AE N UW AA T UW
vapor	V EY P ER
variability	V EH R IY AH B IH L IH T IY
variable	V EH R IY AH B AH L
variables	V EH R IY AH B AH L Z
variance	V EH R IY AH N S
variant	V EH R IY AH N T
variants	V EH R IY AH N T S
variation	V EH R IY EY SH AH N
variations	V EH R IY EY SH AH N Z
varied	V EH R IY D
varies	V EH R IY Z
varieties	V ER AY AH T IY Z
variety	V ER AY AH T IY
various	V EH R IY AH S
varsity	V AA R S IH T IY
vary	V EH R IY
varying	V EH R IY IH NG
vascular	V AE S K Y AH L ER
vase	V EY S
vases	V EY S AH Z
vast	V AE S T
vat	V AE T
vatican	V AE T IH K AH N
vaughan	V AO N
vaughn	V AO N
vault	V AO L T
vaults	V AO L T S
vauxhall	V AA K S HH AO L
vector	V EH K T ER
vectors	V EH K T ER Z
veer	V IH R
vega	V EY G AH
vegan	V EH G AH N
vegas	V EY G AH S
vegetable	V EH JH T AH B AH L
vegetables	V EH JH T AH B AH L Z
vegetarian	V EH JH AH T EH R IY AH N
vegetation	V EH JH AH T EY SH AH N
vehicle	V IY HH IH K AH L
vehicles	V IY HH IH K AH L Z
veil	V EY L
vein	V EY N
veins	V EY N Z
vela	V EH L AH
velcro	V EH L K R OW
velocity	V AH L AA S AH T IY
velvet	V EH L V AH T
vending	V EH N D IH NG
vendor	V EH N D ER
vendors	V EH N D ER Z
venetian	V AH N IY SH AH N
venezuela	V EH N IH Z W EY L AH
vengeance	V EH N JH AH N S
venice	V EH N AH S
venom	V EH N AH M
vent	V EH N T
ventilation	V EH N T AH L EY SH AH N
ventricular	V EH N T R IH K Y UW L ER
ventura	V EH N CH ER AH
venture	V EH N CH ER
ventures	V EH N CH ER Z
venue	V EH N Y UW
venues	V EH N UW Z
venus	V IY N AH S
ver	V ER
vera	V EH R AH
veranda	V ER AE N D AH
verb	V ER B
verbal	V ER B AH L
verbatim	V ER B EY T AH M
verbs	V ER B Z
verdant	V ER D AH N T
verde	V ER D IY
verdict	V ER D IH K T
verge	V ER JH
verification	V EH R AH F AH K EY SH AH N
verified	V EH R AH F AY D
verify	V EH R AH F AY
verifying	V EH R AH F AY IH NG
verizon	V EH R AY Z AH N
verlag	V ER L AE G
vermont	V ER M AA N T
vernal	V ER N AH L
vernon	V ER N AH N
verona	V ER OW N AH
veronica	V ER AA N IH K AH
versa	V ER S AH
versace	V ER S AA CH EY
versatile	V ER S AH T AH L
verse	V ER S
verses	V ER S AH Z
version	V ER ZH AH N
versions	V ER ZH AH N Z
versus	V ER S AH S
vertex	V ER T EH K S
vertical	V ER T IH K AH L
vertically	V ER T IH K L IY
vertices	V ER T IH S IY Z
verve	V ER V
very	V EH R IY
vessel	V EH S AH L
vessels	V EH S AH L Z
vest	V EH S T
vesta	V EH S T AH
vested	V EH S T IH D
vestibule	V EH S T IH B Y UW L
vests	V EH S T S
vet	V EH T
veteran	V EH T ER AH N
veterans	V EH T ER AH N Z
veterinary	V EH T R AH N EH R IY
veto	V IY T OW
vets	V EH T S
via	V AY AH
viability	V AY AH B IH L AH T IY
viable	V AY AH B AH L
viaduct	V AY AH D AH K T
viagra	V IY AE G R AH
vibe	V AY B
vibrant	V AY B R AH N T
vibrating	V AY B R EY T IH NG
vibration	V AY B R EY SH AH N
vibrator	V AY B R EY T ER
vibrators	V AY B R EY T ER Z
vic	V IH K
vice	V AY S
vicinity	V AH S IH N AH T IY
vicious	V IH SH AH S
vicki	V IH K IY
victim	V IH K T AH M
victims	V IH K T AH M Z
victor	V IH K T ER
victoria	V IH K T AO R IY AH
victorian	V IH K T AO R IY AH N
victories	V IH K T ER IY Z
victory	V IH K T ER IY
vida	V AY D AH
video	V IH D IY OW
videos	V IH D IY OW Z
videotape	V IH D IY OW T EY P
vie	V AY
vienna	V IY EH N AH
viet	V IY EH T
vietnam	V IY EH T N AA M
vietnamese	V IY EH T N AA M IY S
view	V Y UW
viewed	V Y UW D
viewer	V Y UW ER
viewers	V Y UW ER Z
viewing	V Y UW IH NG
viewpoint	V Y UW P OY N T
viewpoints	V Y UW P OY N T S
views	V Y UW Z
vigor	V IH G ER
vigorous	V IH G ER AH S
viking	V AY K IH NG
vikings	V AY K IH NG Z
villa	V IH L AH
village	V IH L AH JH
villagers	V IH L IH JH ER Z
villages	V IH L AH JH AH Z
villas	V IH L AH Z
ville	V IH L
vim	V IH M
vin	V IH N
vince	V IH N S
vincent	V IH N S AH N T
vinci	V IH N S IY
vine	V AY N
vinegar	V IH N AH G ER
vines	V AY N Z
vineyard	V IH N Y ER D
vineyards	V IH N Y ER D Z
vintage	V IH N T IH JH
vinyl	V AY N AH L
viola	V AY OW L AH
violate	V AY AH L EY T
violated	V AY AH L EY T IH D
violates	V AY AH L EY T S
violating	V AY AH L EY T IH NG
violation	V AY AH L EY SH AH N
violations	V AY AH L EY SH AH N Z
violence	V AY AH L AH N S
violent	V AY AH L AH N T
violet	V AY AH L IH T
violin	V AY AH L IH N
vip	V IY AY P IY
viper	V AY P ER
viral	V AY R AH L
virgin	V ER JH IH N
virginia	V ER JH IH N Y AH
virgins	V ER JH AH N Z
virtual	V ER CH UW AH L
virtually	V ER CH UW AH L IY
virtue	V ER CH UW
virtues	V ER CH UW Z
virus	V AY R AH S
viruses	V AY R AH S AH Z
vis	V IH S
visa	V IY Z AH
visas	V IY Z AH Z
visibility	V IH Z AH B IH L IH T IY
visible	V IH Z AH B AH L
vision	V IH ZH AH N
visionary	V IH ZH AH N EH R IY
visions	V IH ZH AH N Z
visit	V IH Z IH T
visitation	V IH Z IH T EY SH AH N
visited	V IH Z IH T IH D
visiting	V IH Z IH T IH NG
visitor	V IH Z IH T ER
visitors	V IH Z IH T ER Z
visits	V IH Z IH T S
visor	V AY Z ER
vista	V IH S T AH
visual	V IH ZH AH W AH L
visually	V IH ZH W AH L IY
vita	V AY T AH
vitae	V AY T AH
vital	V AY T AH L
vitality	V AY T AE L AH T IY
vitamin	V AY T AH M AH N
vitamins	V AY T AH M AH N Z
vitro	V IH T R OW
viva	V IY V AH
vivian	V IH V IY AH N
vivid	V IH V AH D
vivo	V IY V OW
vladimir	V L AE D AH M IH R
vocabulary	V OW K AE B Y AH L EH R IY
vocal	V OW K AH L
vocals	V OW K AH L Z
vocational	V OW K EY SH AH N AH L
vodafone	V OW D AH F OW N
vodka	V AA D K AH
vogue	V OW G
voice	V OY S
voicemail	V OY S M EY L
voices	V OY S AH Z
void	V OY D
volatile	V AA L AH T AH L
volatility	V AA L AH T IH L AH T IY
volcanic	V AA L K AE N IH K
volcano	V AA L K EY N OW
volkswagen	V OW L K S W AE G AH N
volleyball	V AA L IY B AO L
volt	V OW L T
voltage	V OW L T AH JH
volts	V OW L T S
volume	V AA L Y UW M
volumes	V AA L Y UW M Z
voluntarily	V AA L AH N T EH R AH L IY
voluntary	V AA L AH N T EH R IY
volunteer	V AA L AH N T IH R
volunteering	V AO L AH N T IH R IH NG
volunteers	V AA L AH N T IH R Z
volvo	V OW L V OW
vomiting	V AA M AH T IH NG
von	V AO N
voodoo	V UW D UW
vortex	V AO R T EH K S
vos	V AA S
vote	V OW T
voted	V OW T IH D
voter	V OW T ER
voters	V OW T ER Z
votes	V OW T S
voting	V OW T IH NG
voucher	V AW CH ER
vouchers	V AW CH ER Z
vous	V UW
vows	V AW Z
vox	V AA K S
voyage	V OY AH JH
voyager	V OY AH JH ER
voyer	V OY ER
voyeur	V OY Y UW R
vuitton	V UH T AO N
vulnerable	V AH L N ER AH B AH L
wacky	W AE K IY
waco	W EY K OW
wade	W EY D
wage	W EY JH
wagering	W EY JH ER IH NG
wages	W EY JH AH Z
wagner	W AE G N ER
wagon	W AE G AH N
wai	W AY
waist	W EY S T
wait	W EY T
waited	W EY T IH D
waiting	W EY T IH NG
waits	W EY T S
waive	W EY V
waived	W EY V D
waiver	W EY V ER
wake	W EY K
wakefield	W EY K F IY L D
waking	W EY K IH NG
wal	W AO L
walden	W AO L D AH N
wales	W EY L Z
walk	W AO K
walked	W AO K T
walker	W AO K ER
walking	W AO K IH NG
walkman	W AO K M AE N
walks	W AO K S
wall	W AO L
wallace	W AO L AH S
wallet	W AO L AH T
wallets	W AO L AH T S
wallis	W AO L IH S
wallpaper	W AO L P EY P ER
wallpapers	W AO L P EY P ER Z
walls	W AO L Z
walmart	W AO L M AA R T
walnut	W AO L N AH T
walsh	W AO L SH
walt	W AO L T
walter	W AO L T ER
walters	W AO L T ER Z
waltham	W AO L TH AH M
walton	W AO L T AH N
waltz	W AO L T S
wan	W AA N
wand	W AA N D
wander	W AA N D ER
wandering	W AA N D ER IH NG
wang	W AE NG
wanna	W AA N AH
want	W AA N T
wanted	W AO N T IH D
wanting	W AA N T IH NG
wants	W AA N T S
war	W AO R
warcraft	W AO R K R AE F T
ward	W AO R D
wardrobe	W AO R D R OW B
wards	W AO R D Z
ware	W EH R
warehouse	W EH R HH AW S
warehouses	W EH R HH AW Z IH Z
warehousing	W EH R HH AW Z IH NG
warez	W EH R Z
warfare	W AO R F EH R
warm	W AO R M
warmer	W AO R M ER
warming	W AO R M IH NG
warmth	W AO R M TH
warn	W AO R N
warned	W AO R N D
warner	W AO R N ER
warning	W AO R N IH NG
warnings	W AO R N IH NG Z
warns	W AO R N Z
warp	W AO R P
warrant	W AO R AH N T
warranted	W AO R AH N T IH D
warranties	W AO R AH N T IY Z
warrants	W AO R AH N T S
warranty	W AO R AH N T IY
warren	W AO R AH N
warrior	W AO R IY ER
warriors	W AO R IY ER Z
wars	W AO R Z
warsaw	W AO R S AO
warwick	W AO R W IH K
was	W AA Z
wash	W AA SH
washable	W AA SH AH B AH L
washed	W AA SH T
washer	W AA SH ER
washers	W AA SH ER Z
washing	W AA SH IH NG
washington	W AA SH IH NG T AH N
waste	W EY S T
wasted	W EY S T IH D
wastes	W EY S T S
wastewater	W EY S T W AO T ER
wasting	W EY S T IH NG
wat	W AO T
watch	W AA CH
watchdog	W AA CH D AO G
watched	W AA CH T
watchers	W AA CH ER Z
watches	W AA CH AH Z
watching	W AA CH IH NG
water	W AO T ER
watercolor	W AO T ER K AH L ER
waterfall	W AO T ER F AO L
waterford	W AO T ER F ER D
waterfront	W AO T ER F R AH N T
watering	W AO T ER IH NG
waterloo	W AO T ER L UW
waterproof	W AO T ER P R UW F
waters	W AO T ER Z
watershed	W AO T ER SH EH D
watertown	W AO T ER T AW N
waterways	W AO T ER W EY Z
watkins	W AA T K IH N Z
watson	W AA T S AH N
watt	W AA T
watts	W AA T S
wave	W EY V
waveform	W EY V F AO R M
wavelength	W EY V L EH NG TH
waves	W EY V Z
wax	W AE K S
way	W EY
wayne	W EY N
ways	W EY Z
weak	W IY K
weaker	W IY K ER
weakness	W IY K N AH S
weaknesses	W IY K N AH S AH Z
wealth	W EH L TH
wealthy	W EH L TH IY
weapon	W EH P AH N
weapons	W EH P AH N Z
wear	W EH R
wearing	W EH R IH NG
wears	W EH R Z
weary	W IH R IY
weather	W EH DH ER
weave	W IY V
weaver	W IY V ER
weaving	W IY V IH NG
web	W EH B
webb	W EH B
weber	W EH B ER
webinar	W EH B IH N ER
webmaster	W EH B M AE S T ER
webmasters	W EH B M AE S T ER Z
webpage	W EH B P IH JH
webs	W EH B Z
website	W EH B S AY T
websites	W EH B S AY T S
webster	W EH B S T ER
wed	W EH D
wedding	W EH D IH NG
weddings	W EH D IH NG Z
wedge	W EH JH
wednesday	W EH N Z D IY
wednesdays	W EH N Z D EY Z
wee	W IY
weed	W IY D
weeds	W IY D Z
week	W IY K
weekday	W IY K D EY
weekend	W IY K EH N D
weekends	W IY K EH N D Z
weekly	W IY K L IY
weeks	W IY K S
wei	W EY
weigh	W EY
weighed	W EY D
weighing	W EY IH NG
weighs	W EY Z
weight	W EY T
weighted	W EY T IH D
weighting	W EY T IH NG
weights	W EY T S
weir	W IY R
weird	W IH R D
weiss	W AY S
welch	W EH L CH
welcome	W EH L K AH M
welcomed	W EH L K AH M D
welcomes	W EH L K AH M Z
welcoming	W EH L K AH M IH NG
weld	W EH L D
welding	W EH L D IH NG
welfare	W EH L F EH R
well	W EH L
wellington	W EH L IH NG T AH N
wellness	W EH L N AH S
wells	W EH L Z
welsh	W EH L CH
wen	W EH N
wendy	W EH N D IY
went	W EH N T
were	W ER
werner	W ER N ER
wes	W EH S
wesley	W EH S L IY
wesleyan	W EH Z L IY AH N
west	W EH S T
westchester	W EH S T CH EH S T ER
western	W EH S T ER N
westerns	W EH S T ER N Z
westfield	W EH S T F IY L D
westin	W EH S T IH N
westlife	W EH S T L AY F
westminster	W EH S T M IH N S T ER
weston	W EH S T AH N
westport	W EH S T P AO R T
westwood	W EH S T W UH D
wet	W EH T
wetland	W EH T L AE N D
wetlands	W EH T L AE N D Z
weymouth	W EY M AH TH
whale	W EY L
whales	W EY L Z
wharf	W AO R F
what	W AH T
whatever	W AH T EH V ER
whats	W AH T S
whatsoever	W AH T S OW EH V ER
wheat	W IY T
wheaton	W IY T AH N
wheel	W IY L
wheelchair	W IY L CH EH R
wheeled	W IY L D
wheeler	W IY L ER
wheels	W IY L Z
when	W EH N
whenever	W EH N EH V ER
where	W EH R
whereas	W EH R AE Z
whereby	W EH R B AY
wherein	W EH R IH N
wherever	W EH R EH V ER
whet	W EH T
whether	W EH DH ER
which	W IH CH
whichever	W IH CH EH V ER
while	W AY L
whilst	W AY L S T
whip	W IH P
whipped	W IH P T
whipping	W IH P IH NG
whirlpool	W ER L P UW L
whiskey	W IH S K IY
whisky	W IH S K IY
whisper	W IH S P ER
whispered	W IH S P ER D
whistle	W IH S AH L
whistler	W IH S L ER
white	W AY T
whites	W AY T S
whitewater	W AY T W AO T ER
whitman	W IH T M AH N
whitney	W IH T N IY
who	HH UW
whoever	HH UW EH V ER
whole	HH OW L
wholesale	HH OW L S EY L
wholesaler	HH OW L S EY L ER
wholesalers	HH OW L S EY L ER Z
wholly	HH OW L IY
whom	HH UW M
whore	HH AO R
whores	HH AO R Z
whose	HH UW Z
why	W AY
wichita	W IH CH AH T AO
wick	W IH K
wicked	W IH K AH D
wicker	W IH K ER
wide	W AY D
widely	W AY D L IY
widening	W AY D AH N IH NG
wider	W AY D ER
widespread	W AY D S P R EH D
widest	W AY D AH S T
widget	W IH JH IH T
widgets	W IH JH IH T S
widow	W IH D OW
width	W IH D TH
wien	W IY N
wife	W AY F
wifi	W AY F AY
wig	W IH G
wight	W AY T
wigs	W IH G Z
wiki	W IH K IY
wikipedia	W IH K IY P IY D IY AH
wil	W IH L
wilcox	W IH L K AA K S
wild	W AY L D
wildcats	W AY L D K AE T S
wilde	W AY L D
wilder	W AY L D ER
wilderness	W IH L D ER N AH S
wildlife	W AY L D L AY F
wiley	W AY L IY
wilhelm	W IH L HH EH L M
wilkes	W IH L K S
wilkins	W IH L K IH N Z
wilkinson	W IH L K AH N S AH N
will	W IH L
willard	W IH L ER D
william	W IH L Y AH M
williams	W IH L Y AH M Z
williamsburg	W IH L Y AH M Z B ER G
williamson	W IH L Y AH M S AH N
willie	W IH L IY
willing	W IH L IH NG
willingness	W IH L IH NG N AH S
willis	W IH L IH S
willow	W IH L OW
wills	W IH L Z
willy	W IH L IY
wilmington	W IH L M IH NG T AH N
wilson	W IH L S AH N
wilton	W IH L T AH N
wiltshire	W IH L CH AY R
wimbledon	W IH M B AH L D AH N
win	W IH N
winch	W IH N CH
winchester	W IH N CH EH S T ER
wind	W AY N D
winding	W AY N D IH NG
window	W IH N D OW
windows	W IH N D OW Z
winds	W IH N D Z
windshield	W IH N D SH IY L D
windsor	W IH N Z ER
windy	W IH N D IY
wine	W AY N
winery	W AY N ER IY
wines	W AY N Z
wing	W IH NG
winged	W IH NG D
wings	W IH NG Z
wink	W IH NG K
winner	W IH N ER
winners	W IH N ER Z
winnie	W IH N IY
winning	W IH N IH NG
winnipeg	W IH N IH P AH G
wins	W IH N Z
winston	W IH N S T AH N
winter	W IH N T ER
winters	W IH N T ER Z
wipe	W AY P
wire	W AY ER
wired	W AY ER D
wireless	W AY R L IH S
wires	W AY ER Z
wiring	W AY R IH NG
wisconsin	W IH S K AA N S AH N
wisdom	W IH Z D AH M
wise	W AY Z
wisely	W AY Z L IY
wish	W IH SH
wished	W IH SH T
wishes	W IH SH IH Z
wishing	W IH SH IH NG
wishlist	W IH SH L IH S T
wit	W IH T
witch	W IH CH
witches	W IH CH AH Z
with	W IH DH
withdraw	W IH DH D R AO
withdrawal	W IH DH D R AO AH L
withdrawn	W IH TH D R AO N
withheld	W IH TH HH EH L D
withholding	W IH TH HH OW L D IH NG
within	W IH DH IH N
without	W IH TH AW T
withstand	W IH TH S T AE N D
witness	W IH T N AH S
witnessed	W IH T N AH S T
witnesses	W IH T N AH S AH Z
witty	W IH T IY
wives	W AY V Z
wizard	W IH Z ER D
wizards	W IH Z ER D Z
woes	W OW Z
woke	W OW K
wolf	W UH L F
wolfe	W UH L F
wolfgang	W UH L F G AE NG
wolves	W UH L V Z
woman	W UH M AH N
women	W IH M AH N
won	W AH N
wonder	W AH N D ER
wondered	W AH N D ER D
wonderful	W AH N D ER F AH L
wonderfully	W AH N D ER F AH L IY
wondering	W AH N D ER IH NG
wonderland	W AH N D ER L AE N D
wonders	W AH N D ER Z
wondrous	W AH N D R AH S
wong	W AO NG
wont	W OW N T
woo	W UW
wood	W UH D
wooden	W UH D AH N
woodland	W UH D L AE N D
woodlands	W UH D L AE N D Z
woods	W UH D Z
woodstock	W UH D S T AA K
woodward	W UH D W AO R D
woodworking	W UH D W ER K IH NG
woody	W UH D IY
wool	W UH L
worcester	W UH S T ER
word	W ER D
wording	W ER D IH NG
wordpress	W ER D P R IH S
words	W ER D Z
wore	W AO R
work	W ER K
workaround	W ER K ER AW N D
workbook	W ER K B UH K
worked	W ER K T
worker	W ER K ER
workers	W ER K ER Z
workflow	W ER K F L OW
workforce	W ER K F AO R S
workgroup	W ER K G R UW P
working	W ER K IH NG
workload	W ER K L OW D
workout	W ER K AW T
workplace	W ER K P L EY S
works	W ER K S
worksheet	W ER K SH IY T
worksheets	W ER K SH IY T S
workshop	W ER K SH AA P
workshops	W ER K SH AA P S
workspace	W ER K S P EY S
workstation	W ER K S T EY SH AH N
workstations	W ER K S T EY SH AH N Z
world	W ER L D
worlds	W ER L D Z
worldwide	W ER L D W AY D
worm	W ER M
worms	W ER M Z
worn	W AO R N
worried	W ER IY D
worries	W ER IY Z
worry	W ER IY
worrying	W ER IY IH NG
worse	W ER S
worship	W ER SH AH P
worst	W ER S T
worth	W ER TH
worthwhile	W ER TH W AY L
worthy	W ER DH IY
would	W UH D
wound	W AW N D
wounded	W UW N D IH D
wounds	W UW N D Z
woven	W OW V AH N
wow	W AW
wrap	R AE P
wrapped	R AE P T
wrapper	R AE P ER
wrapping	R AE P IH NG
wraps	R AE P S
wrath	R AE TH
wreath	R IY TH
wreck	R EH K
wrench	R EH N CH
wrestling	R EH S L IH NG
wretch	R EH CH
wright	R AY T
wrist	R IH S T
writ	R IH T
write	R AY T
writer	R AY T ER
writers	R AY T ER Z
writes	R AY T S
writing	R AY T IH NG
writings	R AY T IH NG Z
written	R IH T AH N
wrong	R AO NG
wrongful	R AO NG F AH L
wrote	R OW T
wrought	R AO T
wyatt	W AY AH T
wyndham	W IH N D AH M
wyoming	W AY OW M IH NG
xanax	Z AE N AE K S
xavier	Z EY V Y ER
xbox	EH K S B AA K S
xenon	Z IY N AA N
xerox	Z IH R AA K S
xml	EH K S EH M EH L
yacht	Y AA T
yachts	Y AA T S
yahoo	Y AA HH UW
yakima	Y AE K IH M AH
yale	Y EY L
yamaha	Y AA M AA HH AA
yan	Y AE N
yang	Y AE NG
yankee	Y AE NG K IY
yankees	Y AE NG K IY Z
yard	Y AA R D
yards	Y AA R D Z
yarn	Y AA R N
yates	Y EY T S
yay	Y EY
yea	Y EY
yeah	Y AE
year	Y IH R
yearbook	Y IH R B UH K
yearly	Y IH R L IY
years	Y IH R Z
yeast	Y IY S T
yell	Y EH L
yellow	Y EH L OW
yellowstone	Y EH L OW S T OW N
yemen	Y EH M AH N
yen	Y EH N
yep	Y EH P
yer	Y ER
yes	Y EH S
yesterday	Y EH S T ER D EY
yet	Y EH T
yew	Y UW
yield	Y IY L D
yielded	Y IY L D IH D
yielding	Y IY L D IH NG
yields	Y IY L D Z
yin	Y IH N
yoga	Y OW G AH
yogurt	Y OW G ER T
york	Y AO R K
yorker	Y AO R K ER
yorkshire	Y AO R K SH ER
yosemite	Y OW S EH M IH T IY
you	Y UW
young	Y AH NG
younger	Y AH NG G ER
youngest	Y AH NG G AH S T
your	Y AO R
yours	Y UH R Z
yourself	Y ER S EH L F
yourselves	Y UH R S EH L V Z
youth	Y UW TH
youthful	Y UW TH F AH L
youths	Y UW DH Z
yuan	Y UW AA N
yugoslav	Y UW G OW S L AA V
yugoslavia	Y UW G OW S L AA V IY AH
yukon	Y UW K AA N
yum	Y AH M
yummy	Y AH M IY
yup	Y AH P
yves	IY V
zach	Z AE K
zaire	Z AY IH R
zambia	Z AE M B IY AH
zap	Z AE P
zealand	Z IY L AH N D
zealous	Z EH L AH S
zebra	Z IY B R AH
zelda	Z EH L D AH
zen	Z EH N
zenith	Z IY N AH TH
zephyr	Z EH F ER
zeppelin	Z EH P IH L IH N
zero	Z IH R OW
zest	Z EH S T
zeta	Z EY T AH
zhang	ZH AE NG
ziff	Z IH F
zimbabwe	Z IH M B AA B W EY
zinc	Z IH NG K
zine	Z AY N
zing	Z IH NG
zion	Z AY AH N
zip	Z IH P
zipper	Z IH P ER
zippy	Z IH P IY
zircon	Z ER K AH N
zodiac	Z OW D IY AE K
zoe	Z OW IY
zoloft	Z AA L AA F T
zombie	Z AA M B IY
zone	Z OW N
zones	Z OW N Z
zoning	Z OW N IH NG
zoo	Z UW
zoology	Z OW AA L AH JH IY
zoom	Z UW M
zurich	Z UH R IH K
